<annotation><filename>002a55fb-7a3d-4a3a-aca8-ce2d5ebc6925___RS_Early.B 8170.jpg</filename><size><width>224</width><height>224</height><depth>3</depth></size><object><name>disease</name><bndbox><xmin>92</xmin><ymin>125</ymin><xmax>127</xmax><ymax>162</ymax></bndbox></object><object><name>disease</name><bndbox><xmin>57</xmin><ymin>38</ymin><xmax>86</xmax><ymax>61</ymax></bndbox></object><object><name>disease</name><bndbox><xmin>132</xmin><ymin>109</ymin><xmax>169</xmax><ymax>142</ymax></bndbox></object><object><name>disease</name><bndbox><xmin>100</xmin><ymin>161</ymin><xmax>133</xmax><ymax>191</ymax></bndbox></object><object><name>disease</name><bndbox><xmin>99</xmin><ymin>57</ymin><xmax>144</xmax><ymax>105</ymax></bndbox></object><object><name>disease</name><bndbox><xmin>135</xmin><ymin>190</ymin><xmax>168</xmax><ymax>213</ymax></bndbox></object><object><name>disease</name><bndbox><xmin>99</xmin><ymin>90</ymin><xmax>120</xmax><ymax>119</ymax></bndbox></object><object><name>disease</name><bndbox><xmin>32</xmin><ymin>132</ymin><xmax>60</xmax><ymax>157</ymax></bndbox></object><object><name>disease</name><bndbox><xmin>75</xmin><ymin>101</ymin><xmax>87</xmax><ymax>119</ymax></bndbox></object><object><name>disease</name><bndbox><xmin>91</xmin><ymin>124</ymin><xmax>138</xmax><ymax>186</ymax></bndbox></object></annotation>