<annotation><filename>00b1f292-23dd-44d4-aad3-c1ffb6a6ad5a___RS_LB 4479.jpg</filename><size><width>224</width><height>224</height><depth>3</depth></size><object><name>disease</name><bndbox><xmin>41</xmin><ymin>115</ymin><xmax>112</xmax><ymax>195</ymax></bndbox></object><object><name>disease</name><bndbox><xmin>62</xmin><ymin>105</ymin><xmax>78</xmax><ymax>121</ymax></bndbox></object><object><name>disease</name><bndbox><xmin>114</xmin><ymin>158</ymin><xmax>134</xmax><ymax>174</ymax></bndbox></object><object><name>disease</name><bndbox><xmin>131</xmin><ymin>147</ymin><xmax>157</xmax><ymax>169</ymax></bndbox></object><object><name>disease</name><bndbox><xmin>43</xmin><ymin>122</ymin><xmax>78</xmax><ymax>169</ymax></bndbox></object><object><name>disease</name><bndbox><xmin>112</xmin><ymin>23</ymin><xmax>153</xmax><ymax>43</ymax></bndbox></object><object><name>disease</name><bndbox><xmin>71</xmin><ymin>152</ymin><xmax>109</xmax><ymax>190</ymax></bndbox></object></annotation>