<annotation>
	<folder>my-project-name</folder>
	<filename>00d8f10f-5038-4e0f-bb58-0b885ddc0cc5___RS_Early.B 8722.jpg</filename>
	<path>/my-project-name/00d8f10f-5038-4e0f-bb58-0b885ddc0cc5___RS_Early.B 8722.jpg</path>
	<source>
		<database>Unspecified</database>
	</source>
	<size>
		<width>224</width>
		<height>224</height>
		<depth>3</depth>
	</size>
	<object>
		<name>early_blight</name>
		<pose>Unspecified</pose>
		<truncated>0</truncated>
		<difficult>0</difficult>
		<bndbox>
			<xmin>118</xmin>
			<ymin>109</ymin>
			<xmax>139</xmax>
			<ymax>136</ymax>
		</bndbox>
	</object>
	<object>
		<name>early_blight</name>
		<pose>Unspecified</pose>
		<truncated>0</truncated>
		<difficult>0</difficult>
		<bndbox>
			<xmin>148</xmin>
			<ymin>92</ymin>
			<xmax>167</xmax>
			<ymax>116</ymax>
		</bndbox>
	</object>
	<object>
		<name>early_blight</name>
		<pose>Unspecified</pose>
		<truncated>0</truncated>
		<difficult>0</difficult>
		<bndbox>
			<xmin>162</xmin>
			<ymin>114</ymin>
			<xmax>178</xmax>
			<ymax>136</ymax>
		</bndbox>
	</object>
	<object>
		<name>early_blight</name>
		<pose>Unspecified</pose>
		<truncated>0</truncated>
		<difficult>0</difficult>
		<bndbox>
			<xmin>183</xmin>
			<ymin>119</ymin>
			<xmax>201</xmax>
			<ymax>136</ymax>
		</bndbox>
	</object>
	<object>
		<name>early_blight</name>
		<pose>Unspecified</pose>
		<truncated>0</truncated>
		<difficult>0</difficult>
		<bndbox>
			<xmin>22</xmin>
			<ymin>76</ymin>
			<xmax>38</xmax>
			<ymax>96</ymax>
		</bndbox>
	</object>
	<object>
		<name>early_blight</name>
		<pose>Unspecified</pose>
		<truncated>0</truncated>
		<difficult>0</difficult>
		<bndbox>
			<xmin>63</xmin>
			<ymin>106</ymin>
			<xmax>79</xmax>
			<ymax>120</ymax>
		</bndbox>
	</object>
	<object>
		<name>early_blight</name>
		<pose>Unspecified</pose>
		<truncated>0</truncated>
		<difficult>0</difficult>
		<bndbox>
			<xmin>49</xmin>
			<ymin>165</ymin>
			<xmax>63</xmax>
			<ymax>176</ymax>
		</bndbox>
	</object>
</annotation>