<annotation><filename>01a8cc9f-074a-4866-87c8-bb5a9e3895b4___RS_LB 2968.jpg</filename><size><width>224</width><height>224</height><depth>3</depth></size><object><name>disease</name><bndbox><xmin>140</xmin><ymin>55</ymin><xmax>200</xmax><ymax>175</ymax></bndbox></object><object><name>disease</name><bndbox><xmin>120</xmin><ymin>56</ymin><xmax>204</xmax><ymax>112</ymax></bndbox></object><object><name>disease</name><bndbox><xmin>123</xmin><ymin>66</ymin><xmax>154</xmax><ymax>106</ymax></bndbox></object></annotation>