<annotation><filename>01ad74ce-eb28-42c7-9204-778d17cfd45c___RS_LB 2669.jpg</filename><size><width>224</width><height>224</height><depth>3</depth></size><object><name>disease</name><bndbox><xmin>28</xmin><ymin>85</ymin><xmax>86</xmax><ymax>171</ymax></bndbox></object><object><name>disease</name><bndbox><xmin>27</xmin><ymin>12</ymin><xmax>132</xmax><ymax>196</ymax></bndbox></object><object><name>disease</name><bndbox><xmin>50</xmin><ymin>18</ymin><xmax>108</xmax><ymax>116</ymax></bndbox></object></annotation>