<annotation><filename>0518 (1).jpg</filename><size><width>224</width><height>224</height><depth>3</depth></size><object><name>disease</name><bndbox><xmin>146</xmin><ymin>89</ymin><xmax>169</xmax><ymax>103</ymax></bndbox></object><object><name>disease</name><bndbox><xmin>0</xmin><ymin>86</ymin><xmax>10</xmax><ymax>100</ymax></bndbox></object><object><name>disease</name><bndbox><xmin>160</xmin><ymin>106</ymin><xmax>176</xmax><ymax>124</ymax></bndbox></object><object><name>disease</name><bndbox><xmin>28</xmin><ymin>85</ymin><xmax>62</xmax><ymax>102</ymax></bndbox></object><object><name>disease</name><bndbox><xmin>65</xmin><ymin>114</ymin><xmax>105</xmax><ymax>143</ymax></bndbox></object><object><name>disease</name><bndbox><xmin>181</xmin><ymin>93</ymin><xmax>207</xmax><ymax>106</ymax></bndbox></object></annotation>