<annotation><filename>0a0744dc-8486-4fbb-a44b-4d63e6db6197___RS_Early.B 7575.jpg</filename><size><width>224</width><height>224</height><depth>3</depth></size><object><name>disease</name><bndbox><xmin>28</xmin><ymin>169</ymin><xmax>58</xmax><ymax>196</ymax></bndbox></object><object><name>disease</name><bndbox><xmin>85</xmin><ymin>60</ymin><xmax>112</xmax><ymax>87</ymax></bndbox></object><object><name>disease</name><bndbox><xmin>133</xmin><ymin>100</ymin><xmax>153</xmax><ymax>117</ymax></bndbox></object><object><name>disease</name><bndbox><xmin>48</xmin><ymin>139</ymin><xmax>81</xmax><ymax>169</ymax></bndbox></object><object><name>disease</name><bndbox><xmin>192</xmin><ymin>77</ymin><xmax>208</xmax><ymax>94</ymax></bndbox></object><object><name>disease</name><bndbox><xmin>183</xmin><ymin>8</ymin><xmax>206</xmax><ymax>32</ymax></bndbox></object><object><name>disease</name><bndbox><xmin>59</xmin><ymin>85</ymin><xmax>113</xmax><ymax>117</ymax></bndbox></object><object><name>disease</name><bndbox><xmin>123</xmin><ymin>132</ymin><xmax>150</xmax><ymax>146</ymax></bndbox></object><object><name>disease</name><bndbox><xmin>82</xmin><ymin>133</ymin><xmax>95</xmax><ymax>145</ymax></bndbox></object><object><name>disease</name><bndbox><xmin>52</xmin><ymin>116</ymin><xmax>64</xmax><ymax>134</ymax></bndbox></object><object><name>disease</name><bndbox><xmin>130</xmin><ymin>21</ymin><xmax>163</xmax><ymax>37</ymax></bndbox></object><object><name>disease</name><bndbox><xmin>34</xmin><ymin>123</ymin><xmax>45</xmax><ymax>135</ymax></bndbox></object></annotation>