<annotation><filename>0a47f32c-1724-4c8d-bfe4-986cedd3587b___RS_Early.B 8001.jpg</filename><size><width>224</width><height>224</height><depth>3</depth></size><object><name>disease</name><bndbox><xmin>110</xmin><ymin>80</ymin><xmax>145</xmax><ymax>105</ymax></bndbox></object><object><name>disease</name><bndbox><xmin>56</xmin><ymin>55</ymin><xmax>95</xmax><ymax>83</ymax></bndbox></object><object><name>disease</name><bndbox><xmin>162</xmin><ymin>99</ymin><xmax>191</xmax><ymax>123</ymax></bndbox></object><object><name>disease</name><bndbox><xmin>142</xmin><ymin>155</ymin><xmax>177</xmax><ymax>177</ymax></bndbox></object><object><name>disease</name><bndbox><xmin>64</xmin><ymin>137</ymin><xmax>90</xmax><ymax>159</ymax></bndbox></object><object><name>disease</name><bndbox><xmin>52</xmin><ymin>189</ymin><xmax>85</xmax><ymax>206</ymax></bndbox></object><object><name>disease</name><bndbox><xmin>106</xmin><ymin>130</ymin><xmax>121</xmax><ymax>145</ymax></bndbox></object><object><name>disease</name><bndbox><xmin>144</xmin><ymin>56</ymin><xmax>157</xmax><ymax>69</ymax></bndbox></object><object><name>disease</name><bndbox><xmin>155</xmin><ymin>72</ymin><xmax>170</xmax><ymax>84</ymax></bndbox></object><object><name>disease</name><bndbox><xmin>15</xmin><ymin>136</ymin><xmax>51</xmax><ymax>163</ymax></bndbox></object><object><name>disease</name><bndbox><xmin>45</xmin><ymin>164</ymin><xmax>66</xmax><ymax>179</ymax></bndbox></object></annotation>