<annotation><filename>0a6983a5-895e-4e68-9edb-88adf79211e9___RS_Early.B 9072.jpg</filename><size><width>224</width><height>224</height><depth>3</depth></size><object><name>disease</name><bndbox><xmin>55</xmin><ymin>58</ymin><xmax>92</xmax><ymax>94</ymax></bndbox></object><object><name>disease</name><bndbox><xmin>127</xmin><ymin>94</ymin><xmax>161</xmax><ymax>123</ymax></bndbox></object><object><name>disease</name><bndbox><xmin>16</xmin><ymin>58</ymin><xmax>38</xmax><ymax>78</ymax></bndbox></object><object><name>disease</name><bndbox><xmin>45</xmin><ymin>113</ymin><xmax>81</xmax><ymax>131</ymax></bndbox></object><object><name>disease</name><bndbox><xmin>22</xmin><ymin>140</ymin><xmax>47</xmax><ymax>156</ymax></bndbox></object><object><name>disease</name><bndbox><xmin>80</xmin><ymin>165</ymin><xmax>144</xmax><ymax>212</ymax></bndbox></object><object><name>disease</name><bndbox><xmin>56</xmin><ymin>165</ymin><xmax>84</xmax><ymax>185</ymax></bndbox></object><object><name>disease</name><bndbox><xmin>130</xmin><ymin>151</ymin><xmax>154</xmax><ymax>174</ymax></bndbox></object><object><name>disease</name><bndbox><xmin>101</xmin><ymin>34</ymin><xmax>131</xmax><ymax>58</ymax></bndbox></object><object><name>disease</name><bndbox><xmin>11</xmin><ymin>96</ymin><xmax>35</xmax><ymax>112</ymax></bndbox></object><object><name>disease</name><bndbox><xmin>42</xmin><ymin>88</ymin><xmax>61</xmax><ymax>109</ymax></bndbox></object><object><name>disease</name><bndbox><xmin>177</xmin><ymin>129</ymin><xmax>200</xmax><ymax>161</ymax></bndbox></object><object><name>disease</name><bndbox><xmin>93</xmin><ymin>18</ymin><xmax>118</xmax><ymax>39</ymax></bndbox></object><object><name>disease</name><bndbox><xmin>109</xmin><ymin>126</ymin><xmax>131</xmax><ymax>143</ymax></bndbox></object><object><name>disease</name><bndbox><xmin>21</xmin><ymin>17</ymin><xmax>42</xmax><ymax>48</ymax></bndbox></object><object><name>disease</name><bndbox><xmin>92</xmin><ymin>18</ymin><xmax>125</xmax><ymax>55</ymax></bndbox></object></annotation>