<annotation><filename>0a79700b-f834-41f5-ae51-6ceda6f67a48___RS_Early.B 8951.jpg</filename><size><width>224</width><height>224</height><depth>3</depth></size><object><name>disease</name><bndbox><xmin>116</xmin><ymin>20</ymin><xmax>154</xmax><ymax>62</ymax></bndbox></object><object><name>disease</name><bndbox><xmin>165</xmin><ymin>137</ymin><xmax>196</xmax><ymax>163</ymax></bndbox></object><object><name>disease</name><bndbox><xmin>40</xmin><ymin>87</ymin><xmax>61</xmax><ymax>111</ymax></bndbox></object><object><name>disease</name><bndbox><xmin>76</xmin><ymin>184</ymin><xmax>103</xmax><ymax>201</ymax></bndbox></object><object><name>disease</name><bndbox><xmin>131</xmin><ymin>78</ymin><xmax>162</xmax><ymax>106</ymax></bndbox></object><object><name>disease</name><bndbox><xmin>170</xmin><ymin>62</ymin><xmax>185</xmax><ymax>75</ymax></bndbox></object><object><name>disease</name><bndbox><xmin>75</xmin><ymin>140</ymin><xmax>112</xmax><ymax>159</ymax></bndbox></object><object><name>disease</name><bndbox><xmin>141</xmin><ymin>105</ymin><xmax>168</xmax><ymax>132</ymax></bndbox></object><object><name>disease</name><bndbox><xmin>43</xmin><ymin>173</ymin><xmax>74</xmax><ymax>202</ymax></bndbox></object><object><name>disease</name><bndbox><xmin>79</xmin><ymin>165</ymin><xmax>94</xmax><ymax>178</ymax></bndbox></object><object><name>disease</name><bndbox><xmin>100</xmin><ymin>95</ymin><xmax>133</xmax><ymax>119</ymax></bndbox></object><object><name>disease</name><bndbox><xmin>9</xmin><ymin>85</ymin><xmax>28</xmax><ymax>111</ymax></bndbox></object><object><name>disease</name><bndbox><xmin>66</xmin><ymin>25</ymin><xmax>99</xmax><ymax>50</ymax></bndbox></object><object><name>disease</name><bndbox><xmin>126</xmin><ymin>128</ymin><xmax>141</xmax><ymax>148</ymax></bndbox></object><object><name>disease</name><bndbox><xmin>37</xmin><ymin>126</ymin><xmax>57</xmax><ymax>145</ymax></bndbox></object><object><name>disease</name><bndbox><xmin>30</xmin><ymin>146</ymin><xmax>47</xmax><ymax>161</ymax></bndbox></object><object><name>disease</name><bndbox><xmin>62</xmin><ymin>134</ymin><xmax>72</xmax><ymax>150</ymax></bndbox></object><object><name>disease</name><bndbox><xmin>155</xmin><ymin>24</ymin><xmax>170</xmax><ymax>43</ymax></bndbox></object></annotation>