<annotation><filename>0a8a68ee-f587-4dea-beec-79d02e7d3fa4___RS_Early.B 8461.jpg</filename><size><width>224</width><height>224</height><depth>3</depth></size><object><name>disease</name><bndbox><xmin>99</xmin><ymin>51</ymin><xmax>146</xmax><ymax>88</ymax></bndbox></object><object><name>disease</name><bndbox><xmin>61</xmin><ymin>108</ymin><xmax>119</xmax><ymax>158</ymax></bndbox></object><object><name>disease</name><bndbox><xmin>119</xmin><ymin>90</ymin><xmax>148</xmax><ymax>127</ymax></bndbox></object><object><name>disease</name><bndbox><xmin>158</xmin><ymin>132</ymin><xmax>186</xmax><ymax>164</ymax></bndbox></object><object><name>disease</name><bndbox><xmin>16</xmin><ymin>23</ymin><xmax>44</xmax><ymax>64</ymax></bndbox></object><object><name>disease</name><bndbox><xmin>104</xmin><ymin>31</ymin><xmax>122</xmax><ymax>54</ymax></bndbox></object><object><name>disease</name><bndbox><xmin>45</xmin><ymin>77</ymin><xmax>66</xmax><ymax>98</ymax></bndbox></object><object><name>disease</name><bndbox><xmin>67</xmin><ymin>39</ymin><xmax>76</xmax><ymax>54</ymax></bndbox></object><object><name>disease</name><bndbox><xmin>21</xmin><ymin>45</ymin><xmax>46</xmax><ymax>63</ymax></bndbox></object><object><name>disease</name><bndbox><xmin>54</xmin><ymin>27</ymin><xmax>70</xmax><ymax>49</ymax></bndbox></object><object><name>disease</name><bndbox><xmin>45</xmin><ymin>129</ymin><xmax>63</xmax><ymax>146</ymax></bndbox></object><object><name>disease</name><bndbox><xmin>29</xmin><ymin>111</ymin><xmax>39</xmax><ymax>128</ymax></bndbox></object></annotation>