<annotation><filename>0ad3ba53-f01b-403b-a99d-5991eed85045___RS_Early.B 7600.jpg</filename><size><width>224</width><height>224</height><depth>3</depth></size><object><name>disease</name><bndbox><xmin>85</xmin><ymin>139</ymin><xmax>114</xmax><ymax>156</ymax></bndbox></object><object><name>disease</name><bndbox><xmin>126</xmin><ymin>91</ymin><xmax>150</xmax><ymax>117</ymax></bndbox></object><object><name>disease</name><bndbox><xmin>151</xmin><ymin>146</ymin><xmax>175</xmax><ymax>180</ymax></bndbox></object><object><name>disease</name><bndbox><xmin>44</xmin><ymin>71</ymin><xmax>66</xmax><ymax>88</ymax></bndbox></object><object><name>disease</name><bndbox><xmin>71</xmin><ymin>50</ymin><xmax>87</xmax><ymax>69</ymax></bndbox></object><object><name>disease</name><bndbox><xmin>71</xmin><ymin>84</ymin><xmax>113</xmax><ymax>123</ymax></bndbox></object><object><name>disease</name><bndbox><xmin>182</xmin><ymin>96</ymin><xmax>193</xmax><ymax>116</ymax></bndbox></object><object><name>disease</name><bndbox><xmin>58</xmin><ymin>121</ymin><xmax>78</xmax><ymax>143</ymax></bndbox></object><object><name>disease</name><bndbox><xmin>38</xmin><ymin>106</ymin><xmax>51</xmax><ymax>120</ymax></bndbox></object><object><name>disease</name><bndbox><xmin>76</xmin><ymin>94</ymin><xmax>101</xmax><ymax>118</ymax></bndbox></object><object><name>disease</name><bndbox><xmin>150</xmin><ymin>125</ymin><xmax>185</xmax><ymax>160</ymax></bndbox></object><object><name>disease</name><bndbox><xmin>115</xmin><ymin>181</ymin><xmax>135</xmax><ymax>195</ymax></bndbox></object><object><name>disease</name><bndbox><xmin>68</xmin><ymin>43</ymin><xmax>93</xmax><ymax>71</ymax></bndbox></object></annotation>