<annotation>
	<folder>my-project-name</folder>
	<filename>0b092cda-db8c-489d-8c46-23ac3835310d___RS_LB 4480.jpg</filename>
	<path>/my-project-name/0b092cda-db8c-489d-8c46-23ac3835310d___RS_LB 4480.jpg</path>
	<source>
		<database>Unspecified</database>
	</source>
	<size>
		<width>224</width>
		<height>224</height>
		<depth>3</depth>
	</size>
	<object>
		<name>early_blight</name>
		<pose>Unspecified</pose>
		<truncated>0</truncated>
		<difficult>0</difficult>
		<bndbox>
			<xmin>153</xmin>
			<ymin>77</ymin>
			<xmax>174</xmax>
			<ymax>142</ymax>
		</bndbox>
	</object>
	<object>
		<name>early_blight</name>
		<pose>Unspecified</pose>
		<truncated>0</truncated>
		<difficult>0</difficult>
		<bndbox>
			<xmin>78</xmin>
			<ymin>122</ymin>
			<xmax>156</xmax>
			<ymax>169</ymax>
		</bndbox>
	</object>
</annotation>