<annotation><filename>0b2bdc8e-90fd-4bb4-bedb-485502fe8a96___RS_LB 4906.jpg</filename><size><width>224</width><height>224</height><depth>3</depth></size><object><name>disease</name><bndbox><xmin>40</xmin><ymin>59</ymin><xmax>97</xmax><ymax>108</ymax></bndbox></object><object><name>disease</name><bndbox><xmin>150</xmin><ymin>118</ymin><xmax>208</xmax><ymax>169</ymax></bndbox></object><object><name>disease</name><bndbox><xmin>29</xmin><ymin>127</ymin><xmax>49</xmax><ymax>141</ymax></bndbox></object><object><name>disease</name><bndbox><xmin>132</xmin><ymin>157</ymin><xmax>157</xmax><ymax>175</ymax></bndbox></object></annotation>