<annotation><filename>0bbb8bce-2020-416b-8bd6-c160c2db9921___RS_Early.B 8386.jpg</filename><size><width>224</width><height>224</height><depth>3</depth></size><object><name>disease</name><bndbox><xmin>28</xmin><ymin>149</ymin><xmax>50</xmax><ymax>165</ymax></bndbox></object><object><name>disease</name><bndbox><xmin>38</xmin><ymin>113</ymin><xmax>60</xmax><ymax>138</ymax></bndbox></object><object><name>disease</name><bndbox><xmin>137</xmin><ymin>90</ymin><xmax>154</xmax><ymax>108</ymax></bndbox></object><object><name>disease</name><bndbox><xmin>174</xmin><ymin>69</ymin><xmax>192</xmax><ymax>84</ymax></bndbox></object><object><name>disease</name><bndbox><xmin>115</xmin><ymin>50</ymin><xmax>135</xmax><ymax>69</ymax></bndbox></object><object><name>disease</name><bndbox><xmin>44</xmin><ymin>195</ymin><xmax>57</xmax><ymax>207</ymax></bndbox></object><object><name>disease</name><bndbox><xmin>82</xmin><ymin>175</ymin><xmax>99</xmax><ymax>186</ymax></bndbox></object><object><name>disease</name><bndbox><xmin>56</xmin><ymin>132</ymin><xmax>72</xmax><ymax>145</ymax></bndbox></object><object><name>disease</name><bndbox><xmin>70</xmin><ymin>147</ymin><xmax>92</xmax><ymax>161</ymax></bndbox></object><object><name>disease</name><bndbox><xmin>80</xmin><ymin>92</ymin><xmax>96</xmax><ymax>107</ymax></bndbox></object><object><name>disease</name><bndbox><xmin>76</xmin><ymin>93</ymin><xmax>95</xmax><ymax>123</ymax></bndbox></object></annotation>