<annotation><filename>0c2628d4-8d64-48a9-a157-19a9c902e304___RS_LB 4590.jpg</filename><size><width>224</width><height>224</height><depth>3</depth></size><object><name>disease</name><bndbox><xmin>104</xmin><ymin>42</ymin><xmax>169</xmax><ymax>111</ymax></bndbox></object><object><name>disease</name><bndbox><xmin>78</xmin><ymin>108</ymin><xmax>112</xmax><ymax>145</ymax></bndbox></object><object><name>disease</name><bndbox><xmin>40</xmin><ymin>114</ymin><xmax>63</xmax><ymax>140</ymax></bndbox></object><object><name>disease</name><bndbox><xmin>108</xmin><ymin>107</ymin><xmax>153</xmax><ymax>145</ymax></bndbox></object><object><name>disease</name><bndbox><xmin>75</xmin><ymin>53</ymin><xmax>103</xmax><ymax>94</ymax></bndbox></object><object><name>disease</name><bndbox><xmin>82</xmin><ymin>34</ymin><xmax>176</xmax><ymax>146</ymax></bndbox></object><object><name>disease</name><bndbox><xmin>73</xmin><ymin>97</ymin><xmax>164</xmax><ymax>145</ymax></bndbox></object></annotation>