<annotation><filename>0c4f6f72-c7a2-42e1-9671-41ab3bf37fe7___RS_Early.B 6752.jpg</filename><size><width>224</width><height>224</height><depth>3</depth></size><object><name>disease</name><bndbox><xmin>101</xmin><ymin>171</ymin><xmax>135</xmax><ymax>196</ymax></bndbox></object><object><name>disease</name><bndbox><xmin>103</xmin><ymin>138</ymin><xmax>141</xmax><ymax>171</ymax></bndbox></object><object><name>disease</name><bndbox><xmin>141</xmin><ymin>76</ymin><xmax>161</xmax><ymax>101</ymax></bndbox></object><object><name>disease</name><bndbox><xmin>33</xmin><ymin>94</ymin><xmax>49</xmax><ymax>112</ymax></bndbox></object><object><name>disease</name><bndbox><xmin>61</xmin><ymin>72</ymin><xmax>100</xmax><ymax>105</ymax></bndbox></object><object><name>disease</name><bndbox><xmin>162</xmin><ymin>114</ymin><xmax>191</xmax><ymax>153</ymax></bndbox></object><object><name>disease</name><bndbox><xmin>15</xmin><ymin>120</ymin><xmax>28</xmax><ymax>132</ymax></bndbox></object><object><name>disease</name><bndbox><xmin>52</xmin><ymin>124</ymin><xmax>82</xmax><ymax>166</ymax></bndbox></object><object><name>disease</name><bndbox><xmin>81</xmin><ymin>91</ymin><xmax>102</xmax><ymax>109</ymax></bndbox></object><object><name>disease</name><bndbox><xmin>61</xmin><ymin>75</ymin><xmax>91</xmax><ymax>97</ymax></bndbox></object><object><name>disease</name><bndbox><xmin>127</xmin><ymin>111</ymin><xmax>140</xmax><ymax>122</ymax></bndbox></object><object><name>disease</name><bndbox><xmin>112</xmin><ymin>21</ymin><xmax>134</xmax><ymax>38</ymax></bndbox></object><object><name>disease</name><bndbox><xmin>172</xmin><ymin>79</ymin><xmax>202</xmax><ymax>103</ymax></bndbox></object><object><name>disease</name><bndbox><xmin>58</xmin><ymin>143</ymin><xmax>82</xmax><ymax>163</ymax></bndbox></object><object><name>disease</name><bndbox><xmin>168</xmin><ymin>59</ymin><xmax>178</xmax><ymax>68</ymax></bndbox></object><object><name>disease</name><bndbox><xmin>52</xmin><ymin>128</ymin><xmax>79</xmax><ymax>150</ymax></bndbox></object><object><name>disease</name><bndbox><xmin>84</xmin><ymin>69</ymin><xmax>101</xmax><ymax>81</ymax></bndbox></object><object><name>disease</name><bndbox><xmin>145</xmin><ymin>106</ymin><xmax>159</xmax><ymax>120</ymax></bndbox></object></annotation>