<annotation><filename>0c83302d-4233-4e98-8ecf-755a970495bb___RS_LB 4904.jpg</filename><size><width>224</width><height>224</height><depth>3</depth></size><object><name>disease</name><bndbox><xmin>137</xmin><ymin>110</ymin><xmax>200</xmax><ymax>156</ymax></bndbox></object><object><name>disease</name><bndbox><xmin>72</xmin><ymin>38</ymin><xmax>129</xmax><ymax>82</ymax></bndbox></object><object><name>disease</name><bndbox><xmin>36</xmin><ymin>125</ymin><xmax>56</xmax><ymax>147</ymax></bndbox></object><object><name>disease</name><bndbox><xmin>103</xmin><ymin>171</ymin><xmax>116</xmax><ymax>199</ymax></bndbox></object></annotation>