<annotation><filename>0caf6a39-3f5f-4201-a4d7-3ea35fdf1303___RS_Early.B 6762.jpg</filename><size><width>224</width><height>224</height><depth>3</depth></size><object><name>disease</name><bndbox><xmin>97</xmin><ymin>51</ymin><xmax>140</xmax><ymax>90</ymax></bndbox></object><object><name>disease</name><bndbox><xmin>35</xmin><ymin>65</ymin><xmax>73</xmax><ymax>84</ymax></bndbox></object><object><name>disease</name><bndbox><xmin>149</xmin><ymin>50</ymin><xmax>178</xmax><ymax>68</ymax></bndbox></object><object><name>disease</name><bndbox><xmin>128</xmin><ymin>95</ymin><xmax>164</xmax><ymax>126</ymax></bndbox></object><object><name>disease</name><bndbox><xmin>151</xmin><ymin>145</ymin><xmax>186</xmax><ymax>176</ymax></bndbox></object><object><name>disease</name><bndbox><xmin>137</xmin><ymin>182</ymin><xmax>176</xmax><ymax>201</ymax></bndbox></object><object><name>disease</name><bndbox><xmin>164</xmin><ymin>118</ymin><xmax>201</xmax><ymax>141</ymax></bndbox></object><object><name>disease</name><bndbox><xmin>87</xmin><ymin>32</ymin><xmax>111</xmax><ymax>49</ymax></bndbox></object><object><name>disease</name><bndbox><xmin>86</xmin><ymin>105</ymin><xmax>107</xmax><ymax>124</ymax></bndbox></object><object><name>disease</name><bndbox><xmin>103</xmin><ymin>146</ymin><xmax>123</xmax><ymax>163</ymax></bndbox></object><object><name>disease</name><bndbox><xmin>56</xmin><ymin>126</ymin><xmax>94</xmax><ymax>155</ymax></bndbox></object><object><name>disease</name><bndbox><xmin>161</xmin><ymin>78</ymin><xmax>178</xmax><ymax>95</ymax></bndbox></object><object><name>disease</name><bndbox><xmin>125</xmin><ymin>8</ymin><xmax>150</xmax><ymax>27</ymax></bndbox></object><object><name>disease</name><bndbox><xmin>52</xmin><ymin>145</ymin><xmax>80</xmax><ymax>171</ymax></bndbox></object><object><name>disease</name><bndbox><xmin>122</xmin><ymin>125</ymin><xmax>150</xmax><ymax>141</ymax></bndbox></object><object><name>disease</name><bndbox><xmin>52</xmin><ymin>122</ymin><xmax>94</xmax><ymax>175</ymax></bndbox></object><object><name>disease</name><bndbox><xmin>95</xmin><ymin>189</ymin><xmax>110</xmax><ymax>199</ymax></bndbox></object></annotation>