<annotation>
	<folder>my-project-name</folder>
	<filename>0d2e2971-f1c9-4278-b35c-91dd8a22a64d___RS_Early.B 7581.jpg</filename>
	<path>/my-project-name/0d2e2971-f1c9-4278-b35c-91dd8a22a64d___RS_Early.B 7581.jpg</path>
	<source>
		<database>Unspecified</database>
	</source>
	<size>
		<width>224</width>
		<height>224</height>
		<depth>3</depth>
	</size>
	<object>
		<name>early_blight</name>
		<pose>Unspecified</pose>
		<truncated>0</truncated>
		<difficult>0</difficult>
		<bndbox>
			<xmin>120</xmin>
			<ymin>26</ymin>
			<xmax>188</xmax>
			<ymax>69</ymax>
		</bndbox>
	</object>
	<object>
		<name>early_blight</name>
		<pose>Unspecified</pose>
		<truncated>0</truncated>
		<difficult>0</difficult>
		<bndbox>
			<xmin>86</xmin>
			<ymin>74</ymin>
			<xmax>120</xmax>
			<ymax>92</ymax>
		</bndbox>
	</object>
	<object>
		<name>early_blight</name>
		<pose>Unspecified</pose>
		<truncated>0</truncated>
		<difficult>0</difficult>
		<bndbox>
			<xmin>88</xmin>
			<ymin>90</ymin>
			<xmax>123</xmax>
			<ymax>111</ymax>
		</bndbox>
	</object>
	<object>
		<name>early_blight</name>
		<pose>Unspecified</pose>
		<truncated>0</truncated>
		<difficult>0</difficult>
		<bndbox>
			<xmin>135</xmin>
			<ymin>81</ymin>
			<xmax>160</xmax>
			<ymax>101</ymax>
		</bndbox>
	</object>
	<object>
		<name>early_blight</name>
		<pose>Unspecified</pose>
		<truncated>0</truncated>
		<difficult>0</difficult>
		<bndbox>
			<xmin>157</xmin>
			<ymin>73</ymin>
			<xmax>170</xmax>
			<ymax>85</ymax>
		</bndbox>
	</object>
	<object>
		<name>early_blight</name>
		<pose>Unspecified</pose>
		<truncated>0</truncated>
		<difficult>0</difficult>
		<bndbox>
			<xmin>180</xmin>
			<ymin>96</ymin>
			<xmax>189</xmax>
			<ymax>105</ymax>
		</bndbox>
	</object>
	<object>
		<name>early_blight</name>
		<pose>Unspecified</pose>
		<truncated>0</truncated>
		<difficult>0</difficult>
		<bndbox>
			<xmin>131</xmin>
			<ymin>104</ymin>
			<xmax>149</xmax>
			<ymax>138</ymax>
		</bndbox>
	</object>
	<object>
		<name>early_blight</name>
		<pose>Unspecified</pose>
		<truncated>0</truncated>
		<difficult>0</difficult>
		<bndbox>
			<xmin>121</xmin>
			<ymin>137</ymin>
			<xmax>148</xmax>
			<ymax>158</ymax>
		</bndbox>
	</object>
	<object>
		<name>early_blight</name>
		<pose>Unspecified</pose>
		<truncated>0</truncated>
		<difficult>0</difficult>
		<bndbox>
			<xmin>115</xmin>
			<ymin>160</ymin>
			<xmax>125</xmax>
			<ymax>175</ymax>
		</bndbox>
	</object>
	<object>
		<name>early_blight</name>
		<pose>Unspecified</pose>
		<truncated>0</truncated>
		<difficult>0</difficult>
		<bndbox>
			<xmin>96</xmin>
			<ymin>174</ymin>
			<xmax>124</xmax>
			<ymax>195</ymax>
		</bndbox>
	</object>
	<object>
		<name>early_blight</name>
		<pose>Unspecified</pose>
		<truncated>0</truncated>
		<difficult>0</difficult>
		<bndbox>
			<xmin>136</xmin>
			<ymin>161</ymin>
			<xmax>153</xmax>
			<ymax>175</ymax>
		</bndbox>
	</object>
	<object>
		<name>early_blight</name>
		<pose>Unspecified</pose>
		<truncated>0</truncated>
		<difficult>0</difficult>
		<bndbox>
			<xmin>50</xmin>
			<ymin>132</ymin>
			<xmax>68</xmax>
			<ymax>148</ymax>
		</bndbox>
	</object>
	<object>
		<name>early_blight</name>
		<pose>Unspecified</pose>
		<truncated>0</truncated>
		<difficult>0</difficult>
		<bndbox>
			<xmin>18</xmin>
			<ymin>117</ymin>
			<xmax>45</xmax>
			<ymax>133</ymax>
		</bndbox>
	</object>
	<object>
		<name>early_blight</name>
		<pose>Unspecified</pose>
		<truncated>0</truncated>
		<difficult>0</difficult>
		<bndbox>
			<xmin>41</xmin>
			<ymin>79</ymin>
			<xmax>63</xmax>
			<ymax>92</ymax>
		</bndbox>
	</object>
	<object>
		<name>early_blight</name>
		<pose>Unspecified</pose>
		<truncated>0</truncated>
		<difficult>0</difficult>
		<bndbox>
			<xmin>40</xmin>
			<ymin>157</ymin>
			<xmax>68</xmax>
			<ymax>176</ymax>
		</bndbox>
	</object>
	<object>
		<name>early_blight</name>
		<pose>Unspecified</pose>
		<truncated>0</truncated>
		<difficult>0</difficult>
		<bndbox>
			<xmin>12</xmin>
			<ymin>151</ymin>
			<xmax>34</xmax>
			<ymax>169</ymax>
		</bndbox>
	</object>
	<object>
		<name>early_blight</name>
		<pose>Unspecified</pose>
		<truncated>0</truncated>
		<difficult>0</difficult>
		<bndbox>
			<xmin>37</xmin>
			<ymin>188</ymin>
			<xmax>73</xmax>
			<ymax>219</ymax>
		</bndbox>
	</object>
	<object>
		<name>early_blight</name>
		<pose>Unspecified</pose>
		<truncated>0</truncated>
		<difficult>0</difficult>
		<bndbox>
			<xmin>84</xmin>
			<ymin>195</ymin>
			<xmax>101</xmax>
			<ymax>219</ymax>
		</bndbox>
	</object>
</annotation>