<annotation>
	<folder>my-project-name</folder>
	<filename>0d8346e1-4624-4979-84e6-1353ca59007a___RS_LB 4079.jpg</filename>
	<path>/my-project-name/0d8346e1-4624-4979-84e6-1353ca59007a___RS_LB 4079.jpg</path>
	<source>
		<database>Unspecified</database>
	</source>
	<size>
		<width>224</width>
		<height>224</height>
		<depth>3</depth>
	</size>
	<object>
		<name>early_blight</name>
		<pose>Unspecified</pose>
		<truncated>0</truncated>
		<difficult>0</difficult>
		<bndbox>
			<xmin>86</xmin>
			<ymin>41</ymin>
			<xmax>140</xmax>
			<ymax>97</ymax>
		</bndbox>
	</object>
	<object>
		<name>early_blight</name>
		<pose>Unspecified</pose>
		<truncated>0</truncated>
		<difficult>0</difficult>
		<bndbox>
			<xmin>154</xmin>
			<ymin>134</ymin>
			<xmax>178</xmax>
			<ymax>162</ymax>
		</bndbox>
	</object>
</annotation>