<annotation><filename>0d987d4a-26bc-4f74-8a16-12f8969dfed8___RS_Early.B 7013.jpg</filename><size><width>224</width><height>224</height><depth>3</depth></size><object><name>disease</name><bndbox><xmin>102</xmin><ymin>139</ymin><xmax>144</xmax><ymax>164</ymax></bndbox></object><object><name>disease</name><bndbox><xmin>165</xmin><ymin>126</ymin><xmax>183</xmax><ymax>155</ymax></bndbox></object><object><name>disease</name><bndbox><xmin>128</xmin><ymin>35</ymin><xmax>146</xmax><ymax>49</ymax></bndbox></object><object><name>disease</name><bndbox><xmin>110</xmin><ymin>58</ymin><xmax>135</xmax><ymax>79</ymax></bndbox></object><object><name>disease</name><bndbox><xmin>39</xmin><ymin>95</ymin><xmax>58</xmax><ymax>122</ymax></bndbox></object><object><name>disease</name><bndbox><xmin>43</xmin><ymin>127</ymin><xmax>87</xmax><ymax>153</ymax></bndbox></object><object><name>disease</name><bndbox><xmin>81</xmin><ymin>48</ymin><xmax>95</xmax><ymax>65</ymax></bndbox></object><object><name>disease</name><bndbox><xmin>142</xmin><ymin>94</ymin><xmax>153</xmax><ymax>106</ymax></bndbox></object><object><name>disease</name><bndbox><xmin>36</xmin><ymin>162</ymin><xmax>50</xmax><ymax>179</ymax></bndbox></object><object><name>disease</name><bndbox><xmin>150</xmin><ymin>157</ymin><xmax>170</xmax><ymax>175</ymax></bndbox></object><object><name>disease</name><bndbox><xmin>61</xmin><ymin>167</ymin><xmax>72</xmax><ymax>180</ymax></bndbox></object><object><name>disease</name><bndbox><xmin>152</xmin><ymin>62</ymin><xmax>171</xmax><ymax>79</ymax></bndbox></object><object><name>disease</name><bndbox><xmin>58</xmin><ymin>132</ymin><xmax>83</xmax><ymax>153</ymax></bndbox></object><object><name>disease</name><bndbox><xmin>170</xmin><ymin>38</ymin><xmax>180</xmax><ymax>52</ymax></bndbox></object><object><name>disease</name><bndbox><xmin>46</xmin><ymin>127</ymin><xmax>67</xmax><ymax>153</ymax></bndbox></object><object><name>disease</name><bndbox><xmin>26</xmin><ymin>142</ymin><xmax>44</xmax><ymax>154</ymax></bndbox></object></annotation>