<annotation><filename>0ddd62cd-a999-4d58-a8f1-506e1004a595___RS_Early.B 8041.jpg</filename><size><width>224</width><height>224</height><depth>3</depth></size><object><name>disease</name><bndbox><xmin>67</xmin><ymin>47</ymin><xmax>153</xmax><ymax>83</ymax></bndbox></object><object><name>disease</name><bndbox><xmin>127</xmin><ymin>142</ymin><xmax>163</xmax><ymax>166</ymax></bndbox></object><object><name>disease</name><bndbox><xmin>93</xmin><ymin>142</ymin><xmax>131</xmax><ymax>186</ymax></bndbox></object><object><name>disease</name><bndbox><xmin>24</xmin><ymin>172</ymin><xmax>68</xmax><ymax>194</ymax></bndbox></object><object><name>disease</name><bndbox><xmin>109</xmin><ymin>120</ymin><xmax>154</xmax><ymax>141</ymax></bndbox></object><object><name>disease</name><bndbox><xmin>50</xmin><ymin>74</ymin><xmax>73</xmax><ymax>99</ymax></bndbox></object><object><name>disease</name><bndbox><xmin>95</xmin><ymin>85</ymin><xmax>127</xmax><ymax>119</ymax></bndbox></object><object><name>disease</name><bndbox><xmin>175</xmin><ymin>62</ymin><xmax>216</xmax><ymax>125</ymax></bndbox></object><object><name>disease</name><bndbox><xmin>159</xmin><ymin>108</ymin><xmax>178</xmax><ymax>128</ymax></bndbox></object><object><name>disease</name><bndbox><xmin>29</xmin><ymin>132</ymin><xmax>77</xmax><ymax>171</ymax></bndbox></object><object><name>disease</name><bndbox><xmin>24</xmin><ymin>66</ymin><xmax>48</xmax><ymax>89</ymax></bndbox></object><object><name>disease</name><bndbox><xmin>140</xmin><ymin>79</ymin><xmax>160</xmax><ymax>96</ymax></bndbox></object><object><name>disease</name><bndbox><xmin>67</xmin><ymin>120</ymin><xmax>88</xmax><ymax>142</ymax></bndbox></object><object><name>disease</name><bndbox><xmin>33</xmin><ymin>121</ymin><xmax>66</xmax><ymax>138</ymax></bndbox></object><object><name>disease</name><bndbox><xmin>99</xmin><ymin>82</ymin><xmax>120</xmax><ymax>97</ymax></bndbox></object><object><name>disease</name><bndbox><xmin>111</xmin><ymin>20</ymin><xmax>129</xmax><ymax>33</ymax></bndbox></object><object><name>disease</name><bndbox><xmin>177</xmin><ymin>123</ymin><xmax>205</xmax><ymax>149</ymax></bndbox></object><object><name>disease</name><bndbox><xmin>69</xmin><ymin>51</ymin><xmax>104</xmax><ymax>85</ymax></bndbox></object><object><name>disease</name><bndbox><xmin>22</xmin><ymin>104</ymin><xmax>77</xmax><ymax>179</ymax></bndbox></object></annotation>