<annotation><filename>0e068694-63b7-4edf-a93d-f2e9f28efaa6___RS_LB 3923.jpg</filename><size><width>224</width><height>224</height><depth>3</depth></size><object><name>disease</name><bndbox><xmin>117</xmin><ymin>31</ymin><xmax>183</xmax><ymax>100</ymax></bndbox></object><object><name>disease</name><bndbox><xmin>26</xmin><ymin>60</ymin><xmax>79</xmax><ymax>168</ymax></bndbox></object><object><name>disease</name><bndbox><xmin>180</xmin><ymin>15</ymin><xmax>203</xmax><ymax>47</ymax></bndbox></object><object><name>disease</name><bndbox><xmin>86</xmin><ymin>54</ymin><xmax>98</xmax><ymax>73</ymax></bndbox></object></annotation>