<annotation><filename>0e6b9e09-2bcd-41e0-b001-b80a33a8a78b___RS_Early.B 8694.jpg</filename><size><width>224</width><height>224</height><depth>3</depth></size><object><name>disease</name><bndbox><xmin>99</xmin><ymin>143</ymin><xmax>120</xmax><ymax>159</ymax></bndbox></object><object><name>disease</name><bndbox><xmin>38</xmin><ymin>65</ymin><xmax>121</xmax><ymax>149</ymax></bndbox></object><object><name>disease</name><bndbox><xmin>38</xmin><ymin>35</ymin><xmax>207</xmax><ymax>178</ymax></bndbox></object><object><name>disease</name><bndbox><xmin>157</xmin><ymin>87</ymin><xmax>184</xmax><ymax>109</ymax></bndbox></object><object><name>disease</name><bndbox><xmin>127</xmin><ymin>89</ymin><xmax>183</xmax><ymax>183</ymax></bndbox></object><object><name>disease</name><bndbox><xmin>153</xmin><ymin>170</ymin><xmax>175</xmax><ymax>194</ymax></bndbox></object><object><name>disease</name><bndbox><xmin>29</xmin><ymin>124</ymin><xmax>44</xmax><ymax>148</ymax></bndbox></object></annotation>