<annotation>
	<folder>my-project-name</folder>
	<filename>0e7f0484-16eb-4183-b702-0a5b4f94d015___RS_LB 4000.jpg</filename>
	<path>/my-project-name/0e7f0484-16eb-4183-b702-0a5b4f94d015___RS_LB 4000.jpg</path>
	<source>
		<database>Unspecified</database>
	</source>
	<size>
		<width>224</width>
		<height>224</height>
		<depth>3</depth>
	</size>
	<object>
		<name>early_blight</name>
		<pose>Unspecified</pose>
		<truncated>0</truncated>
		<difficult>0</difficult>
		<bndbox>
			<xmin>153</xmin>
			<ymin>112</ymin>
			<xmax>206</xmax>
			<ymax>148</ymax>
		</bndbox>
	</object>
</annotation>