<annotation><filename>0eb24a67-a174-43db-86c7-cca8795942a2___RS_LB 4722.jpg</filename><size><width>224</width><height>224</height><depth>3</depth></size><object><name>disease</name><bndbox><xmin>76</xmin><ymin>112</ymin><xmax>119</xmax><ymax>162</ymax></bndbox></object><object><name>disease</name><bndbox><xmin>94</xmin><ymin>37</ymin><xmax>118</xmax><ymax>78</ymax></bndbox></object><object><name>disease</name><bndbox><xmin>106</xmin><ymin>58</ymin><xmax>193</xmax><ymax>141</ymax></bndbox></object><object><name>disease</name><bndbox><xmin>129</xmin><ymin>23</ymin><xmax>160</xmax><ymax>52</ymax></bndbox></object><object><name>disease</name><bndbox><xmin>136</xmin><ymin>32</ymin><xmax>161</xmax><ymax>49</ymax></bndbox></object><object><name>disease</name><bndbox><xmin>71</xmin><ymin>38</ymin><xmax>195</xmax><ymax>169</ymax></bndbox></object></annotation>