<annotation>
	<folder>my-project-name</folder>
	<filename>0eb28ea9-c9e4-4999-9de2-835682241e53___RS_LB 2708.jpg</filename>
	<path>/my-project-name/0eb28ea9-c9e4-4999-9de2-835682241e53___RS_LB 2708.jpg</path>
	<source>
		<database>Unspecified</database>
	</source>
	<size>
		<width>224</width>
		<height>224</height>
		<depth>3</depth>
	</size>
	<object>
		<name>early_blight</name>
		<pose>Unspecified</pose>
		<truncated>0</truncated>
		<difficult>0</difficult>
		<bndbox>
			<xmin>132</xmin>
			<ymin>56</ymin>
			<xmax>155</xmax>
			<ymax>87</ymax>
		</bndbox>
	</object>
</annotation>