<annotation><filename>0ede4acd-3685-40d9-b52b-7b3cb6536fa8___RS_Early.B 7377.jpg</filename><size><width>224</width><height>224</height><depth>3</depth></size><object><name>disease</name><bndbox><xmin>102</xmin><ymin>96</ymin><xmax>122</xmax><ymax>113</ymax></bndbox></object><object><name>disease</name><bndbox><xmin>125</xmin><ymin>108</ymin><xmax>146</xmax><ymax>121</ymax></bndbox></object><object><name>disease</name><bndbox><xmin>103</xmin><ymin>121</ymin><xmax>129</xmax><ymax>137</ymax></bndbox></object><object><name>disease</name><bndbox><xmin>158</xmin><ymin>24</ymin><xmax>179</xmax><ymax>47</ymax></bndbox></object><object><name>disease</name><bndbox><xmin>137</xmin><ymin>130</ymin><xmax>160</xmax><ymax>154</ymax></bndbox></object><object><name>disease</name><bndbox><xmin>33</xmin><ymin>121</ymin><xmax>50</xmax><ymax>150</ymax></bndbox></object><object><name>disease</name><bndbox><xmin>103</xmin><ymin>151</ymin><xmax>133</xmax><ymax>188</ymax></bndbox></object><object><name>disease</name><bndbox><xmin>79</xmin><ymin>75</ymin><xmax>102</xmax><ymax>100</ymax></bndbox></object><object><name>disease</name><bndbox><xmin>57</xmin><ymin>141</ymin><xmax>76</xmax><ymax>155</ymax></bndbox></object><object><name>disease</name><bndbox><xmin>139</xmin><ymin>60</ymin><xmax>153</xmax><ymax>75</ymax></bndbox></object><object><name>disease</name><bndbox><xmin>185</xmin><ymin>15</ymin><xmax>205</xmax><ymax>41</ymax></bndbox></object><object><name>disease</name><bndbox><xmin>122</xmin><ymin>51</ymin><xmax>143</xmax><ymax>93</ymax></bndbox></object><object><name>disease</name><bndbox><xmin>132</xmin><ymin>128</ymin><xmax>177</xmax><ymax>152</ymax></bndbox></object><object><name>disease</name><bndbox><xmin>154</xmin><ymin>130</ymin><xmax>175</xmax><ymax>147</ymax></bndbox></object><object><name>disease</name><bndbox><xmin>107</xmin><ymin>39</ymin><xmax>117</xmax><ymax>50</ymax></bndbox></object></annotation>