<annotation><filename>0f223bbc-d2b4-4d58-8314-359d92d0102b___RS_Early.B 8052.jpg</filename><size><width>224</width><height>224</height><depth>3</depth></size><object><name>disease</name><bndbox><xmin>93</xmin><ymin>148</ymin><xmax>122</xmax><ymax>174</ymax></bndbox></object><object><name>disease</name><bndbox><xmin>65</xmin><ymin>93</ymin><xmax>85</xmax><ymax>111</ymax></bndbox></object><object><name>disease</name><bndbox><xmin>124</xmin><ymin>65</ymin><xmax>141</xmax><ymax>82</ymax></bndbox></object><object><name>disease</name><bndbox><xmin>50</xmin><ymin>59</ymin><xmax>65</xmax><ymax>80</ymax></bndbox></object><object><name>disease</name><bndbox><xmin>39</xmin><ymin>107</ymin><xmax>59</xmax><ymax>126</ymax></bndbox></object><object><name>disease</name><bndbox><xmin>15</xmin><ymin>62</ymin><xmax>42</xmax><ymax>78</ymax></bndbox></object><object><name>disease</name><bndbox><xmin>102</xmin><ymin>185</ymin><xmax>123</xmax><ymax>214</ymax></bndbox></object><object><name>disease</name><bndbox><xmin>70</xmin><ymin>58</ymin><xmax>81</xmax><ymax>69</ymax></bndbox></object><object><name>disease</name><bndbox><xmin>177</xmin><ymin>184</ymin><xmax>204</xmax><ymax>196</ymax></bndbox></object><object><name>disease</name><bndbox><xmin>131</xmin><ymin>183</ymin><xmax>144</xmax><ymax>194</ymax></bndbox></object><object><name>disease</name><bndbox><xmin>126</xmin><ymin>117</ymin><xmax>147</xmax><ymax>130</ymax></bndbox></object><object><name>disease</name><bndbox><xmin>109</xmin><ymin>115</ymin><xmax>148</xmax><ymax>132</ymax></bndbox></object><object><name>disease</name><bndbox><xmin>78</xmin><ymin>153</ymin><xmax>92</xmax><ymax>169</ymax></bndbox></object></annotation>