<annotation><filename>0f243024-b1fa-4f96-ac7e-ecaf6dc5bc37___RS_LB 4925.jpg</filename><size><width>224</width><height>224</height><depth>3</depth></size><object><name>disease</name><bndbox><xmin>113</xmin><ymin>50</ymin><xmax>167</xmax><ymax>164</ymax></bndbox></object><object><name>disease</name><bndbox><xmin>53</xmin><ymin>108</ymin><xmax>91</xmax><ymax>153</ymax></bndbox></object><object><name>disease</name><bndbox><xmin>45</xmin><ymin>53</ymin><xmax>59</xmax><ymax>81</ymax></bndbox></object><object><name>disease</name><bndbox><xmin>48</xmin><ymin>27</ymin><xmax>117</xmax><ymax>71</ymax></bndbox></object><object><name>disease</name><bndbox><xmin>66</xmin><ymin>144</ymin><xmax>84</xmax><ymax>174</ymax></bndbox></object><object><name>disease</name><bndbox><xmin>97</xmin><ymin>42</ymin><xmax>179</xmax><ymax>196</ymax></bndbox></object></annotation>