<annotation>
	<folder>my-project-name</folder>
	<filename>0f50da52-cb4a-4391-982a-d6cf9c9d9917___RS_LB 2581.jpg</filename>
	<path>/my-project-name/0f50da52-cb4a-4391-982a-d6cf9c9d9917___RS_LB 2581.jpg</path>
	<source>
		<database>Unspecified</database>
	</source>
	<size>
		<width>224</width>
		<height>224</height>
		<depth>3</depth>
	</size>
	<object>
		<name>early_blight</name>
		<pose>Unspecified</pose>
		<truncated>0</truncated>
		<difficult>0</difficult>
		<bndbox>
			<xmin>136</xmin>
			<ymin>64</ymin>
			<xmax>190</xmax>
			<ymax>118</ymax>
		</bndbox>
	</object>
</annotation>