<annotation>
	<folder>my-project-name</folder>
	<filename>0f6eac3b-d674-4c4d-ab3a-88689feec07f___RS_LB 5232.jpg</filename>
	<path>/my-project-name/0f6eac3b-d674-4c4d-ab3a-88689feec07f___RS_LB 5232.jpg</path>
	<source>
		<database>Unspecified</database>
	</source>
	<size>
		<width>224</width>
		<height>224</height>
		<depth>3</depth>
	</size>
	<object>
		<name>early_blight</name>
		<pose>Unspecified</pose>
		<truncated>0</truncated>
		<difficult>0</difficult>
		<bndbox>
			<xmin>46</xmin>
			<ymin>30</ymin>
			<xmax>111</xmax>
			<ymax>102</ymax>
		</bndbox>
	</object>
	<object>
		<name>early_blight</name>
		<pose>Unspecified</pose>
		<truncated>0</truncated>
		<difficult>0</difficult>
		<bndbox>
			<xmin>28</xmin>
			<ymin>82</ymin>
			<xmax>59</xmax>
			<ymax>118</ymax>
		</bndbox>
	</object>
	<object>
		<name>early_blight</name>
		<pose>Unspecified</pose>
		<truncated>0</truncated>
		<difficult>0</difficult>
		<bndbox>
			<xmin>57</xmin>
			<ymin>143</ymin>
			<xmax>89</xmax>
			<ymax>171</ymax>
		</bndbox>
	</object>
	<object>
		<name>early_blight</name>
		<pose>Unspecified</pose>
		<truncated>0</truncated>
		<difficult>0</difficult>
		<bndbox>
			<xmin>111</xmin>
			<ymin>179</ymin>
			<xmax>156</xmax>
			<ymax>210</ymax>
		</bndbox>
	</object>
</annotation>