<annotation><filename>0f824e18-3821-486c-81a1-f1f64cf6e767___RS_LB 4894.jpg</filename><size><width>224</width><height>224</height><depth>3</depth></size><object><name>disease</name><bndbox><xmin>84</xmin><ymin>33</ymin><xmax>142</xmax><ymax>96</ymax></bndbox></object><object><name>disease</name><bndbox><xmin>128</xmin><ymin>121</ymin><xmax>154</xmax><ymax>138</ymax></bndbox></object><object><name>disease</name><bndbox><xmin>146</xmin><ymin>15</ymin><xmax>179</xmax><ymax>50</ymax></bndbox></object><object><name>disease</name><bndbox><xmin>59</xmin><ymin>128</ymin><xmax>103</xmax><ymax>172</ymax></bndbox></object><object><name>disease</name><bndbox><xmin>30</xmin><ymin>109</ymin><xmax>50</xmax><ymax>132</ymax></bndbox></object><object><name>disease</name><bndbox><xmin>52</xmin><ymin>120</ymin><xmax>107</xmax><ymax>198</ymax></bndbox></object><object><name>disease</name><bndbox><xmin>63</xmin><ymin>176</ymin><xmax>84</xmax><ymax>202</ymax></bndbox></object></annotation>