<annotation><filename>0f9c098f-a6df-4a73-8c14-8e7d4dbb1b0b___RS_Early.B 7991.jpg</filename><size><width>224</width><height>224</height><depth>3</depth></size><object><name>disease</name><bndbox><xmin>111</xmin><ymin>86</ymin><xmax>150</xmax><ymax>120</ymax></bndbox></object><object><name>disease</name><bndbox><xmin>80</xmin><ymin>114</ymin><xmax>132</xmax><ymax>151</ymax></bndbox></object><object><name>disease</name><bndbox><xmin>43</xmin><ymin>65</ymin><xmax>97</xmax><ymax>100</ymax></bndbox></object><object><name>disease</name><bndbox><xmin>120</xmin><ymin>20</ymin><xmax>145</xmax><ymax>41</ymax></bndbox></object><object><name>disease</name><bndbox><xmin>175</xmin><ymin>75</ymin><xmax>203</xmax><ymax>101</ymax></bndbox></object><object><name>disease</name><bndbox><xmin>103</xmin><ymin>180</ymin><xmax>140</xmax><ymax>206</ymax></bndbox></object><object><name>disease</name><bndbox><xmin>88</xmin><ymin>159</ymin><xmax>105</xmax><ymax>175</ymax></bndbox></object><object><name>disease</name><bndbox><xmin>118</xmin><ymin>150</ymin><xmax>140</xmax><ymax>170</ymax></bndbox></object><object><name>disease</name><bndbox><xmin>86</xmin><ymin>38</ymin><xmax>119</xmax><ymax>66</ymax></bndbox></object><object><name>disease</name><bndbox><xmin>59</xmin><ymin>133</ymin><xmax>77</xmax><ymax>150</ymax></bndbox></object><object><name>disease</name><bndbox><xmin>24</xmin><ymin>102</ymin><xmax>73</xmax><ymax>183</ymax></bndbox></object><object><name>disease</name><bndbox><xmin>65</xmin><ymin>199</ymin><xmax>84</xmax><ymax>215</ymax></bndbox></object><object><name>disease</name><bndbox><xmin>138</xmin><ymin>39</ymin><xmax>197</xmax><ymax>79</ymax></bndbox></object><object><name>disease</name><bndbox><xmin>141</xmin><ymin>149</ymin><xmax>158</xmax><ymax>166</ymax></bndbox></object><object><name>disease</name><bndbox><xmin>137</xmin><ymin>98</ymin><xmax>186</xmax><ymax>160</ymax></bndbox></object><object><name>disease</name><bndbox><xmin>46</xmin><ymin>100</ymin><xmax>94</xmax><ymax>123</ymax></bndbox></object><object><name>disease</name><bndbox><xmin>159</xmin><ymin>52</ymin><xmax>200</xmax><ymax>66</ymax></bndbox></object></annotation>