<annotation><filename>0faca7fe-7254-4dfa-8388-bbc776338c9c___RS_Early.B 7929.jpg</filename><size><width>224</width><height>224</height><depth>3</depth></size><object><name>disease</name><bndbox><xmin>123</xmin><ymin>148</ymin><xmax>158</xmax><ymax>181</ymax></bndbox></object><object><name>disease</name><bndbox><xmin>30</xmin><ymin>87</ymin><xmax>51</xmax><ymax>102</ymax></bndbox></object><object><name>disease</name><bndbox><xmin>100</xmin><ymin>82</ymin><xmax>134</xmax><ymax>110</ymax></bndbox></object><object><name>disease</name><bndbox><xmin>63</xmin><ymin>165</ymin><xmax>100</xmax><ymax>196</ymax></bndbox></object><object><name>disease</name><bndbox><xmin>157</xmin><ymin>96</ymin><xmax>180</xmax><ymax>126</ymax></bndbox></object><object><name>disease</name><bndbox><xmin>92</xmin><ymin>29</ymin><xmax>123</xmax><ymax>71</ymax></bndbox></object><object><name>disease</name><bndbox><xmin>73</xmin><ymin>57</ymin><xmax>100</xmax><ymax>88</ymax></bndbox></object><object><name>disease</name><bndbox><xmin>115</xmin><ymin>113</ymin><xmax>136</xmax><ymax>131</ymax></bndbox></object><object><name>disease</name><bndbox><xmin>150</xmin><ymin>12</ymin><xmax>181</xmax><ymax>35</ymax></bndbox></object><object><name>disease</name><bndbox><xmin>46</xmin><ymin>110</ymin><xmax>79</xmax><ymax>130</ymax></bndbox></object><object><name>disease</name><bndbox><xmin>115</xmin><ymin>65</ymin><xmax>140</xmax><ymax>83</ymax></bndbox></object><object><name>disease</name><bndbox><xmin>13</xmin><ymin>113</ymin><xmax>37</xmax><ymax>140</ymax></bndbox></object><object><name>disease</name><bndbox><xmin>143</xmin><ymin>102</ymin><xmax>159</xmax><ymax>123</ymax></bndbox></object><object><name>disease</name><bndbox><xmin>174</xmin><ymin>37</ymin><xmax>191</xmax><ymax>57</ymax></bndbox></object><object><name>disease</name><bndbox><xmin>27</xmin><ymin>58</ymin><xmax>51</xmax><ymax>79</ymax></bndbox></object><object><name>disease</name><bndbox><xmin>162</xmin><ymin>39</ymin><xmax>194</xmax><ymax>75</ymax></bndbox></object><object><name>disease</name><bndbox><xmin>162</xmin><ymin>60</ymin><xmax>182</xmax><ymax>73</ymax></bndbox></object><object><name>disease</name><bndbox><xmin>6</xmin><ymin>129</ymin><xmax>48</xmax><ymax>163</ymax></bndbox></object><object><name>disease</name><bndbox><xmin>22</xmin><ymin>141</ymin><xmax>47</xmax><ymax>157</ymax></bndbox></object><object><name>disease</name><bndbox><xmin>122</xmin><ymin>136</ymin><xmax>135</xmax><ymax>148</ymax></bndbox></object><object><name>disease</name><bndbox><xmin>76</xmin><ymin>129</ymin><xmax>118</xmax><ymax>145</ymax></bndbox></object><object><name>disease</name><bndbox><xmin>140</xmin><ymin>63</ymin><xmax>154</xmax><ymax>80</ymax></bndbox></object></annotation>