<annotation><filename>0fd22207-cb37-42a1-965f-7dfe43f9d579___RS_Early.B 6876.jpg</filename><size><width>224</width><height>224</height><depth>3</depth></size><object><name>disease</name><bndbox><xmin>50</xmin><ymin>164</ymin><xmax>83</xmax><ymax>185</ymax></bndbox></object><object><name>disease</name><bndbox><xmin>93</xmin><ymin>52</ymin><xmax>143</xmax><ymax>90</ymax></bndbox></object><object><name>disease</name><bndbox><xmin>59</xmin><ymin>74</ymin><xmax>85</xmax><ymax>92</ymax></bndbox></object><object><name>disease</name><bndbox><xmin>17</xmin><ymin>17</ymin><xmax>33</xmax><ymax>29</ymax></bndbox></object><object><name>disease</name><bndbox><xmin>39</xmin><ymin>132</ymin><xmax>60</xmax><ymax>148</ymax></bndbox></object><object><name>disease</name><bndbox><xmin>144</xmin><ymin>128</ymin><xmax>176</xmax><ymax>159</ymax></bndbox></object><object><name>disease</name><bndbox><xmin>92</xmin><ymin>172</ymin><xmax>111</xmax><ymax>188</ymax></bndbox></object><object><name>disease</name><bndbox><xmin>103</xmin><ymin>106</ymin><xmax>144</xmax><ymax>135</ymax></bndbox></object><object><name>disease</name><bndbox><xmin>115</xmin><ymin>140</ymin><xmax>141</xmax><ymax>155</ymax></bndbox></object><object><name>disease</name><bndbox><xmin>99</xmin><ymin>82</ymin><xmax>124</xmax><ymax>117</ymax></bndbox></object><object><name>disease</name><bndbox><xmin>62</xmin><ymin>31</ymin><xmax>78</xmax><ymax>43</ymax></bndbox></object><object><name>disease</name><bndbox><xmin>122</xmin><ymin>72</ymin><xmax>140</xmax><ymax>89</ymax></bndbox></object><object><name>disease</name><bndbox><xmin>204</xmin><ymin>109</ymin><xmax>213</xmax><ymax>123</ymax></bndbox></object><object><name>disease</name><bndbox><xmin>100</xmin><ymin>87</ymin><xmax>146</xmax><ymax>146</ymax></bndbox></object></annotation>