<annotation>
	<folder>my-project-name</folder>
	<filename>0fe7786d-0e2f-4705-839d-898f1d9214b0___RS_LB 2836.jpg</filename>
	<path>/my-project-name/0fe7786d-0e2f-4705-839d-898f1d9214b0___RS_LB 2836.jpg</path>
	<source>
		<database>Unspecified</database>
	</source>
	<size>
		<width>224</width>
		<height>224</height>
		<depth>3</depth>
	</size>
	<object>
		<name>early_blight</name>
		<pose>Unspecified</pose>
		<truncated>0</truncated>
		<difficult>0</difficult>
		<bndbox>
			<xmin>98</xmin>
			<ymin>118</ymin>
			<xmax>174</xmax>
			<ymax>165</ymax>
		</bndbox>
	</object>
</annotation>