<annotation><filename>11540_2024_9693_Fig1_HTML.jpg</filename><size><width>224</width><height>224</height><depth>3</depth></size><object><name>disease</name><bndbox><xmin>122</xmin><ymin>13</ymin><xmax>138</xmax><ymax>38</ymax></bndbox></object><object><name>disease</name><bndbox><xmin>113</xmin><ymin>112</ymin><xmax>138</xmax><ymax>135</ymax></bndbox></object><object><name>disease</name><bndbox><xmin>183</xmin><ymin>74</ymin><xmax>205</xmax><ymax>100</ymax></bndbox></object><object><name>disease</name><bndbox><xmin>126</xmin><ymin>186</ymin><xmax>142</xmax><ymax>204</ymax></bndbox></object><object><name>disease</name><bndbox><xmin>127</xmin><ymin>39</ymin><xmax>163</xmax><ymax>94</ymax></bndbox></object><object><name>disease</name><bndbox><xmin>108</xmin><ymin>53</ymin><xmax>128</xmax><ymax>83</ymax></bndbox></object><object><name>disease</name><bndbox><xmin>49</xmin><ymin>5</ymin><xmax>73</xmax><ymax>37</ymax></bndbox></object><object><name>disease</name><bndbox><xmin>202</xmin><ymin>128</ymin><xmax>213</xmax><ymax>140</ymax></bndbox></object><object><name>disease</name><bndbox><xmin>22</xmin><ymin>108</ymin><xmax>80</xmax><ymax>198</ymax></bndbox></object><object><name>disease</name><bndbox><xmin>69</xmin><ymin>33</ymin><xmax>81</xmax><ymax>56</ymax></bndbox></object><object><name>disease</name><bndbox><xmin>98</xmin><ymin>185</ymin><xmax>112</xmax><ymax>196</ymax></bndbox></object><object><name>disease</name><bndbox><xmin>56</xmin><ymin>122</ymin><xmax>76</xmax><ymax>138</ymax></bndbox></object></annotation>