<annotation>
	<folder>my-project-name</folder>
	<filename>1a146bf4-5696-4e19-842e-9e0e1ac7ac6d___RS_LB 5023.jpg</filename>
	<path>/my-project-name/1a146bf4-5696-4e19-842e-9e0e1ac7ac6d___RS_LB 5023.jpg</path>
	<source>
		<database>Unspecified</database>
	</source>
	<size>
		<width>224</width>
		<height>224</height>
		<depth>3</depth>
	</size>
	<object>
		<name>early_blight</name>
		<pose>Unspecified</pose>
		<truncated>0</truncated>
		<difficult>0</difficult>
		<bndbox>
			<xmin>61</xmin>
			<ymin>91</ymin>
			<xmax>107</xmax>
			<ymax>114</ymax>
		</bndbox>
	</object>
	<object>
		<name>early_blight</name>
		<pose>Unspecified</pose>
		<truncated>0</truncated>
		<difficult>0</difficult>
		<bndbox>
			<xmin>82</xmin>
			<ymin>41</ymin>
			<xmax>112</xmax>
			<ymax>68</ymax>
		</bndbox>
	</object>
	<object>
		<name>early_blight</name>
		<pose>Unspecified</pose>
		<truncated>0</truncated>
		<difficult>0</difficult>
		<bndbox>
			<xmin>93</xmin>
			<ymin>78</ymin>
			<xmax>124</xmax>
			<ymax>93</ymax>
		</bndbox>
	</object>
	<object>
		<name>early_blight</name>
		<pose>Unspecified</pose>
		<truncated>0</truncated>
		<difficult>0</difficult>
		<bndbox>
			<xmin>111</xmin>
			<ymin>87</ymin>
			<xmax>171</xmax>
			<ymax>137</ymax>
		</bndbox>
	</object>
	<object>
		<name>early_blight</name>
		<pose>Unspecified</pose>
		<truncated>0</truncated>
		<difficult>0</difficult>
		<bndbox>
			<xmin>34</xmin>
			<ymin>22</ymin>
			<xmax>49</xmax>
			<ymax>49</ymax>
		</bndbox>
	</object>
</annotation>