<annotation><filename>1a18d84a-8811-4806-830f-d10e98b1800e___RS_LB 3919.jpg</filename><size><width>224</width><height>224</height><depth>3</depth></size><object><name>disease</name><bndbox><xmin>113</xmin><ymin>133</ymin><xmax>171</xmax><ymax>193</ymax></bndbox></object><object><name>disease</name><bndbox><xmin>36</xmin><ymin>75</ymin><xmax>87</xmax><ymax>139</ymax></bndbox></object><object><name>disease</name><bndbox><xmin>11</xmin><ymin>56</ymin><xmax>35</xmax><ymax>75</ymax></bndbox></object></annotation>