<annotation><filename>1a2970b6-bafd-4812-93bc-57ff969e1045___RS_Early.B 7330.jpg</filename><size><width>224</width><height>224</height><depth>3</depth></size><object><name>disease</name><bndbox><xmin>115</xmin><ymin>83</ymin><xmax>156</xmax><ymax>104</ymax></bndbox></object><object><name>disease</name><bndbox><xmin>160</xmin><ymin>93</ymin><xmax>200</xmax><ymax>112</ymax></bndbox></object><object><name>disease</name><bndbox><xmin>145</xmin><ymin>59</ymin><xmax>166</xmax><ymax>79</ymax></bndbox></object><object><name>disease</name><bndbox><xmin>79</xmin><ymin>118</ymin><xmax>114</xmax><ymax>150</ymax></bndbox></object><object><name>disease</name><bndbox><xmin>120</xmin><ymin>144</ymin><xmax>154</xmax><ymax>175</ymax></bndbox></object><object><name>disease</name><bndbox><xmin>142</xmin><ymin>132</ymin><xmax>164</xmax><ymax>146</ymax></bndbox></object><object><name>disease</name><bndbox><xmin>85</xmin><ymin>127</ymin><xmax>112</xmax><ymax>147</ymax></bndbox></object><object><name>disease</name><bndbox><xmin>46</xmin><ymin>124</ymin><xmax>68</xmax><ymax>138</ymax></bndbox></object></annotation>