<annotation><filename>1a38f06b-da2a-4c57-bef1-a73254896403___RS_Early.B 9178.jpg</filename><size><width>224</width><height>224</height><depth>3</depth></size><object><name>disease</name><bndbox><xmin>129</xmin><ymin>54</ymin><xmax>147</xmax><ymax>82</ymax></bndbox></object><object><name>disease</name><bndbox><xmin>34</xmin><ymin>143</ymin><xmax>55</xmax><ymax>165</ymax></bndbox></object><object><name>disease</name><bndbox><xmin>50</xmin><ymin>103</ymin><xmax>74</xmax><ymax>141</ymax></bndbox></object><object><name>disease</name><bndbox><xmin>112</xmin><ymin>165</ymin><xmax>132</xmax><ymax>178</ymax></bndbox></object><object><name>disease</name><bndbox><xmin>33</xmin><ymin>180</ymin><xmax>50</xmax><ymax>195</ymax></bndbox></object><object><name>disease</name><bndbox><xmin>144</xmin><ymin>51</ymin><xmax>164</xmax><ymax>70</ymax></bndbox></object><object><name>disease</name><bndbox><xmin>92</xmin><ymin>23</ymin><xmax>108</xmax><ymax>40</ymax></bndbox></object><object><name>disease</name><bndbox><xmin>104</xmin><ymin>115</ymin><xmax>126</xmax><ymax>133</ymax></bndbox></object><object><name>disease</name><bndbox><xmin>156</xmin><ymin>74</ymin><xmax>203</xmax><ymax>100</ymax></bndbox></object><object><name>disease</name><bndbox><xmin>158</xmin><ymin>16</ymin><xmax>173</xmax><ymax>26</ymax></bndbox></object><object><name>disease</name><bndbox><xmin>84</xmin><ymin>102</ymin><xmax>102</xmax><ymax>120</ymax></bndbox></object><object><name>disease</name><bndbox><xmin>62</xmin><ymin>158</ymin><xmax>92</xmax><ymax>206</ymax></bndbox></object><object><name>disease</name><bndbox><xmin>172</xmin><ymin>74</ymin><xmax>201</xmax><ymax>91</ymax></bndbox></object><object><name>disease</name><bndbox><xmin>149</xmin><ymin>80</ymin><xmax>163</xmax><ymax>93</ymax></bndbox></object><object><name>disease</name><bndbox><xmin>173</xmin><ymin>88</ymin><xmax>189</xmax><ymax>102</ymax></bndbox></object></annotation>