<annotation>
	<folder>my-project-name</folder>
	<filename>1a5f4258-21df-4334-a933-2ef073c932ba___RS_LB 3089.jpg</filename>
	<path>/my-project-name/1a5f4258-21df-4334-a933-2ef073c932ba___RS_LB 3089.jpg</path>
	<source>
		<database>Unspecified</database>
	</source>
	<size>
		<width>224</width>
		<height>224</height>
		<depth>3</depth>
	</size>
	<object>
		<name>early_blight</name>
		<pose>Unspecified</pose>
		<truncated>0</truncated>
		<difficult>0</difficult>
		<bndbox>
			<xmin>98</xmin>
			<ymin>74</ymin>
			<xmax>163</xmax>
			<ymax>159</ymax>
		</bndbox>
	</object>
	<object>
		<name>early_blight</name>
		<pose>Unspecified</pose>
		<truncated>0</truncated>
		<difficult>0</difficult>
		<bndbox>
			<xmin>26</xmin>
			<ymin>36</ymin>
			<xmax>94</xmax>
			<ymax>132</ymax>
		</bndbox>
	</object>
</annotation>