<annotation>
	<folder>my-project-name</folder>
	<filename>1a77c047-7ed8-4f02-bfaf-a19e7a67c3dd___RS_Early.B 7076.jpg</filename>
	<path>/my-project-name/1a77c047-7ed8-4f02-bfaf-a19e7a67c3dd___RS_Early.B 7076.jpg</path>
	<source>
		<database>Unspecified</database>
	</source>
	<size>
		<width>224</width>
		<height>224</height>
		<depth>3</depth>
	</size>
	<object>
		<name>early_blight</name>
		<pose>Unspecified</pose>
		<truncated>0</truncated>
		<difficult>0</difficult>
		<bndbox>
			<xmin>25</xmin>
			<ymin>18</ymin>
			<xmax>79</xmax>
			<ymax>93</ymax>
		</bndbox>
	</object>
	<object>
		<name>early_blight</name>
		<pose>Unspecified</pose>
		<truncated>0</truncated>
		<difficult>0</difficult>
		<bndbox>
			<xmin>91</xmin>
			<ymin>64</ymin>
			<xmax>124</xmax>
			<ymax>108</ymax>
		</bndbox>
	</object>
	<object>
		<name>early_blight</name>
		<pose>Unspecified</pose>
		<truncated>0</truncated>
		<difficult>0</difficult>
		<bndbox>
			<xmin>139</xmin>
			<ymin>31</ymin>
			<xmax>167</xmax>
			<ymax>66</ymax>
		</bndbox>
	</object>
	<object>
		<name>early_blight</name>
		<pose>Unspecified</pose>
		<truncated>0</truncated>
		<difficult>0</difficult>
		<bndbox>
			<xmin>129</xmin>
			<ymin>92</ymin>
			<xmax>148</xmax>
			<ymax>122</ymax>
		</bndbox>
	</object>
	<object>
		<name>early_blight</name>
		<pose>Unspecified</pose>
		<truncated>0</truncated>
		<difficult>0</difficult>
		<bndbox>
			<xmin>100</xmin>
			<ymin>123</ymin>
			<xmax>127</xmax>
			<ymax>145</ymax>
		</bndbox>
	</object>
	<object>
		<name>early_blight</name>
		<pose>Unspecified</pose>
		<truncated>0</truncated>
		<difficult>0</difficult>
		<bndbox>
			<xmin>50</xmin>
			<ymin>114</ymin>
			<xmax>84</xmax>
			<ymax>133</ymax>
		</bndbox>
	</object>
	<object>
		<name>early_blight</name>
		<pose>Unspecified</pose>
		<truncated>0</truncated>
		<difficult>0</difficult>
		<bndbox>
			<xmin>17</xmin>
			<ymin>82</ymin>
			<xmax>42</xmax>
			<ymax>111</ymax>
		</bndbox>
	</object>
	<object>
		<name>early_blight</name>
		<pose>Unspecified</pose>
		<truncated>0</truncated>
		<difficult>0</difficult>
		<bndbox>
			<xmin>51</xmin>
			<ymin>145</ymin>
			<xmax>79</xmax>
			<ymax>164</ymax>
		</bndbox>
	</object>
	<object>
		<name>early_blight</name>
		<pose>Unspecified</pose>
		<truncated>0</truncated>
		<difficult>0</difficult>
		<bndbox>
			<xmin>141</xmin>
			<ymin>155</ymin>
			<xmax>169</xmax>
			<ymax>175</ymax>
		</bndbox>
	</object>
	<object>
		<name>early_blight</name>
		<pose>Unspecified</pose>
		<truncated>0</truncated>
		<difficult>0</difficult>
		<bndbox>
			<xmin>154</xmin>
			<ymin>170</ymin>
			<xmax>187</xmax>
			<ymax>201</ymax>
		</bndbox>
	</object>
	<object>
		<name>early_blight</name>
		<pose>Unspecified</pose>
		<truncated>0</truncated>
		<difficult>0</difficult>
		<bndbox>
			<xmin>176</xmin>
			<ymin>121</ymin>
			<xmax>199</xmax>
			<ymax>151</ymax>
		</bndbox>
	</object>
	<object>
		<name>early_blight</name>
		<pose>Unspecified</pose>
		<truncated>0</truncated>
		<difficult>0</difficult>
		<bndbox>
			<xmin>77</xmin>
			<ymin>176</ymin>
			<xmax>102</xmax>
			<ymax>192</ymax>
		</bndbox>
	</object>
</annotation>