<annotation>
	<folder>my-project-name</folder>
	<filename>1ab62af3-c0a5-4fab-bb62-e06d6f7ddb59___RS_LB 2908.jpg</filename>
	<path>/my-project-name/1ab62af3-c0a5-4fab-bb62-e06d6f7ddb59___RS_LB 2908.jpg</path>
	<source>
		<database>Unspecified</database>
	</source>
	<size>
		<width>224</width>
		<height>224</height>
		<depth>3</depth>
	</size>
	<object>
		<name>early_blight</name>
		<pose>Unspecified</pose>
		<truncated>0</truncated>
		<difficult>0</difficult>
		<bndbox>
			<xmin>19</xmin>
			<ymin>23</ymin>
			<xmax>172</xmax>
			<ymax>148</ymax>
		</bndbox>
	</object>
</annotation>