<annotation><filename>1b0a2898-00b9-4a12-b4dc-a89b77b9e8b7___RS_Early.B 6928.jpg</filename><size><width>224</width><height>224</height><depth>3</depth></size><object><name>disease</name><bndbox><xmin>127</xmin><ymin>165</ymin><xmax>154</xmax><ymax>182</ymax></bndbox></object><object><name>disease</name><bndbox><xmin>34</xmin><ymin>101</ymin><xmax>100</xmax><ymax>163</ymax></bndbox></object><object><name>disease</name><bndbox><xmin>164</xmin><ymin>85</ymin><xmax>193</xmax><ymax>123</ymax></bndbox></object><object><name>disease</name><bndbox><xmin>147</xmin><ymin>138</ymin><xmax>179</xmax><ymax>166</ymax></bndbox></object><object><name>disease</name><bndbox><xmin>127</xmin><ymin>35</ymin><xmax>163</xmax><ymax>81</ymax></bndbox></object><object><name>disease</name><bndbox><xmin>93</xmin><ymin>97</ymin><xmax>116</xmax><ymax>117</ymax></bndbox></object><object><name>disease</name><bndbox><xmin>63</xmin><ymin>70</ymin><xmax>83</xmax><ymax>97</ymax></bndbox></object><object><name>disease</name><bndbox><xmin>101</xmin><ymin>35</ymin><xmax>119</xmax><ymax>51</ymax></bndbox></object><object><name>disease</name><bndbox><xmin>120</xmin><ymin>95</ymin><xmax>139</xmax><ymax>122</ymax></bndbox></object><object><name>disease</name><bndbox><xmin>127</xmin><ymin>12</ymin><xmax>160</xmax><ymax>25</ymax></bndbox></object><object><name>disease</name><bndbox><xmin>72</xmin><ymin>168</ymin><xmax>93</xmax><ymax>182</ymax></bndbox></object><object><name>disease</name><bndbox><xmin>136</xmin><ymin>78</ymin><xmax>153</xmax><ymax>87</ymax></bndbox></object><object><name>disease</name><bndbox><xmin>119</xmin><ymin>153</ymin><xmax>131</xmax><ymax>165</ymax></bndbox></object><object><name>disease</name><bndbox><xmin>130</xmin><ymin>130</ymin><xmax>148</xmax><ymax>141</ymax></bndbox></object></annotation>