<annotation>
	<folder>my-project-name</folder>
	<filename>1b4304a9-88c2-4c09-bfea-830fa162a35a___RS_Early.B 7188.jpg</filename>
	<path>/my-project-name/1b4304a9-88c2-4c09-bfea-830fa162a35a___RS_Early.B 7188.jpg</path>
	<source>
		<database>Unspecified</database>
	</source>
	<size>
		<width>224</width>
		<height>224</height>
		<depth>3</depth>
	</size>
	<object>
		<name>early_blight</name>
		<pose>Unspecified</pose>
		<truncated>0</truncated>
		<difficult>0</difficult>
		<bndbox>
			<xmin>117</xmin>
			<ymin>62</ymin>
			<xmax>149</xmax>
			<ymax>109</ymax>
		</bndbox>
	</object>
	<object>
		<name>early_blight</name>
		<pose>Unspecified</pose>
		<truncated>0</truncated>
		<difficult>0</difficult>
		<bndbox>
			<xmin>167</xmin>
			<ymin>63</ymin>
			<xmax>195</xmax>
			<ymax>88</ymax>
		</bndbox>
	</object>
	<object>
		<name>early_blight</name>
		<pose>Unspecified</pose>
		<truncated>0</truncated>
		<difficult>0</difficult>
		<bndbox>
			<xmin>153</xmin>
			<ymin>88</ymin>
			<xmax>173</xmax>
			<ymax>121</ymax>
		</bndbox>
	</object>
	<object>
		<name>early_blight</name>
		<pose>Unspecified</pose>
		<truncated>0</truncated>
		<difficult>0</difficult>
		<bndbox>
			<xmin>106</xmin>
			<ymin>34</ymin>
			<xmax>121</xmax>
			<ymax>48</ymax>
		</bndbox>
	</object>
	<object>
		<name>early_blight</name>
		<pose>Unspecified</pose>
		<truncated>0</truncated>
		<difficult>0</difficult>
		<bndbox>
			<xmin>40</xmin>
			<ymin>97</ymin>
			<xmax>59</xmax>
			<ymax>118</ymax>
		</bndbox>
	</object>
	<object>
		<name>early_blight</name>
		<pose>Unspecified</pose>
		<truncated>0</truncated>
		<difficult>0</difficult>
		<bndbox>
			<xmin>61</xmin>
			<ymin>86</ymin>
			<xmax>92</xmax>
			<ymax>108</ymax>
		</bndbox>
	</object>
	<object>
		<name>early_blight</name>
		<pose>Unspecified</pose>
		<truncated>0</truncated>
		<difficult>0</difficult>
		<bndbox>
			<xmin>81</xmin>
			<ymin>149</ymin>
			<xmax>111</xmax>
			<ymax>186</ymax>
		</bndbox>
	</object>
	<object>
		<name>early_blight</name>
		<pose>Unspecified</pose>
		<truncated>0</truncated>
		<difficult>0</difficult>
		<bndbox>
			<xmin>121</xmin>
			<ymin>148</ymin>
			<xmax>154</xmax>
			<ymax>171</ymax>
		</bndbox>
	</object>
	<object>
		<name>early_blight</name>
		<pose>Unspecified</pose>
		<truncated>0</truncated>
		<difficult>0</difficult>
		<bndbox>
			<xmin>96</xmin>
			<ymin>115</ymin>
			<xmax>118</xmax>
			<ymax>129</ymax>
		</bndbox>
	</object>
	<object>
		<name>early_blight</name>
		<pose>Unspecified</pose>
		<truncated>0</truncated>
		<difficult>0</difficult>
		<bndbox>
			<xmin>35</xmin>
			<ymin>135</ymin>
			<xmax>65</xmax>
			<ymax>159</ymax>
		</bndbox>
	</object>
	<object>
		<name>early_blight</name>
		<pose>Unspecified</pose>
		<truncated>0</truncated>
		<difficult>0</difficult>
		<bndbox>
			<xmin>48</xmin>
			<ymin>174</ymin>
			<xmax>122</xmax>
			<ymax>200</ymax>
		</bndbox>
	</object>
	<object>
		<name>early_blight</name>
		<pose>Unspecified</pose>
		<truncated>0</truncated>
		<difficult>0</difficult>
		<bndbox>
			<xmin>22</xmin>
			<ymin>111</ymin>
			<xmax>30</xmax>
			<ymax>128</ymax>
		</bndbox>
	</object>
</annotation>