<annotation><filename>1b7342d7-5d89-4ee3-8b4f-587d79187511___RS_LB 4416.jpg</filename><size><width>224</width><height>224</height><depth>3</depth></size><object><name>disease</name><bndbox><xmin>57</xmin><ymin>25</ymin><xmax>107</xmax><ymax>69</ymax></bndbox></object><object><name>disease</name><bndbox><xmin>120</xmin><ymin>100</ymin><xmax>147</xmax><ymax>133</ymax></bndbox></object><object><name>disease</name><bndbox><xmin>109</xmin><ymin>92</ymin><xmax>160</xmax><ymax>143</ymax></bndbox></object></annotation>