<annotation><filename>1b8ae46e-1202-4715-8ad1-fd18046c42d3___RS_LB 3880.jpg</filename><size><width>224</width><height>224</height><depth>3</depth></size><object><name>disease</name><bndbox><xmin>38</xmin><ymin>110</ymin><xmax>80</xmax><ymax>149</ymax></bndbox></object><object><name>disease</name><bndbox><xmin>137</xmin><ymin>84</ymin><xmax>177</xmax><ymax>128</ymax></bndbox></object><object><name>disease</name><bndbox><xmin>114</xmin><ymin>140</ymin><xmax>141</xmax><ymax>174</ymax></bndbox></object></annotation>