<annotation><filename>1b8a25_463a05ad4ddb4544ad08b0fe4649e599~mv2.jpg</filename><size><width>224</width><height>224</height><depth>3</depth></size><object><name>disease</name><bndbox><xmin>112</xmin><ymin>90</ymin><xmax>158</xmax><ymax>134</ymax></bndbox></object><object><name>disease</name><bndbox><xmin>72</xmin><ymin>78</ymin><xmax>104</xmax><ymax>131</ymax></bndbox></object><object><name>disease</name><bndbox><xmin>83</xmin><ymin>23</ymin><xmax>122</xmax><ymax>39</ymax></bndbox></object><object><name>disease</name><bndbox><xmin>162</xmin><ymin>77</ymin><xmax>181</xmax><ymax>94</ymax></bndbox></object><object><name>disease</name><bndbox><xmin>131</xmin><ymin>179</ymin><xmax>151</xmax><ymax>208</ymax></bndbox></object><object><name>disease</name><bndbox><xmin>128</xmin><ymin>33</ymin><xmax>164</xmax><ymax>73</ymax></bndbox></object><object><name>disease</name><bndbox><xmin>63</xmin><ymin>186</ymin><xmax>88</xmax><ymax>216</ymax></bndbox></object></annotation>