<annotation><filename>1b8f80ae-38a2-4d08-ae92-f80ff4459a73___RS_LB 2554.jpg</filename><size><width>224</width><height>224</height><depth>3</depth></size><object><name>disease</name><bndbox><xmin>66</xmin><ymin>115</ymin><xmax>170</xmax><ymax>177</ymax></bndbox></object><object><name>disease</name><bndbox><xmin>73</xmin><ymin>75</ymin><xmax>102</xmax><ymax>115</ymax></bndbox></object><object><name>disease</name><bndbox><xmin>163</xmin><ymin>130</ymin><xmax>175</xmax><ymax>141</ymax></bndbox></object><object><name>disease</name><bndbox><xmin>60</xmin><ymin>69</ymin><xmax>173</xmax><ymax>191</ymax></bndbox></object><object><name>disease</name><bndbox><xmin>65</xmin><ymin>118</ymin><xmax>121</xmax><ymax>153</ymax></bndbox></object></annotation>