<annotation><filename>1c207156-339d-4ec9-9153-9edb3bc95b5f___RS_LB 4833.jpg</filename><size><width>224</width><height>224</height><depth>3</depth></size><object><name>disease</name><bndbox><xmin>96</xmin><ymin>182</ymin><xmax>122</xmax><ymax>205</ymax></bndbox></object><object><name>disease</name><bndbox><xmin>52</xmin><ymin>62</ymin><xmax>103</xmax><ymax>183</ymax></bndbox></object><object><name>disease</name><bndbox><xmin>45</xmin><ymin>140</ymin><xmax>79</xmax><ymax>178</ymax></bndbox></object><object><name>disease</name><bndbox><xmin>168</xmin><ymin>31</ymin><xmax>195</xmax><ymax>82</ymax></bndbox></object><object><name>disease</name><bndbox><xmin>42</xmin><ymin>194</ymin><xmax>56</xmax><ymax>212</ymax></bndbox></object><object><name>disease</name><bndbox><xmin>115</xmin><ymin>50</ymin><xmax>178</xmax><ymax>165</ymax></bndbox></object><object><name>disease</name><bndbox><xmin>144</xmin><ymin>125</ymin><xmax>171</xmax><ymax>161</ymax></bndbox></object></annotation>