<annotation><filename>1c42eae7-29c8-42fd-b05a-9b8255790f6f___RS_Early.B 7719.jpg</filename><size><width>224</width><height>224</height><depth>3</depth></size><object><name>disease</name><bndbox><xmin>91</xmin><ymin>156</ymin><xmax>119</xmax><ymax>175</ymax></bndbox></object><object><name>disease</name><bndbox><xmin>34</xmin><ymin>130</ymin><xmax>53</xmax><ymax>148</ymax></bndbox></object><object><name>disease</name><bndbox><xmin>126</xmin><ymin>112</ymin><xmax>147</xmax><ymax>131</ymax></bndbox></object><object><name>disease</name><bndbox><xmin>127</xmin><ymin>140</ymin><xmax>153</xmax><ymax>155</ymax></bndbox></object><object><name>disease</name><bndbox><xmin>179</xmin><ymin>60</ymin><xmax>194</xmax><ymax>78</ymax></bndbox></object><object><name>disease</name><bndbox><xmin>154</xmin><ymin>119</ymin><xmax>177</xmax><ymax>144</ymax></bndbox></object><object><name>disease</name><bndbox><xmin>45</xmin><ymin>110</ymin><xmax>81</xmax><ymax>131</ymax></bndbox></object><object><name>disease</name><bndbox><xmin>157</xmin><ymin>74</ymin><xmax>178</xmax><ymax>91</ymax></bndbox></object><object><name>disease</name><bndbox><xmin>82</xmin><ymin>88</ymin><xmax>109</xmax><ymax>123</ymax></bndbox></object><object><name>disease</name><bndbox><xmin>111</xmin><ymin>64</ymin><xmax>131</xmax><ymax>105</ymax></bndbox></object><object><name>disease</name><bndbox><xmin>38</xmin><ymin>72</ymin><xmax>60</xmax><ymax>106</ymax></bndbox></object><object><name>disease</name><bndbox><xmin>21</xmin><ymin>91</ymin><xmax>34</xmax><ymax>117</ymax></bndbox></object><object><name>disease</name><bndbox><xmin>70</xmin><ymin>126</ymin><xmax>99</xmax><ymax>157</ymax></bndbox></object><object><name>disease</name><bndbox><xmin>126</xmin><ymin>112</ymin><xmax>181</xmax><ymax>141</ymax></bndbox></object><object><name>disease</name><bndbox><xmin>112</xmin><ymin>78</ymin><xmax>129</xmax><ymax>101</ymax></bndbox></object></annotation>