<annotation><filename>1c6ec55e-182e-4b7c-b416-07029edfc970___RS_LB 3950.jpg</filename><size><width>224</width><height>224</height><depth>3</depth></size><object><name>disease</name><bndbox><xmin>33</xmin><ymin>99</ymin><xmax>105</xmax><ymax>139</ymax></bndbox></object><object><name>disease</name><bndbox><xmin>107</xmin><ymin>142</ymin><xmax>160</xmax><ymax>183</ymax></bndbox></object><object><name>disease</name><bndbox><xmin>98</xmin><ymin>90</ymin><xmax>114</xmax><ymax>104</ymax></bndbox></object></annotation>