<annotation><filename>1ca9e3ba-e029-48bf-b207-e8cb3546f953___RS_Early.B 7978.jpg</filename><size><width>224</width><height>224</height><depth>3</depth></size><object><name>disease</name><bndbox><xmin>31</xmin><ymin>84</ymin><xmax>56</xmax><ymax>105</ymax></bndbox></object><object><name>disease</name><bndbox><xmin>75</xmin><ymin>118</ymin><xmax>122</xmax><ymax>143</ymax></bndbox></object><object><name>disease</name><bndbox><xmin>22</xmin><ymin>123</ymin><xmax>61</xmax><ymax>145</ymax></bndbox></object><object><name>disease</name><bndbox><xmin>111</xmin><ymin>83</ymin><xmax>154</xmax><ymax>109</ymax></bndbox></object><object><name>disease</name><bndbox><xmin>131</xmin><ymin>122</ymin><xmax>150</xmax><ymax>155</ymax></bndbox></object><object><name>disease</name><bndbox><xmin>79</xmin><ymin>31</ymin><xmax>98</xmax><ymax>52</ymax></bndbox></object><object><name>disease</name><bndbox><xmin>54</xmin><ymin>166</ymin><xmax>87</xmax><ymax>190</ymax></bndbox></object><object><name>disease</name><bndbox><xmin>53</xmin><ymin>34</ymin><xmax>76</xmax><ymax>72</ymax></bndbox></object><object><name>disease</name><bndbox><xmin>93</xmin><ymin>160</ymin><xmax>117</xmax><ymax>176</ymax></bndbox></object><object><name>disease</name><bndbox><xmin>53</xmin><ymin>151</ymin><xmax>69</xmax><ymax>165</ymax></bndbox></object><object><name>disease</name><bndbox><xmin>21</xmin><ymin>103</ymin><xmax>37</xmax><ymax>117</ymax></bndbox></object><object><name>disease</name><bndbox><xmin>73</xmin><ymin>65</ymin><xmax>97</xmax><ymax>85</ymax></bndbox></object><object><name>disease</name><bndbox><xmin>133</xmin><ymin>182</ymin><xmax>172</xmax><ymax>210</ymax></bndbox></object><object><name>disease</name><bndbox><xmin>138</xmin><ymin>183</ymin><xmax>156</xmax><ymax>206</ymax></bndbox></object><object><name>disease</name><bndbox><xmin>60</xmin><ymin>112</ymin><xmax>76</xmax><ymax>125</ymax></bndbox></object><object><name>disease</name><bndbox><xmin>60</xmin><ymin>10</ymin><xmax>88</xmax><ymax>25</ymax></bndbox></object></annotation>