<annotation><filename>1cb05d87-027d-4bf0-b5c4-4c1a57896ac6___RS_Early.B 7936.jpg</filename><size><width>224</width><height>224</height><depth>3</depth></size><object><name>disease</name><bndbox><xmin>125</xmin><ymin>74</ymin><xmax>185</xmax><ymax>128</ymax></bndbox></object><object><name>disease</name><bndbox><xmin>21</xmin><ymin>90</ymin><xmax>75</xmax><ymax>122</ymax></bndbox></object><object><name>disease</name><bndbox><xmin>16</xmin><ymin>68</ymin><xmax>52</xmax><ymax>88</ymax></bndbox></object><object><name>disease</name><bndbox><xmin>110</xmin><ymin>57</ymin><xmax>140</xmax><ymax>77</ymax></bndbox></object><object><name>disease</name><bndbox><xmin>56</xmin><ymin>126</ymin><xmax>91</xmax><ymax>158</ymax></bndbox></object><object><name>disease</name><bndbox><xmin>125</xmin><ymin>20</ymin><xmax>148</xmax><ymax>41</ymax></bndbox></object><object><name>disease</name><bndbox><xmin>51</xmin><ymin>48</ymin><xmax>73</xmax><ymax>75</ymax></bndbox></object><object><name>disease</name><bndbox><xmin>72</xmin><ymin>63</ymin><xmax>104</xmax><ymax>112</ymax></bndbox></object><object><name>disease</name><bndbox><xmin>152</xmin><ymin>126</ymin><xmax>165</xmax><ymax>137</ymax></bndbox></object><object><name>disease</name><bndbox><xmin>33</xmin><ymin>120</ymin><xmax>52</xmax><ymax>131</ymax></bndbox></object><object><name>disease</name><bndbox><xmin>67</xmin><ymin>30</ymin><xmax>94</xmax><ymax>51</ymax></bndbox></object><object><name>disease</name><bndbox><xmin>65</xmin><ymin>168</ymin><xmax>89</xmax><ymax>183</ymax></bndbox></object><object><name>disease</name><bndbox><xmin>86</xmin><ymin>50</ymin><xmax>106</xmax><ymax>63</ymax></bndbox></object><object><name>disease</name><bndbox><xmin>177</xmin><ymin>77</ymin><xmax>198</xmax><ymax>93</ymax></bndbox></object><object><name>disease</name><bndbox><xmin>87</xmin><ymin>6</ymin><xmax>113</xmax><ymax>32</ymax></bndbox></object><object><name>disease</name><bndbox><xmin>73</xmin><ymin>78</ymin><xmax>99</xmax><ymax>106</ymax></bndbox></object></annotation>