<annotation><filename>1cd053f6-0016-4680-a924-af15aecd7fb2___RS_LB 4414.jpg</filename><size><width>224</width><height>224</height><depth>3</depth></size><object><name>disease</name><bndbox><xmin>30</xmin><ymin>30</ymin><xmax>74</xmax><ymax>69</ymax></bndbox></object><object><name>disease</name><bndbox><xmin>106</xmin><ymin>140</ymin><xmax>125</xmax><ymax>167</ymax></bndbox></object><object><name>disease</name><bndbox><xmin>26</xmin><ymin>29</ymin><xmax>77</xmax><ymax>99</ymax></bndbox></object></annotation>