<annotation><filename>1cffe6a1-6fb3-4506-846c-478148a2b678___RS_LB 4380.jpg</filename><size><width>224</width><height>224</height><depth>3</depth></size><object><name>disease</name><bndbox><xmin>46</xmin><ymin>44</ymin><xmax>155</xmax><ymax>178</ymax></bndbox></object><object><name>disease</name><bndbox><xmin>61</xmin><ymin>181</ymin><xmax>79</xmax><ymax>195</ymax></bndbox></object><object><name>disease</name><bndbox><xmin>149</xmin><ymin>137</ymin><xmax>163</xmax><ymax>159</ymax></bndbox></object><object><name>disease</name><bndbox><xmin>89</xmin><ymin>162</ymin><xmax>100</xmax><ymax>176</ymax></bndbox></object><object><name>disease</name><bndbox><xmin>112</xmin><ymin>117</ymin><xmax>135</xmax><ymax>138</ymax></bndbox></object><object><name>disease</name><bndbox><xmin>91</xmin><ymin>113</ymin><xmax>136</xmax><ymax>139</ymax></bndbox></object><object><name>disease</name><bndbox><xmin>99</xmin><ymin>174</ymin><xmax>117</xmax><ymax>185</ymax></bndbox></object><object><name>disease</name><bndbox><xmin>104</xmin><ymin>117</ymin><xmax>121</xmax><ymax>137</ymax></bndbox></object></annotation>