<annotation><filename>1d038d64-7f3c-4b4d-9b3d-7736f97b59a0___RS_Early.B 7994.jpg</filename><size><width>224</width><height>224</height><depth>3</depth></size><object><name>disease</name><bndbox><xmin>102</xmin><ymin>65</ymin><xmax>141</xmax><ymax>90</ymax></bndbox></object><object><name>disease</name><bndbox><xmin>48</xmin><ymin>47</ymin><xmax>84</xmax><ymax>74</ymax></bndbox></object><object><name>disease</name><bndbox><xmin>48</xmin><ymin>156</ymin><xmax>66</xmax><ymax>175</ymax></bndbox></object><object><name>disease</name><bndbox><xmin>64</xmin><ymin>181</ymin><xmax>97</xmax><ymax>203</ymax></bndbox></object><object><name>disease</name><bndbox><xmin>150</xmin><ymin>144</ymin><xmax>187</xmax><ymax>166</ymax></bndbox></object><object><name>disease</name><bndbox><xmin>163</xmin><ymin>86</ymin><xmax>192</xmax><ymax>111</ymax></bndbox></object><object><name>disease</name><bndbox><xmin>60</xmin><ymin>128</ymin><xmax>90</xmax><ymax>153</ymax></bndbox></object><object><name>disease</name><bndbox><xmin>107</xmin><ymin>120</ymin><xmax>127</xmax><ymax>133</ymax></bndbox></object><object><name>disease</name><bndbox><xmin>13</xmin><ymin>129</ymin><xmax>59</xmax><ymax>155</ymax></bndbox></object><object><name>disease</name><bndbox><xmin>21</xmin><ymin>134</ymin><xmax>51</xmax><ymax>152</ymax></bndbox></object><object><name>disease</name><bndbox><xmin>88</xmin><ymin>102</ymin><xmax>111</xmax><ymax>116</ymax></bndbox></object></annotation>