<annotation><filename>1d18a770-8a16-4765-bae9-5d96f781db89___RS_Early.B 7803.jpg</filename><size><width>224</width><height>224</height><depth>3</depth></size><object><name>disease</name><bndbox><xmin>139</xmin><ymin>117</ymin><xmax>184</xmax><ymax>141</ymax></bndbox></object><object><name>disease</name><bndbox><xmin>130</xmin><ymin>81</ymin><xmax>154</xmax><ymax>104</ymax></bndbox></object><object><name>disease</name><bndbox><xmin>116</xmin><ymin>55</ymin><xmax>138</xmax><ymax>76</ymax></bndbox></object><object><name>disease</name><bndbox><xmin>116</xmin><ymin>163</ymin><xmax>144</xmax><ymax>194</ymax></bndbox></object><object><name>disease</name><bndbox><xmin>85</xmin><ymin>29</ymin><xmax>119</xmax><ymax>55</ymax></bndbox></object><object><name>disease</name><bndbox><xmin>141</xmin><ymin>88</ymin><xmax>191</xmax><ymax>119</ymax></bndbox></object><object><name>disease</name><bndbox><xmin>95</xmin><ymin>14</ymin><xmax>119</xmax><ymax>31</ymax></bndbox></object><object><name>disease</name><bndbox><xmin>114</xmin><ymin>135</ymin><xmax>166</xmax><ymax>166</ymax></bndbox></object><object><name>disease</name><bndbox><xmin>60</xmin><ymin>115</ymin><xmax>84</xmax><ymax>141</ymax></bndbox></object><object><name>disease</name><bndbox><xmin>133</xmin><ymin>195</ymin><xmax>153</xmax><ymax>208</ymax></bndbox></object><object><name>disease</name><bndbox><xmin>72</xmin><ymin>41</ymin><xmax>93</xmax><ymax>71</ymax></bndbox></object><object><name>disease</name><bndbox><xmin>69</xmin><ymin>144</ymin><xmax>88</xmax><ymax>164</ymax></bndbox></object><object><name>disease</name><bndbox><xmin>52</xmin><ymin>93</ymin><xmax>73</xmax><ymax>111</ymax></bndbox></object><object><name>disease</name><bndbox><xmin>78</xmin><ymin>105</ymin><xmax>102</xmax><ymax>127</ymax></bndbox></object><object><name>disease</name><bndbox><xmin>136</xmin><ymin>76</ymin><xmax>189</xmax><ymax>143</ymax></bndbox></object><object><name>disease</name><bndbox><xmin>131</xmin><ymin>11</ymin><xmax>145</xmax><ymax>24</ymax></bndbox></object><object><name>disease</name><bndbox><xmin>72</xmin><ymin>30</ymin><xmax>118</xmax><ymax>68</ymax></bndbox></object></annotation>