<annotation><filename>1d2ec63e-acfb-4a80-ba21-853a724fff4a___RS_Early.B 8083.jpg</filename><size><width>224</width><height>224</height><depth>3</depth></size><object><name>disease</name><bndbox><xmin>54</xmin><ymin>117</ymin><xmax>100</xmax><ymax>142</ymax></bndbox></object><object><name>disease</name><bndbox><xmin>98</xmin><ymin>134</ymin><xmax>143</xmax><ymax>165</ymax></bndbox></object><object><name>disease</name><bndbox><xmin>138</xmin><ymin>37</ymin><xmax>205</xmax><ymax>165</ymax></bndbox></object><object><name>disease</name><bndbox><xmin>12</xmin><ymin>142</ymin><xmax>62</xmax><ymax>179</ymax></bndbox></object><object><name>disease</name><bndbox><xmin>133</xmin><ymin>15</ymin><xmax>152</xmax><ymax>34</ymax></bndbox></object><object><name>disease</name><bndbox><xmin>42</xmin><ymin>34</ymin><xmax>85</xmax><ymax>85</ymax></bndbox></object><object><name>disease</name><bndbox><xmin>42</xmin><ymin>10</ymin><xmax>140</xmax><ymax>101</ymax></bndbox></object><object><name>disease</name><bndbox><xmin>90</xmin><ymin>108</ymin><xmax>108</xmax><ymax>119</ymax></bndbox></object><object><name>disease</name><bndbox><xmin>153</xmin><ymin>149</ymin><xmax>210</xmax><ymax>183</ymax></bndbox></object><object><name>disease</name><bndbox><xmin>138</xmin><ymin>194</ymin><xmax>153</xmax><ymax>213</ymax></bndbox></object><object><name>disease</name><bndbox><xmin>41</xmin><ymin>84</ymin><xmax>59</xmax><ymax>95</ymax></bndbox></object><object><name>disease</name><bndbox><xmin>20</xmin><ymin>79</ymin><xmax>37</xmax><ymax>100</ymax></bndbox></object><object><name>disease</name><bndbox><xmin>93</xmin><ymin>50</ymin><xmax>127</xmax><ymax>100</ymax></bndbox></object><object><name>disease</name><bndbox><xmin>54</xmin><ymin>182</ymin><xmax>110</xmax><ymax>208</ymax></bndbox></object><object><name>disease</name><bndbox><xmin>81</xmin><ymin>26</ymin><xmax>136</xmax><ymax>101</ymax></bndbox></object><object><name>disease</name><bndbox><xmin>77</xmin><ymin>191</ymin><xmax>110</xmax><ymax>207</ymax></bndbox></object></annotation>