<annotation>
	<folder>my-project-name</folder>
	<filename>1d4acd15-f2b9-4a2e-87da-9d5a2cc6a642___RS_LB 2752.jpg</filename>
	<path>/my-project-name/1d4acd15-f2b9-4a2e-87da-9d5a2cc6a642___RS_LB 2752.jpg</path>
	<source>
		<database>Unspecified</database>
	</source>
	<size>
		<width>224</width>
		<height>224</height>
		<depth>3</depth>
	</size>
	<object>
		<name>early_blight</name>
		<pose>Unspecified</pose>
		<truncated>0</truncated>
		<difficult>0</difficult>
		<bndbox>
			<xmin>79</xmin>
			<ymin>26</ymin>
			<xmax>157</xmax>
			<ymax>122</ymax>
		</bndbox>
	</object>
	<object>
		<name>early_blight</name>
		<pose>Unspecified</pose>
		<truncated>0</truncated>
		<difficult>0</difficult>
		<bndbox>
			<xmin>151</xmin>
			<ymin>37</ymin>
			<xmax>206</xmax>
			<ymax>101</ymax>
		</bndbox>
	</object>
</annotation>