<annotation><filename>1d4fc5d0-fee6-40bf-8e7b-e1598ea64161___RS_Early.B 8912.jpg</filename><size><width>224</width><height>224</height><depth>3</depth></size><object><name>disease</name><bndbox><xmin>33</xmin><ymin>147</ymin><xmax>58</xmax><ymax>163</ymax></bndbox></object><object><name>disease</name><bndbox><xmin>111</xmin><ymin>61</ymin><xmax>128</xmax><ymax>76</ymax></bndbox></object><object><name>disease</name><bndbox><xmin>76</xmin><ymin>108</ymin><xmax>102</xmax><ymax>144</ymax></bndbox></object><object><name>disease</name><bndbox><xmin>153</xmin><ymin>90</ymin><xmax>182</xmax><ymax>117</ymax></bndbox></object><object><name>disease</name><bndbox><xmin>118</xmin><ymin>87</ymin><xmax>140</xmax><ymax>107</ymax></bndbox></object><object><name>disease</name><bndbox><xmin>50</xmin><ymin>69</ymin><xmax>66</xmax><ymax>85</ymax></bndbox></object><object><name>disease</name><bndbox><xmin>175</xmin><ymin>121</ymin><xmax>195</xmax><ymax>139</ymax></bndbox></object><object><name>disease</name><bndbox><xmin>135</xmin><ymin>155</ymin><xmax>149</xmax><ymax>169</ymax></bndbox></object><object><name>disease</name><bndbox><xmin>191</xmin><ymin>111</ymin><xmax>208</xmax><ymax>133</ymax></bndbox></object><object><name>disease</name><bndbox><xmin>110</xmin><ymin>124</ymin><xmax>132</xmax><ymax>143</ymax></bndbox></object><object><name>disease</name><bndbox><xmin>140</xmin><ymin>50</ymin><xmax>181</xmax><ymax>72</ymax></bndbox></object><object><name>disease</name><bndbox><xmin>86</xmin><ymin>149</ymin><xmax>113</xmax><ymax>165</ymax></bndbox></object><object><name>disease</name><bndbox><xmin>163</xmin><ymin>153</ymin><xmax>180</xmax><ymax>166</ymax></bndbox></object><object><name>disease</name><bndbox><xmin>191</xmin><ymin>79</ymin><xmax>203</xmax><ymax>92</ymax></bndbox></object><object><name>disease</name><bndbox><xmin>132</xmin><ymin>164</ymin><xmax>167</xmax><ymax>187</ymax></bndbox></object><object><name>disease</name><bndbox><xmin>69</xmin><ymin>44</ymin><xmax>101</xmax><ymax>88</ymax></bndbox></object><object><name>disease</name><bndbox><xmin>79</xmin><ymin>23</ymin><xmax>94</xmax><ymax>38</ymax></bndbox></object><object><name>disease</name><bndbox><xmin>92</xmin><ymin>177</ymin><xmax>116</xmax><ymax>192</ymax></bndbox></object></annotation>