<annotation><filename>1daae61a-7014-4efe-b855-018999a5be9b___RS_Early.B 6852.jpg</filename><size><width>224</width><height>224</height><depth>3</depth></size><object><name>disease</name><bndbox><xmin>37</xmin><ymin>102</ymin><xmax>64</xmax><ymax>123</ymax></bndbox></object><object><name>disease</name><bndbox><xmin>103</xmin><ymin>101</ymin><xmax>138</xmax><ymax>124</ymax></bndbox></object><object><name>disease</name><bndbox><xmin>111</xmin><ymin>129</ymin><xmax>154</xmax><ymax>154</ymax></bndbox></object><object><name>disease</name><bndbox><xmin>25</xmin><ymin>164</ymin><xmax>50</xmax><ymax>180</ymax></bndbox></object><object><name>disease</name><bndbox><xmin>112</xmin><ymin>159</ymin><xmax>148</xmax><ymax>181</ymax></bndbox></object><object><name>disease</name><bndbox><xmin>175</xmin><ymin>48</ymin><xmax>193</xmax><ymax>64</ymax></bndbox></object><object><name>disease</name><bndbox><xmin>174</xmin><ymin>76</ymin><xmax>206</xmax><ymax>91</ymax></bndbox></object><object><name>disease</name><bndbox><xmin>50</xmin><ymin>146</ymin><xmax>66</xmax><ymax>157</ymax></bndbox></object><object><name>disease</name><bndbox><xmin>85</xmin><ymin>81</ymin><xmax>117</xmax><ymax>102</ymax></bndbox></object><object><name>disease</name><bndbox><xmin>60</xmin><ymin>48</ymin><xmax>79</xmax><ymax>59</ymax></bndbox></object><object><name>disease</name><bndbox><xmin>185</xmin><ymin>172</ymin><xmax>204</xmax><ymax>182</ymax></bndbox></object><object><name>disease</name><bndbox><xmin>205</xmin><ymin>143</ymin><xmax>217</xmax><ymax>161</ymax></bndbox></object></annotation>