<annotation><filename>1defd277-6394-4049-895d-470f1e27e189___RS_Early.B 8931.jpg</filename><size><width>224</width><height>224</height><depth>3</depth></size><object><name>disease</name><bndbox><xmin>77</xmin><ymin>172</ymin><xmax>98</xmax><ymax>193</ymax></bndbox></object><object><name>disease</name><bndbox><xmin>40</xmin><ymin>148</ymin><xmax>63</xmax><ymax>178</ymax></bndbox></object><object><name>disease</name><bndbox><xmin>120</xmin><ymin>177</ymin><xmax>157</xmax><ymax>205</ymax></bndbox></object><object><name>disease</name><bndbox><xmin>69</xmin><ymin>107</ymin><xmax>84</xmax><ymax>121</ymax></bndbox></object><object><name>disease</name><bndbox><xmin>150</xmin><ymin>96</ymin><xmax>201</xmax><ymax>133</ymax></bndbox></object><object><name>disease</name><bndbox><xmin>77</xmin><ymin>12</ymin><xmax>166</xmax><ymax>75</ymax></bndbox></object><object><name>disease</name><bndbox><xmin>76</xmin><ymin>118</ymin><xmax>134</xmax><ymax>158</ymax></bndbox></object><object><name>disease</name><bndbox><xmin>138</xmin><ymin>122</ymin><xmax>161</xmax><ymax>146</ymax></bndbox></object><object><name>disease</name><bndbox><xmin>118</xmin><ymin>64</ymin><xmax>143</xmax><ymax>86</ymax></bndbox></object><object><name>disease</name><bndbox><xmin>106</xmin><ymin>171</ymin><xmax>132</xmax><ymax>184</ymax></bndbox></object><object><name>disease</name><bndbox><xmin>164</xmin><ymin>132</ymin><xmax>213</xmax><ymax>155</ymax></bndbox></object><object><name>disease</name><bndbox><xmin>136</xmin><ymin>63</ymin><xmax>179</xmax><ymax>104</ymax></bndbox></object><object><name>disease</name><bndbox><xmin>30</xmin><ymin>105</ymin><xmax>54</xmax><ymax>139</ymax></bndbox></object><object><name>disease</name><bndbox><xmin>119</xmin><ymin>41</ymin><xmax>192</xmax><ymax>142</ymax></bndbox></object></annotation>