<annotation><filename>1e1fde7a-c535-49fd-9670-629f7fb9cb3d___RS_LB 3949.jpg</filename><size><width>224</width><height>224</height><depth>3</depth></size><object><name>disease</name><bndbox><xmin>57</xmin><ymin>98</ymin><xmax>101</xmax><ymax>138</ymax></bndbox></object><object><name>disease</name><bndbox><xmin>56</xmin><ymin>150</ymin><xmax>98</xmax><ymax>192</ymax></bndbox></object><object><name>disease</name><bndbox><xmin>114</xmin><ymin>117</ymin><xmax>129</xmax><ymax>130</ymax></bndbox></object><object><name>disease</name><bndbox><xmin>176</xmin><ymin>15</ymin><xmax>192</xmax><ymax>38</ymax></bndbox></object><object><name>disease</name><bndbox><xmin>168</xmin><ymin>83</ymin><xmax>182</xmax><ymax>97</ymax></bndbox></object></annotation>