<annotation><filename>1e3e04cc-3778-4d78-b8f9-d60faa0534b0___RS_LB 5246.jpg</filename><size><width>224</width><height>224</height><depth>3</depth></size><object><name>disease</name><bndbox><xmin>118</xmin><ymin>98</ymin><xmax>175</xmax><ymax>138</ymax></bndbox></object><object><name>disease</name><bndbox><xmin>78</xmin><ymin>146</ymin><xmax>113</xmax><ymax>173</ymax></bndbox></object><object><name>disease</name><bndbox><xmin>99</xmin><ymin>142</ymin><xmax>188</xmax><ymax>207</ymax></bndbox></object><object><name>disease</name><bndbox><xmin>89</xmin><ymin>39</ymin><xmax>133</xmax><ymax>78</ymax></bndbox></object><object><name>disease</name><bndbox><xmin>144</xmin><ymin>136</ymin><xmax>176</xmax><ymax>179</ymax></bndbox></object></annotation>