<annotation><filename>1e671694-5713-4568-b8ad-06f15688d25e___RS_Early.B 7659.jpg</filename><size><width>224</width><height>224</height><depth>3</depth></size><object><name>disease</name><bndbox><xmin>82</xmin><ymin>136</ymin><xmax>117</xmax><ymax>167</ymax></bndbox></object><object><name>disease</name><bndbox><xmin>67</xmin><ymin>162</ymin><xmax>122</xmax><ymax>192</ymax></bndbox></object><object><name>disease</name><bndbox><xmin>102</xmin><ymin>101</ymin><xmax>129</xmax><ymax>126</ymax></bndbox></object><object><name>disease</name><bndbox><xmin>166</xmin><ymin>77</ymin><xmax>187</xmax><ymax>93</ymax></bndbox></object><object><name>disease</name><bndbox><xmin>116</xmin><ymin>50</ymin><xmax>144</xmax><ymax>73</ymax></bndbox></object><object><name>disease</name><bndbox><xmin>134</xmin><ymin>83</ymin><xmax>186</xmax><ymax>138</ymax></bndbox></object><object><name>disease</name><bndbox><xmin>113</xmin><ymin>50</ymin><xmax>171</xmax><ymax>77</ymax></bndbox></object><object><name>disease</name><bndbox><xmin>92</xmin><ymin>59</ymin><xmax>109</xmax><ymax>76</ymax></bndbox></object><object><name>disease</name><bndbox><xmin>82</xmin><ymin>118</ymin><xmax>105</xmax><ymax>135</ymax></bndbox></object><object><name>disease</name><bndbox><xmin>80</xmin><ymin>48</ymin><xmax>92</xmax><ymax>65</ymax></bndbox></object><object><name>disease</name><bndbox><xmin>51</xmin><ymin>51</ymin><xmax>74</xmax><ymax>65</ymax></bndbox></object><object><name>disease</name><bndbox><xmin>29</xmin><ymin>81</ymin><xmax>66</xmax><ymax>124</ymax></bndbox></object><object><name>disease</name><bndbox><xmin>103</xmin><ymin>100</ymin><xmax>139</xmax><ymax>139</ymax></bndbox></object><object><name>disease</name><bndbox><xmin>62</xmin><ymin>36</ymin><xmax>78</xmax><ymax>48</ymax></bndbox></object><object><name>disease</name><bndbox><xmin>21</xmin><ymin>97</ymin><xmax>31</xmax><ymax>109</ymax></bndbox></object><object><name>disease</name><bndbox><xmin>81</xmin><ymin>9</ymin><xmax>100</xmax><ymax>23</ymax></bndbox></object><object><name>disease</name><bndbox><xmin>117</xmin><ymin>117</ymin><xmax>142</xmax><ymax>147</ymax></bndbox></object><object><name>disease</name><bndbox><xmin>135</xmin><ymin>56</ymin><xmax>172</xmax><ymax>77</ymax></bndbox></object><object><name>disease</name><bndbox><xmin>32</xmin><ymin>94</ymin><xmax>56</xmax><ymax>117</ymax></bndbox></object></annotation>