<annotation><filename>1e69b122-3920-4c4a-bfff-a18f3d6c3f89___RS_LB 4766.jpg</filename><size><width>224</width><height>224</height><depth>3</depth></size><object><name>disease</name><bndbox><xmin>38</xmin><ymin>89</ymin><xmax>96</xmax><ymax>138</ymax></bndbox></object><object><name>disease</name><bndbox><xmin>129</xmin><ymin>131</ymin><xmax>152</xmax><ymax>182</ymax></bndbox></object><object><name>disease</name><bndbox><xmin>59</xmin><ymin>18</ymin><xmax>74</xmax><ymax>34</ymax></bndbox></object><object><name>disease</name><bndbox><xmin>157</xmin><ymin>121</ymin><xmax>198</xmax><ymax>183</ymax></bndbox></object><object><name>disease</name><bndbox><xmin>26</xmin><ymin>26</ymin><xmax>49</xmax><ymax>64</ymax></bndbox></object><object><name>disease</name><bndbox><xmin>159</xmin><ymin>147</ymin><xmax>186</xmax><ymax>177</ymax></bndbox></object><object><name>disease</name><bndbox><xmin>117</xmin><ymin>64</ymin><xmax>156</xmax><ymax>182</ymax></bndbox></object><object><name>disease</name><bndbox><xmin>112</xmin><ymin>67</ymin><xmax>147</xmax><ymax>147</ymax></bndbox></object></annotation>