<annotation><filename>1e99ce6b-b7fa-4ae1-9076-279f430b8c5f___RS_Early.B 7092.jpg</filename><size><width>224</width><height>224</height><depth>3</depth></size><object><name>disease</name><bndbox><xmin>60</xmin><ymin>145</ymin><xmax>82</xmax><ymax>170</ymax></bndbox></object><object><name>disease</name><bndbox><xmin>128</xmin><ymin>156</ymin><xmax>144</xmax><ymax>173</ymax></bndbox></object><object><name>disease</name><bndbox><xmin>17</xmin><ymin>157</ymin><xmax>33</xmax><ymax>173</ymax></bndbox></object><object><name>disease</name><bndbox><xmin>136</xmin><ymin>118</ymin><xmax>155</xmax><ymax>134</ymax></bndbox></object><object><name>disease</name><bndbox><xmin>35</xmin><ymin>202</ymin><xmax>48</xmax><ymax>212</ymax></bndbox></object><object><name>disease</name><bndbox><xmin>119</xmin><ymin>91</ymin><xmax>141</xmax><ymax>115</ymax></bndbox></object><object><name>disease</name><bndbox><xmin>39</xmin><ymin>166</ymin><xmax>68</xmax><ymax>191</ymax></bndbox></object><object><name>disease</name><bndbox><xmin>197</xmin><ymin>72</ymin><xmax>209</xmax><ymax>84</ymax></bndbox></object><object><name>disease</name><bndbox><xmin>153</xmin><ymin>98</ymin><xmax>171</xmax><ymax>112</ymax></bndbox></object><object><name>disease</name><bndbox><xmin>144</xmin><ymin>80</ymin><xmax>163</xmax><ymax>94</ymax></bndbox></object><object><name>disease</name><bndbox><xmin>88</xmin><ymin>162</ymin><xmax>105</xmax><ymax>177</ymax></bndbox></object><object><name>disease</name><bndbox><xmin>103</xmin><ymin>108</ymin><xmax>129</xmax><ymax>128</ymax></bndbox></object><object><name>disease</name><bndbox><xmin>172</xmin><ymin>62</ymin><xmax>186</xmax><ymax>87</ymax></bndbox></object><object><name>disease</name><bndbox><xmin>115</xmin><ymin>40</ymin><xmax>145</xmax><ymax>55</ymax></bndbox></object><object><name>disease</name><bndbox><xmin>164</xmin><ymin>110</ymin><xmax>179</xmax><ymax>127</ymax></bndbox></object><object><name>disease</name><bndbox><xmin>91</xmin><ymin>188</ymin><xmax>104</xmax><ymax>199</ymax></bndbox></object><object><name>disease</name><bndbox><xmin>189</xmin><ymin>29</ymin><xmax>209</xmax><ymax>47</ymax></bndbox></object></annotation>