<annotation>
	<folder>my-project-name</folder>
	<filename>1ed357f9-f036-4bf2-b180-1588976eb116___RS_LB 3005.jpg</filename>
	<path>/my-project-name/1ed357f9-f036-4bf2-b180-1588976eb116___RS_LB 3005.jpg</path>
	<source>
		<database>Unspecified</database>
	</source>
	<size>
		<width>224</width>
		<height>224</height>
		<depth>3</depth>
	</size>
	<object>
		<name>early_blight</name>
		<pose>Unspecified</pose>
		<truncated>0</truncated>
		<difficult>0</difficult>
		<bndbox>
			<xmin>76</xmin>
			<ymin>46</ymin>
			<xmax>186</xmax>
			<ymax>132</ymax>
		</bndbox>
	</object>
</annotation>