<annotation><filename>1ee04a42-fa1c-4f6b-a88b-4cf583b188ea___RS_Early.B 8494.jpg</filename><size><width>224</width><height>224</height><depth>3</depth></size><object><name>disease</name><bndbox><xmin>155</xmin><ymin>101</ymin><xmax>200</xmax><ymax>129</ymax></bndbox></object><object><name>disease</name><bndbox><xmin>99</xmin><ymin>57</ymin><xmax>129</xmax><ymax>82</ymax></bndbox></object><object><name>disease</name><bndbox><xmin>55</xmin><ymin>145</ymin><xmax>74</xmax><ymax>175</ymax></bndbox></object><object><name>disease</name><bndbox><xmin>84</xmin><ymin>158</ymin><xmax>108</xmax><ymax>176</ymax></bndbox></object><object><name>disease</name><bndbox><xmin>86</xmin><ymin>112</ymin><xmax>113</xmax><ymax>137</ymax></bndbox></object><object><name>disease</name><bndbox><xmin>46</xmin><ymin>93</ymin><xmax>65</xmax><ymax>114</ymax></bndbox></object><object><name>disease</name><bndbox><xmin>158</xmin><ymin>148</ymin><xmax>190</xmax><ymax>171</ymax></bndbox></object><object><name>disease</name><bndbox><xmin>115</xmin><ymin>89</ymin><xmax>133</xmax><ymax>107</ymax></bndbox></object><object><name>disease</name><bndbox><xmin>176</xmin><ymin>56</ymin><xmax>209</xmax><ymax>81</ymax></bndbox></object><object><name>disease</name><bndbox><xmin>146</xmin><ymin>35</ymin><xmax>167</xmax><ymax>49</ymax></bndbox></object><object><name>disease</name><bndbox><xmin>41</xmin><ymin>73</ymin><xmax>54</xmax><ymax>89</ymax></bndbox></object><object><name>disease</name><bndbox><xmin>120</xmin><ymin>14</ymin><xmax>164</xmax><ymax>30</ymax></bndbox></object><object><name>disease</name><bndbox><xmin>175</xmin><ymin>41</ymin><xmax>198</xmax><ymax>55</ymax></bndbox></object><object><name>disease</name><bndbox><xmin>65</xmin><ymin>176</ymin><xmax>87</xmax><ymax>191</ymax></bndbox></object></annotation>