<annotation><filename>1f56ef5b-9a3b-4731-bf82-b08aeb84fcb5___RS_Early.B 9032.jpg</filename><size><width>224</width><height>224</height><depth>3</depth></size><object><name>disease</name><bndbox><xmin>118</xmin><ymin>79</ymin><xmax>173</xmax><ymax>114</ymax></bndbox></object><object><name>disease</name><bndbox><xmin>15</xmin><ymin>140</ymin><xmax>43</xmax><ymax>169</ymax></bndbox></object><object><name>disease</name><bndbox><xmin>129</xmin><ymin>23</ymin><xmax>153</xmax><ymax>49</ymax></bndbox></object><object><name>disease</name><bndbox><xmin>143</xmin><ymin>118</ymin><xmax>171</xmax><ymax>140</ymax></bndbox></object><object><name>disease</name><bndbox><xmin>110</xmin><ymin>167</ymin><xmax>133</xmax><ymax>190</ymax></bndbox></object><object><name>disease</name><bndbox><xmin>13</xmin><ymin>120</ymin><xmax>31</xmax><ymax>138</ymax></bndbox></object><object><name>disease</name><bndbox><xmin>15</xmin><ymin>81</ymin><xmax>47</xmax><ymax>120</ymax></bndbox></object><object><name>disease</name><bndbox><xmin>179</xmin><ymin>60</ymin><xmax>211</xmax><ymax>82</ymax></bndbox></object><object><name>disease</name><bndbox><xmin>58</xmin><ymin>201</ymin><xmax>88</xmax><ymax>224</ymax></bndbox></object><object><name>disease</name><bndbox><xmin>90</xmin><ymin>43</ymin><xmax>124</xmax><ymax>69</ymax></bndbox></object><object><name>disease</name><bndbox><xmin>85</xmin><ymin>143</ymin><xmax>124</xmax><ymax>164</ymax></bndbox></object><object><name>disease</name><bndbox><xmin>55</xmin><ymin>114</ymin><xmax>77</xmax><ymax>136</ymax></bndbox></object><object><name>disease</name><bndbox><xmin>106</xmin><ymin>63</ymin><xmax>132</xmax><ymax>86</ymax></bndbox></object><object><name>disease</name><bndbox><xmin>67</xmin><ymin>102</ymin><xmax>93</xmax><ymax>116</ymax></bndbox></object><object><name>disease</name><bndbox><xmin>53</xmin><ymin>99</ymin><xmax>68</xmax><ymax>112</ymax></bndbox></object><object><name>disease</name><bndbox><xmin>180</xmin><ymin>134</ymin><xmax>194</xmax><ymax>144</ymax></bndbox></object></annotation>