<annotation><filename>1f80f111-6a3e-4dfc-8456-0f3e9a19ae10___RS_Early.B 6879.jpg</filename><size><width>224</width><height>224</height><depth>3</depth></size><object><name>disease</name><bndbox><xmin>67</xmin><ymin>110</ymin><xmax>88</xmax><ymax>138</ymax></bndbox></object><object><name>disease</name><bndbox><xmin>120</xmin><ymin>123</ymin><xmax>138</xmax><ymax>153</ymax></bndbox></object><object><name>disease</name><bndbox><xmin>77</xmin><ymin>76</ymin><xmax>96</xmax><ymax>93</ymax></bndbox></object><object><name>disease</name><bndbox><xmin>145</xmin><ymin>54</ymin><xmax>163</xmax><ymax>72</ymax></bndbox></object><object><name>disease</name><bndbox><xmin>96</xmin><ymin>40</ymin><xmax>112</xmax><ymax>51</ymax></bndbox></object><object><name>disease</name><bndbox><xmin>49</xmin><ymin>132</ymin><xmax>64</xmax><ymax>147</ymax></bndbox></object><object><name>disease</name><bndbox><xmin>46</xmin><ymin>152</ymin><xmax>64</xmax><ymax>168</ymax></bndbox></object><object><name>disease</name><bndbox><xmin>172</xmin><ymin>94</ymin><xmax>190</xmax><ymax>114</ymax></bndbox></object><object><name>disease</name><bndbox><xmin>167</xmin><ymin>155</ymin><xmax>178</xmax><ymax>165</ymax></bndbox></object><object><name>disease</name><bndbox><xmin>54</xmin><ymin>168</ymin><xmax>74</xmax><ymax>182</ymax></bndbox></object><object><name>disease</name><bndbox><xmin>52</xmin><ymin>154</ymin><xmax>82</xmax><ymax>182</ymax></bndbox></object><object><name>disease</name><bndbox><xmin>126</xmin><ymin>159</ymin><xmax>148</xmax><ymax>170</ymax></bndbox></object></annotation>