<annotation><filename>1f830d02-1fc6-41d6-99c6-851e0d2af4ad___RS_Early.B 9182.jpg</filename><size><width>224</width><height>224</height><depth>3</depth></size><object><name>disease</name><bndbox><xmin>93</xmin><ymin>32</ymin><xmax>130</xmax><ymax>70</ymax></bndbox></object><object><name>disease</name><bndbox><xmin>100</xmin><ymin>104</ymin><xmax>124</xmax><ymax>119</ymax></bndbox></object><object><name>disease</name><bndbox><xmin>77</xmin><ymin>113</ymin><xmax>98</xmax><ymax>131</ymax></bndbox></object><object><name>disease</name><bndbox><xmin>60</xmin><ymin>68</ymin><xmax>85</xmax><ymax>85</ymax></bndbox></object><object><name>disease</name><bndbox><xmin>94</xmin><ymin>157</ymin><xmax>120</xmax><ymax>174</ymax></bndbox></object><object><name>disease</name><bndbox><xmin>34</xmin><ymin>36</ymin><xmax>46</xmax><ymax>50</ymax></bndbox></object><object><name>disease</name><bndbox><xmin>159</xmin><ymin>158</ymin><xmax>182</xmax><ymax>177</ymax></bndbox></object><object><name>disease</name><bndbox><xmin>62</xmin><ymin>54</ymin><xmax>85</xmax><ymax>89</ymax></bndbox></object><object><name>disease</name><bndbox><xmin>113</xmin><ymin>141</ymin><xmax>184</xmax><ymax>184</ymax></bndbox></object><object><name>disease</name><bndbox><xmin>112</xmin><ymin>47</ymin><xmax>128</xmax><ymax>65</ymax></bndbox></object><object><name>disease</name><bndbox><xmin>155</xmin><ymin>121</ymin><xmax>179</xmax><ymax>133</ymax></bndbox></object><object><name>disease</name><bndbox><xmin>65</xmin><ymin>51</ymin><xmax>81</xmax><ymax>70</ymax></bndbox></object><object><name>disease</name><bndbox><xmin>56</xmin><ymin>138</ymin><xmax>87</xmax><ymax>149</ymax></bndbox></object></annotation>