<annotation>
	<folder>my-project-name</folder>
	<filename>1f84da28-3025-4cc0-8815-5b6b60205956___RS_LB 3326.jpg</filename>
	<path>/my-project-name/1f84da28-3025-4cc0-8815-5b6b60205956___RS_LB 3326.jpg</path>
	<source>
		<database>Unspecified</database>
	</source>
	<size>
		<width>224</width>
		<height>224</height>
		<depth>3</depth>
	</size>
	<object>
		<name>early_blight</name>
		<pose>Unspecified</pose>
		<truncated>0</truncated>
		<difficult>0</difficult>
		<bndbox>
			<xmin>14</xmin>
			<ymin>12</ymin>
			<xmax>177</xmax>
			<ymax>172</ymax>
		</bndbox>
	</object>
</annotation>