<annotation>
	<folder>my-project-name</folder>
	<filename>2 img.jpg</filename>
	<path>/my-project-name/2 img.jpg</path>
	<source>
		<database>Unspecified</database>
	</source>
	<size>
		<width>224</width>
		<height>224</height>
		<depth>3</depth>
	</size>
	<object>
		<name>bacterial_spot</name>
		<pose>Unspecified</pose>
		<truncated>0</truncated>
		<difficult>0</difficult>
		<bndbox>
			<xmin>78</xmin>
			<ymin>61</ymin>
			<xmax>134</xmax>
			<ymax>109</ymax>
		</bndbox>
	</object>
	<object>
		<name>bacterial_spot</name>
		<pose>Unspecified</pose>
		<truncated>0</truncated>
		<difficult>0</difficult>
		<bndbox>
			<xmin>90</xmin>
			<ymin>119</ymin>
			<xmax>157</xmax>
			<ymax>158</ymax>
		</bndbox>
	</object>
	<object>
		<name>bacterial_spot</name>
		<pose>Unspecified</pose>
		<truncated>0</truncated>
		<difficult>0</difficult>
		<bndbox>
			<xmin>95</xmin>
			<ymin>7</ymin>
			<xmax>128</xmax>
			<ymax>32</ymax>
		</bndbox>
	</object>
	<object>
		<name>bacterial_spot</name>
		<pose>Unspecified</pose>
		<truncated>0</truncated>
		<difficult>0</difficult>
		<bndbox>
			<xmin>22</xmin>
			<ymin>5</ymin>
			<xmax>55</xmax>
			<ymax>25</ymax>
		</bndbox>
	</object>
	<object>
		<name>bacterial_spot</name>
		<pose>Unspecified</pose>
		<truncated>0</truncated>
		<difficult>0</difficult>
		<bndbox>
			<xmin>35</xmin>
			<ymin>43</ymin>
			<xmax>54</xmax>
			<ymax>58</ymax>
		</bndbox>
	</object>
	<object>
		<name>bacterial_spot</name>
		<pose>Unspecified</pose>
		<truncated>0</truncated>
		<difficult>0</difficult>
		<bndbox>
			<xmin>54</xmin>
			<ymin>87</ymin>
			<xmax>70</xmax>
			<ymax>128</ymax>
		</bndbox>
	</object>
	<object>
		<name>bacterial_spot</name>
		<pose>Unspecified</pose>
		<truncated>0</truncated>
		<difficult>0</difficult>
		<bndbox>
			<xmin>152</xmin>
			<ymin>90</ymin>
			<xmax>166</xmax>
			<ymax>113</ymax>
		</bndbox>
	</object>
	<object>
		<name>bacterial_spot</name>
		<pose>Unspecified</pose>
		<truncated>0</truncated>
		<difficult>0</difficult>
		<bndbox>
			<xmin>166</xmin>
			<ymin>143</ymin>
			<xmax>179</xmax>
			<ymax>168</ymax>
		</bndbox>
	</object>
	<object>
		<name>bacterial_spot</name>
		<pose>Unspecified</pose>
		<truncated>0</truncated>
		<difficult>0</difficult>
		<bndbox>
			<xmin>116</xmin>
			<ymin>168</ymin>
			<xmax>154</xmax>
			<ymax>194</ymax>
		</bndbox>
	</object>
	<object>
		<name>bacterial_spot</name>
		<pose>Unspecified</pose>
		<truncated>0</truncated>
		<difficult>0</difficult>
		<bndbox>
			<xmin>68</xmin>
			<ymin>134</ymin>
			<xmax>85</xmax>
			<ymax>157</ymax>
		</bndbox>
	</object>
	<object>
		<name>bacterial_spot</name>
		<pose>Unspecified</pose>
		<truncated>0</truncated>
		<difficult>0</difficult>
		<bndbox>
			<xmin>1</xmin>
			<ymin>79</ymin>
			<xmax>10</xmax>
			<ymax>99</ymax>
		</bndbox>
	</object>
	<object>
		<name>bacterial_spot</name>
		<pose>Unspecified</pose>
		<truncated>0</truncated>
		<difficult>0</difficult>
		<bndbox>
			<xmin>191</xmin>
			<ymin>15</ymin>
			<xmax>220</xmax>
			<ymax>30</ymax>
		</bndbox>
	</object>
	<object>
		<name>bacterial_spot</name>
		<pose>Unspecified</pose>
		<truncated>0</truncated>
		<difficult>0</difficult>
		<bndbox>
			<xmin>177</xmin>
			<ymin>102</ymin>
			<xmax>185</xmax>
			<ymax>114</ymax>
		</bndbox>
	</object>
	<object>
		<name>bacterial_spot</name>
		<pose>Unspecified</pose>
		<truncated>0</truncated>
		<difficult>0</difficult>
		<bndbox>
			<xmin>81</xmin>
			<ymin>162</ymin>
			<xmax>113</xmax>
			<ymax>182</ymax>
		</bndbox>
	</object>
</annotation>