<annotation><filename>5507888-PPT_29.jpg</filename><size><width>224</width><height>224</height><depth>3</depth></size><object><name>disease</name><bndbox><xmin>7</xmin><ymin>99</ymin><xmax>25</xmax><ymax>125</ymax></bndbox></object><object><name>disease</name><bndbox><xmin>156</xmin><ymin>153</ymin><xmax>175</xmax><ymax>176</ymax></bndbox></object><object><name>disease</name><bndbox><xmin>145</xmin><ymin>65</ymin><xmax>156</xmax><ymax>87</ymax></bndbox></object><object><name>disease</name><bndbox><xmin>64</xmin><ymin>133</ymin><xmax>83</xmax><ymax>165</ymax></bndbox></object><object><name>disease</name><bndbox><xmin>77</xmin><ymin>41</ymin><xmax>95</xmax><ymax>62</ymax></bndbox></object><object><name>disease</name><bndbox><xmin>40</xmin><ymin>31</ymin><xmax>73</xmax><ymax>90</ymax></bndbox></object><object><name>disease</name><bndbox><xmin>154</xmin><ymin>75</ymin><xmax>210</xmax><ymax>150</ymax></bndbox></object></annotation>