<annotation><filename>6901591462_4d1c028c01_z.jpg</filename><size><width>224</width><height>224</height><depth>3</depth></size><object><name>disease</name><bndbox><xmin>37</xmin><ymin>122</ymin><xmax>57</xmax><ymax>152</ymax></bndbox></object><object><name>disease</name><bndbox><xmin>176</xmin><ymin>157</ymin><xmax>202</xmax><ymax>177</ymax></bndbox></object><object><name>disease</name><bndbox><xmin>101</xmin><ymin>182</ymin><xmax>119</xmax><ymax>206</ymax></bndbox></object><object><name>disease</name><bndbox><xmin>5</xmin><ymin>138</ymin><xmax>30</xmax><ymax>169</ymax></bndbox></object><object><name>disease</name><bndbox><xmin>154</xmin><ymin>182</ymin><xmax>168</xmax><ymax>213</ymax></bndbox></object><object><name>disease</name><bndbox><xmin>75</xmin><ymin>87</ymin><xmax>90</xmax><ymax>103</ymax></bndbox></object><object><name>disease</name><bndbox><xmin>58</xmin><ymin>70</ymin><xmax>91</xmax><ymax>83</ymax></bndbox></object><object><name>disease</name><bndbox><xmin>74</xmin><ymin>169</ymin><xmax>107</xmax><ymax>191</ymax></bndbox></object><object><name>disease</name><bndbox><xmin>41</xmin><ymin>198</ymin><xmax>71</xmax><ymax>216</ymax></bndbox></object><object><name>disease</name><bndbox><xmin>42</xmin><ymin>89</ymin><xmax>69</xmax><ymax>108</ymax></bndbox></object><object><name>disease</name><bndbox><xmin>173</xmin><ymin>104</ymin><xmax>187</xmax><ymax>134</ymax></bndbox></object><object><name>disease</name><bndbox><xmin>175</xmin><ymin>153</ymin><xmax>210</xmax><ymax>188</ymax></bndbox></object><object><name>disease</name><bndbox><xmin>166</xmin><ymin>10</ymin><xmax>198</xmax><ymax>46</ymax></bndbox></object><object><name>disease</name><bndbox><xmin>74</xmin><ymin>24</ymin><xmax>128</xmax><ymax>49</ymax></bndbox></object><object><name>disease</name><bndbox><xmin>83</xmin><ymin>105</ymin><xmax>99</xmax><ymax>127</ymax></bndbox></object><object><name>disease</name><bndbox><xmin>1</xmin><ymin>92</ymin><xmax>22</xmax><ymax>124</ymax></bndbox></object><object><name>disease</name><bndbox><xmin>0</xmin><ymin>9</ymin><xmax>27</xmax><ymax>39</ymax></bndbox></object><object><name>disease</name><bndbox><xmin>68</xmin><ymin>112</ymin><xmax>88</xmax><ymax>137</ymax></bndbox></object><object><name>disease</name><bndbox><xmin>197</xmin><ymin>122</ymin><xmax>210</xmax><ymax>143</ymax></bndbox></object><object><name>disease</name><bndbox><xmin>52</xmin><ymin>51</ymin><xmax>66</xmax><ymax>61</ymax></bndbox></object><object><name>disease</name><bndbox><xmin>195</xmin><ymin>177</ymin><xmax>211</xmax><ymax>191</ymax></bndbox></object><object><name>disease</name><bndbox><xmin>86</xmin><ymin>131</ymin><xmax>109</xmax><ymax>162</ymax></bndbox></object><object><name>disease</name><bndbox><xmin>139</xmin><ymin>139</ymin><xmax>159</xmax><ymax>157</ymax></bndbox></object><object><name>disease</name><bndbox><xmin>37</xmin><ymin>6</ymin><xmax>63</xmax><ymax>36</ymax></bndbox></object></annotation>