<annotation><filename>802f7439ec1ef0cd.jpg</filename><size><width>224</width><height>224</height><depth>3</depth></size><object><name>disease</name><bndbox><xmin>59</xmin><ymin>34</ymin><xmax>85</xmax><ymax>67</ymax></bndbox></object><object><name>disease</name><bndbox><xmin>47</xmin><ymin>27</ymin><xmax>158</xmax><ymax>182</ymax></bndbox></object><object><name>disease</name><bndbox><xmin>77</xmin><ymin>44</ymin><xmax>116</xmax><ymax>82</ymax></bndbox></object><object><name>disease</name><bndbox><xmin>55</xmin><ymin>36</ymin><xmax>117</xmax><ymax>134</ymax></bndbox></object><object><name>disease</name><bndbox><xmin>81</xmin><ymin>140</ymin><xmax>111</xmax><ymax>178</ymax></bndbox></object><object><name>disease</name><bndbox><xmin>109</xmin><ymin>120</ymin><xmax>142</xmax><ymax>150</ymax></bndbox></object><object><name>disease</name><bndbox><xmin>65</xmin><ymin>51</ymin><xmax>210</xmax><ymax>189</ymax></bndbox></object><object><name>disease</name><bndbox><xmin>109</xmin><ymin>58</ymin><xmax>183</xmax><ymax>129</ymax></bndbox></object><object><name>disease</name><bndbox><xmin>90</xmin><ymin>49</ymin><xmax>109</xmax><ymax>77</ymax></bndbox></object></annotation>