<annotation><filename>820a7abd7594fc45.jpg</filename><size><width>224</width><height>224</height><depth>3</depth></size><object><name>disease</name><bndbox><xmin>77</xmin><ymin>59</ymin><xmax>210</xmax><ymax>199</ymax></bndbox></object><object><name>disease</name><bndbox><xmin>79</xmin><ymin>138</ymin><xmax>104</xmax><ymax>154</ymax></bndbox></object><object><name>disease</name><bndbox><xmin>73</xmin><ymin>109</ymin><xmax>164</xmax><ymax>174</ymax></bndbox></object><object><name>disease</name><bndbox><xmin>71</xmin><ymin>131</ymin><xmax>107</xmax><ymax>156</ymax></bndbox></object></annotation>