<annotation><filename>830f26cc6d3cd13e.jpg</filename><size><width>224</width><height>224</height><depth>3</depth></size><object><name>disease</name><bndbox><xmin>176</xmin><ymin>57</ymin><xmax>190</xmax><ymax>78</ymax></bndbox></object><object><name>disease</name><bndbox><xmin>150</xmin><ymin>79</ymin><xmax>165</xmax><ymax>97</ymax></bndbox></object><object><name>disease</name><bndbox><xmin>118</xmin><ymin>134</ymin><xmax>150</xmax><ymax>169</ymax></bndbox></object><object><name>disease</name><bndbox><xmin>128</xmin><ymin>38</ymin><xmax>165</xmax><ymax>80</ymax></bndbox></object><object><name>disease</name><bndbox><xmin>100</xmin><ymin>141</ymin><xmax>113</xmax><ymax>173</ymax></bndbox></object><object><name>disease</name><bndbox><xmin>159</xmin><ymin>48</ymin><xmax>177</xmax><ymax>73</ymax></bndbox></object><object><name>disease</name><bndbox><xmin>104</xmin><ymin>83</ymin><xmax>132</xmax><ymax>120</ymax></bndbox></object></annotation>