<annotation><filename>85c9485b3c97efc0.jpg</filename><size><width>224</width><height>224</height><depth>3</depth></size><object><name>disease</name><bndbox><xmin>160</xmin><ymin>111</ymin><xmax>211</xmax><ymax>152</ymax></bndbox></object><object><name>disease</name><bndbox><xmin>132</xmin><ymin>206</ymin><xmax>153</xmax><ymax>223</ymax></bndbox></object><object><name>disease</name><bndbox><xmin>36</xmin><ymin>97</ymin><xmax>50</xmax><ymax>125</ymax></bndbox></object><object><name>disease</name><bndbox><xmin>147</xmin><ymin>111</ymin><xmax>209</xmax><ymax>184</ymax></bndbox></object></annotation>