<annotation><filename>85ec3f0705065df9.jpg</filename><size><width>224</width><height>224</height><depth>3</depth></size><object><name>disease</name><bndbox><xmin>31</xmin><ymin>15</ymin><xmax>134</xmax><ymax>182</ymax></bndbox></object><object><name>disease</name><bndbox><xmin>40</xmin><ymin>70</ymin><xmax>52</xmax><ymax>93</ymax></bndbox></object><object><name>disease</name><bndbox><xmin>54</xmin><ymin>48</ymin><xmax>115</xmax><ymax>155</ymax></bndbox></object><object><name>disease</name><bndbox><xmin>47</xmin><ymin>17</ymin><xmax>89</xmax><ymax>52</ymax></bndbox></object><object><name>disease</name><bndbox><xmin>26</xmin><ymin>29</ymin><xmax>90</xmax><ymax>125</ymax></bndbox></object></annotation>