<annotation>
	<folder>my-project-name</folder>
	<filename>85f562b5613a317c.jpg</filename>
	<path>/my-project-name/85f562b5613a317c.jpg</path>
	<source>
		<database>Unspecified</database>
	</source>
	<size>
		<width>224</width>
		<height>224</height>
		<depth>3</depth>
	</size>
	<object>
		<name>mild_dew</name>
		<pose>Unspecified</pose>
		<truncated>0</truncated>
		<difficult>0</difficult>
		<bndbox>
			<xmin>38</xmin>
			<ymin>51</ymin>
			<xmax>149</xmax>
			<ymax>146</ymax>
		</bndbox>
	</object>
</annotation>