<annotation>
	<folder>my-project-name</folder>
	<filename>87ad263153c1e4f6.jpg</filename>
	<path>/my-project-name/87ad263153c1e4f6.jpg</path>
	<source>
		<database>Unspecified</database>
	</source>
	<size>
		<width>224</width>
		<height>224</height>
		<depth>3</depth>
	</size>
	<object>
		<name>mild_dew</name>
		<pose>Unspecified</pose>
		<truncated>0</truncated>
		<difficult>0</difficult>
		<bndbox>
			<xmin>39</xmin>
			<ymin>54</ymin>
			<xmax>178</xmax>
			<ymax>140</ymax>
		</bndbox>
	</object>
</annotation>