<annotation><filename>87badaa43cc8ec92.jpg</filename><size><width>224</width><height>224</height><depth>3</depth></size><object><name>disease</name><bndbox><xmin>33</xmin><ymin>51</ymin><xmax>164</xmax><ymax>190</ymax></bndbox></object><object><name>disease</name><bndbox><xmin>38</xmin><ymin>58</ymin><xmax>106</xmax><ymax>135</ymax></bndbox></object><object><name>disease</name><bndbox><xmin>63</xmin><ymin>79</ymin><xmax>127</xmax><ymax>161</ymax></bndbox></object><object><name>disease</name><bndbox><xmin>110</xmin><ymin>104</ymin><xmax>164</xmax><ymax>185</ymax></bndbox></object></annotation>