<annotation>
	<folder>my-project-name</folder>
	<filename>87cf42aa85219eaf.jpg</filename>
	<path>/my-project-name/87cf42aa85219eaf.jpg</path>
	<source>
		<database>Unspecified</database>
	</source>
	<size>
		<width>224</width>
		<height>224</height>
		<depth>3</depth>
	</size>
	<object>
		<name>mild_dew</name>
		<pose>Unspecified</pose>
		<truncated>0</truncated>
		<difficult>0</difficult>
		<bndbox>
			<xmin>56</xmin>
			<ymin>60</ymin>
			<xmax>136</xmax>
			<ymax>166</ymax>
		</bndbox>
	</object>
	<object>
		<name>mild_dew</name>
		<pose>Unspecified</pose>
		<truncated>0</truncated>
		<difficult>0</difficult>
		<bndbox>
			<xmin>113</xmin>
			<ymin>7</ymin>
			<xmax>154</xmax>
			<ymax>65</ymax>
		</bndbox>
	</object>
</annotation>