<annotation><filename>89b9f1911ee6126e.jpg</filename><size><width>224</width><height>224</height><depth>3</depth></size><object><name>disease</name><bndbox><xmin>69</xmin><ymin>14</ymin><xmax>157</xmax><ymax>204</ymax></bndbox></object><object><name>disease</name><bndbox><xmin>79</xmin><ymin>51</ymin><xmax>136</xmax><ymax>186</ymax></bndbox></object><object><name>disease</name><bndbox><xmin>83</xmin><ymin>11</ymin><xmax>130</xmax><ymax>86</ymax></bndbox></object><object><name>disease</name><bndbox><xmin>95</xmin><ymin>58</ymin><xmax>107</xmax><ymax>90</ymax></bndbox></object><object><name>disease</name><bndbox><xmin>94</xmin><ymin>22</ymin><xmax>127</xmax><ymax>68</ymax></bndbox></object></annotation>