<annotation><filename>89cb83b03f3c60cf.jpg</filename><size><width>224</width><height>224</height><depth>3</depth></size><object><name>disease</name><bndbox><xmin>125</xmin><ymin>81</ymin><xmax>139</xmax><ymax>103</ymax></bndbox></object><object><name>disease</name><bndbox><xmin>99</xmin><ymin>161</ymin><xmax>112</xmax><ymax>182</ymax></bndbox></object><object><name>disease</name><bndbox><xmin>87</xmin><ymin>74</ymin><xmax>127</xmax><ymax>150</ymax></bndbox></object><object><name>disease</name><bndbox><xmin>50</xmin><ymin>28</ymin><xmax>69</xmax><ymax>44</ymax></bndbox></object><object><name>disease</name><bndbox><xmin>94</xmin><ymin>121</ymin><xmax>110</xmax><ymax>143</ymax></bndbox></object><object><name>disease</name><bndbox><xmin>60</xmin><ymin>67</ymin><xmax>74</xmax><ymax>93</ymax></bndbox></object><object><name>disease</name><bndbox><xmin>127</xmin><ymin>32</ymin><xmax>140</xmax><ymax>49</ymax></bndbox></object><object><name>disease</name><bndbox><xmin>32</xmin><ymin>75</ymin><xmax>62</xmax><ymax>111</ymax></bndbox></object></annotation>