<annotation>
	<folder>my-project-name</folder>
	<filename>8e099418216fefeb.jpg</filename>
	<path>/my-project-name/8e099418216fefeb.jpg</path>
	<source>
		<database>Unspecified</database>
	</source>
	<size>
		<width>224</width>
		<height>224</height>
		<depth>3</depth>
	</size>
	<object>
		<name>mild_dew</name>
		<pose>Unspecified</pose>
		<truncated>0</truncated>
		<difficult>0</difficult>
		<bndbox>
			<xmin>54</xmin>
			<ymin>54</ymin>
			<xmax>139</xmax>
			<ymax>134</ymax>
		</bndbox>
	</object>
	<object>
		<name>mild_dew</name>
		<pose>Unspecified</pose>
		<truncated>0</truncated>
		<difficult>0</difficult>
		<bndbox>
			<xmin>120</xmin>
			<ymin>142</ymin>
			<xmax>181</xmax>
			<ymax>180</ymax>
		</bndbox>
	</object>
	<object>
		<name>mild_dew</name>
		<pose>Unspecified</pose>
		<truncated>0</truncated>
		<difficult>0</difficult>
		<bndbox>
			<xmin>65</xmin>
			<ymin>132</ymin>
			<xmax>97</xmax>
			<ymax>160</ymax>
		</bndbox>
	</object>
</annotation>