<annotation><filename>8eeeb0906e75a0e6.jpg</filename><size><width>224</width><height>224</height><depth>3</depth></size><object><name>disease</name><bndbox><xmin>154</xmin><ymin>124</ymin><xmax>206</xmax><ymax>184</ymax></bndbox></object><object><name>disease</name><bndbox><xmin>29</xmin><ymin>13</ymin><xmax>67</xmax><ymax>59</ymax></bndbox></object><object><name>disease</name><bndbox><xmin>45</xmin><ymin>40</ymin><xmax>164</xmax><ymax>199</ymax></bndbox></object><object><name>disease</name><bndbox><xmin>36</xmin><ymin>13</ymin><xmax>92</xmax><ymax>122</ymax></bndbox></object><object><name>disease</name><bndbox><xmin>48</xmin><ymin>36</ymin><xmax>99</xmax><ymax>147</ymax></bndbox></object><object><name>disease</name><bndbox><xmin>38</xmin><ymin>12</ymin><xmax>118</xmax><ymax>176</ymax></bndbox></object><object><name>disease</name><bndbox><xmin>51</xmin><ymin>59</ymin><xmax>84</xmax><ymax>105</ymax></bndbox></object><object><name>disease</name><bndbox><xmin>46</xmin><ymin>50</ymin><xmax>94</xmax><ymax>112</ymax></bndbox></object></annotation>