<annotation>
	<folder>my-project-name</folder>
	<filename>8f0d749f8cc01b3e.jpg</filename>
	<path>/my-project-name/8f0d749f8cc01b3e.jpg</path>
	<source>
		<database>Unspecified</database>
	</source>
	<size>
		<width>224</width>
		<height>224</height>
		<depth>3</depth>
	</size>
	<object>
		<name>mild_dew</name>
		<pose>Unspecified</pose>
		<truncated>0</truncated>
		<difficult>0</difficult>
		<bndbox>
			<xmin>88</xmin>
			<ymin>97</ymin>
			<xmax>119</xmax>
			<ymax>150</ymax>
		</bndbox>
	</object>
	<object>
		<name>mild_dew</name>
		<pose>Unspecified</pose>
		<truncated>0</truncated>
		<difficult>0</difficult>
		<bndbox>
			<xmin>116</xmin>
			<ymin>9</ymin>
			<xmax>134</xmax>
			<ymax>33</ymax>
		</bndbox>
	</object>
	<object>
		<name>mild_dew</name>
		<pose>Unspecified</pose>
		<truncated>0</truncated>
		<difficult>0</difficult>
		<bndbox>
			<xmin>185</xmin>
			<ymin>69</ymin>
			<xmax>198</xmax>
			<ymax>93</ymax>
		</bndbox>
	</object>
	<object>
		<name>mild_dew</name>
		<pose>Unspecified</pose>
		<truncated>0</truncated>
		<difficult>0</difficult>
		<bndbox>
			<xmin>199</xmin>
			<ymin>43</ymin>
			<xmax>218</xmax>
			<ymax>59</ymax>
		</bndbox>
	</object>
	<object>
		<name>mild_dew</name>
		<pose>Unspecified</pose>
		<truncated>0</truncated>
		<difficult>0</difficult>
		<bndbox>
			<xmin>163</xmin>
			<ymin>7</ymin>
			<xmax>185</xmax>
			<ymax>41</ymax>
		</bndbox>
	</object>
	<object>
		<name>mild_dew</name>
		<pose>Unspecified</pose>
		<truncated>0</truncated>
		<difficult>0</difficult>
		<bndbox>
			<xmin>118</xmin>
			<ymin>76</ymin>
			<xmax>156</xmax>
			<ymax>99</ymax>
		</bndbox>
	</object>
</annotation>