<annotation><filename>8f3a23ed1c27c097.jpg</filename><size><width>224</width><height>224</height><depth>3</depth></size><object><name>disease</name><bndbox><xmin>81</xmin><ymin>97</ymin><xmax>136</xmax><ymax>163</ymax></bndbox></object><object><name>disease</name><bndbox><xmin>30</xmin><ymin>90</ymin><xmax>56</xmax><ymax>110</ymax></bndbox></object><object><name>disease</name><bndbox><xmin>21</xmin><ymin>47</ymin><xmax>37</xmax><ymax>94</ymax></bndbox></object><object><name>disease</name><bndbox><xmin>53</xmin><ymin>81</ymin><xmax>187</xmax><ymax>185</ymax></bndbox></object></annotation>