<annotation><filename>8f4d343a8acde632.jpg</filename><size><width>224</width><height>224</height><depth>3</depth></size><object><name>disease</name><bndbox><xmin>53</xmin><ymin>61</ymin><xmax>190</xmax><ymax>181</ymax></bndbox></object><object><name>disease</name><bndbox><xmin>55</xmin><ymin>67</ymin><xmax>152</xmax><ymax>150</ymax></bndbox></object><object><name>disease</name><bndbox><xmin>50</xmin><ymin>64</ymin><xmax>72</xmax><ymax>112</ymax></bndbox></object><object><name>disease</name><bndbox><xmin>190</xmin><ymin>72</ymin><xmax>223</xmax><ymax>137</ymax></bndbox></object></annotation>