<annotation>
	<folder>my-project-name</folder>
	<filename>8f838afd2c62b2c6.jpg</filename>
	<path>/my-project-name/8f838afd2c62b2c6.jpg</path>
	<source>
		<database>Unspecified</database>
	</source>
	<size>
		<width>224</width>
		<height>224</height>
		<depth>3</depth>
	</size>
	<object>
		<name>mild_dew</name>
		<pose>Unspecified</pose>
		<truncated>0</truncated>
		<difficult>0</difficult>
		<bndbox>
			<xmin>24</xmin>
			<ymin>76</ymin>
			<xmax>174</xmax>
			<ymax>194</ymax>
		</bndbox>
	</object>
</annotation>