<annotation>
	<folder>my-project-name</folder>
	<filename>8f9a3a96d131e5b0.jpg</filename>
	<path>/my-project-name/8f9a3a96d131e5b0.jpg</path>
	<source>
		<database>Unspecified</database>
	</source>
	<size>
		<width>224</width>
		<height>224</height>
		<depth>3</depth>
	</size>
	<object>
		<name>mild_dew</name>
		<pose>Unspecified</pose>
		<truncated>0</truncated>
		<difficult>0</difficult>
		<bndbox>
			<xmin>39</xmin>
			<ymin>24</ymin>
			<xmax>153</xmax>
			<ymax>170</ymax>
		</bndbox>
	</object>
</annotation>