<annotation>
	<folder>my-project-name</folder>
	<filename>90c6ef8cb8370bd2.jpg</filename>
	<path>/my-project-name/90c6ef8cb8370bd2.jpg</path>
	<source>
		<database>Unspecified</database>
	</source>
	<size>
		<width>224</width>
		<height>224</height>
		<depth>3</depth>
	</size>
	<object>
		<name>mild_dew</name>
		<pose>Unspecified</pose>
		<truncated>0</truncated>
		<difficult>0</difficult>
		<bndbox>
			<xmin>23</xmin>
			<ymin>74</ymin>
			<xmax>60</xmax>
			<ymax>148</ymax>
		</bndbox>
	</object>
	<object>
		<name>mild_dew</name>
		<pose>Unspecified</pose>
		<truncated>0</truncated>
		<difficult>0</difficult>
		<bndbox>
			<xmin>64</xmin>
			<ymin>12</ymin>
			<xmax>153</xmax>
			<ymax>174</ymax>
		</bndbox>
	</object>
</annotation>