<annotation>
	<folder>my-project-name</folder>
	<filename>90e03c8f3b398d6e.jpg</filename>
	<path>/my-project-name/90e03c8f3b398d6e.jpg</path>
	<source>
		<database>Unspecified</database>
	</source>
	<size>
		<width>224</width>
		<height>224</height>
		<depth>3</depth>
	</size>
	<object>
		<name>mild_dew</name>
		<pose>Unspecified</pose>
		<truncated>0</truncated>
		<difficult>0</difficult>
		<bndbox>
			<xmin>16</xmin>
			<ymin>14</ymin>
			<xmax>193</xmax>
			<ymax>180</ymax>
		</bndbox>
	</object>
</annotation>