<annotation><filename>91a7ffb38048674c.jpg</filename><size><width>224</width><height>224</height><depth>3</depth></size><object><name>disease</name><bndbox><xmin>100</xmin><ymin>9</ymin><xmax>147</xmax><ymax>47</ymax></bndbox></object><object><name>disease</name><bndbox><xmin>101</xmin><ymin>9</ymin><xmax>184</xmax><ymax>60</ymax></bndbox></object><object><name>disease</name><bndbox><xmin>32</xmin><ymin>13</ymin><xmax>50</xmax><ymax>83</ymax></bndbox></object><object><name>disease</name><bndbox><xmin>79</xmin><ymin>46</ymin><xmax>200</xmax><ymax>185</ymax></bndbox></object></annotation>