<annotation><filename>91cd70f93719843e.jpg</filename><size><width>224</width><height>224</height><depth>3</depth></size><object><name>disease</name><bndbox><xmin>147</xmin><ymin>110</ymin><xmax>184</xmax><ymax>139</ymax></bndbox></object><object><name>disease</name><bndbox><xmin>93</xmin><ymin>88</ymin><xmax>146</xmax><ymax>127</ymax></bndbox></object><object><name>disease</name><bndbox><xmin>151</xmin><ymin>11</ymin><xmax>168</xmax><ymax>38</ymax></bndbox></object><object><name>disease</name><bndbox><xmin>0</xmin><ymin>153</ymin><xmax>15</xmax><ymax>170</ymax></bndbox></object><object><name>disease</name><bndbox><xmin>37</xmin><ymin>22</ymin><xmax>57</xmax><ymax>55</ymax></bndbox></object><object><name>disease</name><bndbox><xmin>83</xmin><ymin>159</ymin><xmax>126</xmax><ymax>207</ymax></bndbox></object><object><name>disease</name><bndbox><xmin>113</xmin><ymin>96</ymin><xmax>143</xmax><ymax>125</ymax></bndbox></object></annotation>