<annotation><filename>92f22e07d63e6c8c.jpg</filename><size><width>224</width><height>224</height><depth>3</depth></size><object><name>disease</name><bndbox><xmin>86</xmin><ymin>59</ymin><xmax>115</xmax><ymax>78</ymax></bndbox></object><object><name>disease</name><bndbox><xmin>168</xmin><ymin>92</ymin><xmax>191</xmax><ymax>137</ymax></bndbox></object><object><name>disease</name><bndbox><xmin>51</xmin><ymin>97</ymin><xmax>71</xmax><ymax>127</ymax></bndbox></object><object><name>disease</name><bndbox><xmin>112</xmin><ymin>100</ymin><xmax>132</xmax><ymax>129</ymax></bndbox></object><object><name>disease</name><bndbox><xmin>130</xmin><ymin>64</ymin><xmax>144</xmax><ymax>89</ymax></bndbox></object><object><name>disease</name><bndbox><xmin>97</xmin><ymin>100</ymin><xmax>137</xmax><ymax>130</ymax></bndbox></object><object><name>disease</name><bndbox><xmin>126</xmin><ymin>65</ymin><xmax>165</xmax><ymax>90</ymax></bndbox></object><object><name>disease</name><bndbox><xmin>108</xmin><ymin>65</ymin><xmax>117</xmax><ymax>77</ymax></bndbox></object><object><name>disease</name><bndbox><xmin>131</xmin><ymin>67</ymin><xmax>173</xmax><ymax>101</ymax></bndbox></object></annotation>