<annotation>
	<folder>my-project-name</folder>
	<filename>93e23d19-e40e-4fed-8729-9b5a86169b23.jpg</filename>
	<path>/my-project-name/93e23d19-e40e-4fed-8729-9b5a86169b23.jpg</path>
	<source>
		<database>Unspecified</database>
	</source>
	<size>
		<width>224</width>
		<height>224</height>
		<depth>3</depth>
	</size>
	<object>
		<name>red_rot</name>
		<pose>Unspecified</pose>
		<truncated>0</truncated>
		<difficult>0</difficult>
		<bndbox>
			<xmin>48</xmin>
			<ymin>37</ymin>
			<xmax>216</xmax>
			<ymax>172</ymax>
		</bndbox>
	</object>
	<object>
		<name>red_rot</name>
		<pose>Unspecified</pose>
		<truncated>0</truncated>
		<difficult>0</difficult>
		<bndbox>
			<xmin>5</xmin>
			<ymin>51</ymin>
			<xmax>90</xmax>
			<ymax>143</ymax>
		</bndbox>
	</object>
</annotation>