<annotation><filename>94c8b450b075eded.jpg</filename><size><width>224</width><height>224</height><depth>3</depth></size><object><name>disease</name><bndbox><xmin>156</xmin><ymin>63</ymin><xmax>187</xmax><ymax>113</ymax></bndbox></object><object><name>disease</name><bndbox><xmin>94</xmin><ymin>16</ymin><xmax>116</xmax><ymax>45</ymax></bndbox></object><object><name>disease</name><bndbox><xmin>97</xmin><ymin>29</ymin><xmax>109</xmax><ymax>44</ymax></bndbox></object><object><name>disease</name><bndbox><xmin>58</xmin><ymin>72</ymin><xmax>72</xmax><ymax>87</ymax></bndbox></object></annotation>