<annotation><filename>94e2530ba5b2f4b6.jpg</filename><size><width>224</width><height>224</height><depth>3</depth></size><object><name>disease</name><bndbox><xmin>101</xmin><ymin>130</ymin><xmax>116</xmax><ymax>149</ymax></bndbox></object><object><name>disease</name><bndbox><xmin>128</xmin><ymin>86</ymin><xmax>153</xmax><ymax>106</ymax></bndbox></object><object><name>disease</name><bndbox><xmin>15</xmin><ymin>47</ymin><xmax>60</xmax><ymax>142</ymax></bndbox></object><object><name>disease</name><bndbox><xmin>101</xmin><ymin>81</ymin><xmax>112</xmax><ymax>98</ymax></bndbox></object></annotation>