<annotation><filename>94e7cedc618c2927.jpg</filename><size><width>224</width><height>224</height><depth>3</depth></size><object><name>disease</name><bndbox><xmin>86</xmin><ymin>112</ymin><xmax>108</xmax><ymax>150</ymax></bndbox></object><object><name>disease</name><bndbox><xmin>53</xmin><ymin>173</ymin><xmax>84</xmax><ymax>219</ymax></bndbox></object><object><name>disease</name><bndbox><xmin>82</xmin><ymin>145</ymin><xmax>111</xmax><ymax>194</ymax></bndbox></object><object><name>disease</name><bndbox><xmin>95</xmin><ymin>31</ymin><xmax>130</xmax><ymax>68</ymax></bndbox></object><object><name>disease</name><bndbox><xmin>74</xmin><ymin>8</ymin><xmax>178</xmax><ymax>177</ymax></bndbox></object></annotation>