<annotation><filename>94f3be132f07818b.jpg</filename><size><width>224</width><height>224</height><depth>3</depth></size><object><name>disease</name><bndbox><xmin>46</xmin><ymin>64</ymin><xmax>72</xmax><ymax>95</ymax></bndbox></object><object><name>disease</name><bndbox><xmin>70</xmin><ymin>62</ymin><xmax>122</xmax><ymax>139</ymax></bndbox></object><object><name>disease</name><bndbox><xmin>145</xmin><ymin>16</ymin><xmax>192</xmax><ymax>111</ymax></bndbox></object><object><name>disease</name><bndbox><xmin>185</xmin><ymin>140</ymin><xmax>214</xmax><ymax>184</ymax></bndbox></object><object><name>disease</name><bndbox><xmin>57</xmin><ymin>61</ymin><xmax>174</xmax><ymax>188</ymax></bndbox></object><object><name>disease</name><bndbox><xmin>78</xmin><ymin>76</ymin><xmax>120</xmax><ymax>119</ymax></bndbox></object><object><name>disease</name><bndbox><xmin>90</xmin><ymin>86</ymin><xmax>117</xmax><ymax>119</ymax></bndbox></object></annotation>