<annotation><filename>95ac93e87a9744d1.jpg</filename><size><width>224</width><height>224</height><depth>3</depth></size><object><name>disease</name><bndbox><xmin>103</xmin><ymin>125</ymin><xmax>129</xmax><ymax>160</ymax></bndbox></object><object><name>disease</name><bndbox><xmin>134</xmin><ymin>83</ymin><xmax>155</xmax><ymax>108</ymax></bndbox></object><object><name>disease</name><bndbox><xmin>95</xmin><ymin>63</ymin><xmax>132</xmax><ymax>91</ymax></bndbox></object><object><name>disease</name><bndbox><xmin>91</xmin><ymin>74</ymin><xmax>113</xmax><ymax>105</ymax></bndbox></object></annotation>