<annotation><filename>95cb3b9998371299.jpg</filename><size><width>224</width><height>224</height><depth>3</depth></size><object><name>disease</name><bndbox><xmin>98</xmin><ymin>28</ymin><xmax>137</xmax><ymax>72</ymax></bndbox></object><object><name>disease</name><bndbox><xmin>202</xmin><ymin>5</ymin><xmax>222</xmax><ymax>41</ymax></bndbox></object><object><name>disease</name><bndbox><xmin>40</xmin><ymin>83</ymin><xmax>77</xmax><ymax>115</ymax></bndbox></object><object><name>disease</name><bndbox><xmin>131</xmin><ymin>31</ymin><xmax>188</xmax><ymax>131</ymax></bndbox></object><object><name>disease</name><bndbox><xmin>30</xmin><ymin>30</ymin><xmax>160</xmax><ymax>186</ymax></bndbox></object><object><name>disease</name><bndbox><xmin>65</xmin><ymin>83</ymin><xmax>98</xmax><ymax>118</ymax></bndbox></object><object><name>disease</name><bndbox><xmin>200</xmin><ymin>108</ymin><xmax>224</xmax><ymax>147</ymax></bndbox></object><object><name>disease</name><bndbox><xmin>30</xmin><ymin>83</ymin><xmax>112</xmax><ymax>118</ymax></bndbox></object><object><name>disease</name><bndbox><xmin>42</xmin><ymin>20</ymin><xmax>95</xmax><ymax>59</ymax></bndbox></object><object><name>disease</name><bndbox><xmin>35</xmin><ymin>84</ymin><xmax>105</xmax><ymax>145</ymax></bndbox></object><object><name>disease</name><bndbox><xmin>94</xmin><ymin>87</ymin><xmax>124</xmax><ymax>128</ymax></bndbox></object><object><name>disease</name><bndbox><xmin>170</xmin><ymin>165</ymin><xmax>203</xmax><ymax>205</ymax></bndbox></object></annotation>