<annotation><filename>96a558b0e901ff63.jpg</filename><size><width>224</width><height>224</height><depth>3</depth></size><object><name>disease</name><bndbox><xmin>50</xmin><ymin>79</ymin><xmax>179</xmax><ymax>196</ymax></bndbox></object><object><name>disease</name><bndbox><xmin>99</xmin><ymin>142</ymin><xmax>112</xmax><ymax>157</ymax></bndbox></object><object><name>disease</name><bndbox><xmin>68</xmin><ymin>86</ymin><xmax>154</xmax><ymax>170</ymax></bndbox></object><object><name>disease</name><bndbox><xmin>87</xmin><ymin>108</ymin><xmax>129</xmax><ymax>141</ymax></bndbox></object><object><name>disease</name><bndbox><xmin>89</xmin><ymin>111</ymin><xmax>117</xmax><ymax>133</ymax></bndbox></object></annotation>