<annotation><filename>97ae1a31133769cc.jpg</filename><size><width>224</width><height>224</height><depth>3</depth></size><object><name>disease</name><bndbox><xmin>132</xmin><ymin>47</ymin><xmax>167</xmax><ymax>66</ymax></bndbox></object><object><name>disease</name><bndbox><xmin>127</xmin><ymin>111</ymin><xmax>166</xmax><ymax>146</ymax></bndbox></object><object><name>disease</name><bndbox><xmin>92</xmin><ymin>90</ymin><xmax>109</xmax><ymax>115</ymax></bndbox></object><object><name>disease</name><bndbox><xmin>57</xmin><ymin>148</ymin><xmax>73</xmax><ymax>177</ymax></bndbox></object><object><name>disease</name><bndbox><xmin>93</xmin><ymin>151</ymin><xmax>129</xmax><ymax>193</ymax></bndbox></object><object><name>disease</name><bndbox><xmin>21</xmin><ymin>193</ymin><xmax>42</xmax><ymax>224</ymax></bndbox></object><object><name>disease</name><bndbox><xmin>28</xmin><ymin>94</ymin><xmax>42</xmax><ymax>108</ymax></bndbox></object><object><name>disease</name><bndbox><xmin>72</xmin><ymin>68</ymin><xmax>85</xmax><ymax>82</ymax></bndbox></object><object><name>disease</name><bndbox><xmin>130</xmin><ymin>113</ymin><xmax>151</xmax><ymax>143</ymax></bndbox></object></annotation>