<annotation><filename>97c36b7ccaa15641.jpg</filename><size><width>224</width><height>224</height><depth>3</depth></size><object><name>disease</name><bndbox><xmin>53</xmin><ymin>74</ymin><xmax>77</xmax><ymax>108</ymax></bndbox></object><object><name>disease</name><bndbox><xmin>106</xmin><ymin>90</ymin><xmax>122</xmax><ymax>121</ymax></bndbox></object><object><name>disease</name><bndbox><xmin>162</xmin><ymin>64</ymin><xmax>171</xmax><ymax>77</ymax></bndbox></object><object><name>disease</name><bndbox><xmin>45</xmin><ymin>75</ymin><xmax>93</xmax><ymax>114</ymax></bndbox></object></annotation>