<annotation><filename>98a81c358479bfcb.jpg</filename><size><width>224</width><height>224</height><depth>3</depth></size><object><name>disease</name><bndbox><xmin>94</xmin><ymin>52</ymin><xmax>121</xmax><ymax>95</ymax></bndbox></object><object><name>disease</name><bndbox><xmin>18</xmin><ymin>25</ymin><xmax>141</xmax><ymax>168</ymax></bndbox></object><object><name>disease</name><bndbox><xmin>35</xmin><ymin>28</ymin><xmax>77</xmax><ymax>55</ymax></bndbox></object><object><name>disease</name><bndbox><xmin>39</xmin><ymin>40</ymin><xmax>192</xmax><ymax>192</ymax></bndbox></object><object><name>disease</name><bndbox><xmin>48</xmin><ymin>36</ymin><xmax>110</xmax><ymax>148</ymax></bndbox></object></annotation>