<annotation><filename>98f4000fff7b8313.jpg</filename><size><width>224</width><height>224</height><depth>3</depth></size><object><name>disease</name><bndbox><xmin>59</xmin><ymin>128</ymin><xmax>72</xmax><ymax>145</ymax></bndbox></object><object><name>disease</name><bndbox><xmin>69</xmin><ymin>10</ymin><xmax>105</xmax><ymax>53</ymax></bndbox></object><object><name>disease</name><bndbox><xmin>6</xmin><ymin>49</ymin><xmax>20</xmax><ymax>75</ymax></bndbox></object><object><name>disease</name><bndbox><xmin>65</xmin><ymin>190</ymin><xmax>86</xmax><ymax>223</ymax></bndbox></object><object><name>disease</name><bndbox><xmin>98</xmin><ymin>18</ymin><xmax>118</xmax><ymax>35</ymax></bndbox></object><object><name>disease</name><bndbox><xmin>119</xmin><ymin>185</ymin><xmax>144</xmax><ymax>223</ymax></bndbox></object><object><name>disease</name><bndbox><xmin>24</xmin><ymin>6</ymin><xmax>39</xmax><ymax>18</ymax></bndbox></object><object><name>disease</name><bndbox><xmin>146</xmin><ymin>72</ymin><xmax>187</xmax><ymax>96</ymax></bndbox></object><object><name>disease</name><bndbox><xmin>159</xmin><ymin>124</ymin><xmax>171</xmax><ymax>141</ymax></bndbox></object></annotation>