<annotation><filename>98ffca83d33490a9.jpg</filename><size><width>224</width><height>224</height><depth>3</depth></size><object><name>disease</name><bndbox><xmin>109</xmin><ymin>125</ymin><xmax>152</xmax><ymax>173</ymax></bndbox></object><object><name>disease</name><bndbox><xmin>61</xmin><ymin>14</ymin><xmax>178</xmax><ymax>183</ymax></bndbox></object><object><name>disease</name><bndbox><xmin>191</xmin><ymin>53</ymin><xmax>215</xmax><ymax>108</ymax></bndbox></object><object><name>disease</name><bndbox><xmin>68</xmin><ymin>27</ymin><xmax>126</xmax><ymax>142</ymax></bndbox></object><object><name>disease</name><bndbox><xmin>31</xmin><ymin>12</ymin><xmax>67</xmax><ymax>44</ymax></bndbox></object></annotation>