<annotation><filename>99f3639158699cd8.jpg</filename><size><width>224</width><height>224</height><depth>3</depth></size><object><name>disease</name><bndbox><xmin>130</xmin><ymin>86</ymin><xmax>153</xmax><ymax>113</ymax></bndbox></object><object><name>disease</name><bndbox><xmin>151</xmin><ymin>129</ymin><xmax>167</xmax><ymax>151</ymax></bndbox></object><object><name>disease</name><bndbox><xmin>123</xmin><ymin>163</ymin><xmax>139</xmax><ymax>181</ymax></bndbox></object><object><name>disease</name><bndbox><xmin>84</xmin><ymin>168</ymin><xmax>125</xmax><ymax>220</ymax></bndbox></object><object><name>disease</name><bndbox><xmin>33</xmin><ymin>57</ymin><xmax>54</xmax><ymax>81</ymax></bndbox></object><object><name>disease</name><bndbox><xmin>178</xmin><ymin>110</ymin><xmax>190</xmax><ymax>141</ymax></bndbox></object><object><name>disease</name><bndbox><xmin>93</xmin><ymin>102</ymin><xmax>140</xmax><ymax>156</ymax></bndbox></object></annotation>