<annotation>
	<folder>my-project-name</folder>
	<filename>9ab326c1951acb7a.jpg</filename>
	<path>/my-project-name/9ab326c1951acb7a.jpg</path>
	<source>
		<database>Unspecified</database>
	</source>
	<size>
		<width>224</width>
		<height>224</height>
		<depth>3</depth>
	</size>
	<object>
		<name>mild_dew</name>
		<pose>Unspecified</pose>
		<truncated>0</truncated>
		<difficult>0</difficult>
		<bndbox>
			<xmin>30</xmin>
			<ymin>55</ymin>
			<xmax>192</xmax>
			<ymax>201</ymax>
		</bndbox>
	</object>
</annotation>