<annotation>
	<folder>my-project-name</folder>
	<filename>9aca43c4b01debe3.jpg</filename>
	<path>/my-project-name/9aca43c4b01debe3.jpg</path>
	<source>
		<database>Unspecified</database>
	</source>
	<size>
		<width>224</width>
		<height>224</height>
		<depth>3</depth>
	</size>
	<object>
		<name>mild_dew</name>
		<pose>Unspecified</pose>
		<truncated>0</truncated>
		<difficult>0</difficult>
		<bndbox>
			<xmin>81</xmin>
			<ymin>8</ymin>
			<xmax>138</xmax>
			<ymax>192</ymax>
		</bndbox>
	</object>
	<object>
		<name>mild_dew</name>
		<pose>Unspecified</pose>
		<truncated>0</truncated>
		<difficult>0</difficult>
		<bndbox>
			<xmin>30</xmin>
			<ymin>16</ymin>
			<xmax>66</xmax>
			<ymax>67</ymax>
		</bndbox>
	</object>
</annotation>