<annotation><filename>9b6a318cc5721d73.jpg</filename><size><width>224</width><height>224</height><depth>3</depth></size><object><name>disease</name><bndbox><xmin>45</xmin><ymin>77</ymin><xmax>180</xmax><ymax>208</ymax></bndbox></object><object><name>disease</name><bndbox><xmin>103</xmin><ymin>164</ymin><xmax>136</xmax><ymax>190</ymax></bndbox></object><object><name>disease</name><bndbox><xmin>152</xmin><ymin>100</ymin><xmax>189</xmax><ymax>155</ymax></bndbox></object><object><name>disease</name><bndbox><xmin>45</xmin><ymin>86</ymin><xmax>123</xmax><ymax>176</ymax></bndbox></object></annotation>