<annotation><filename>9b9832ecbd60702f.jpg</filename><size><width>224</width><height>224</height><depth>3</depth></size><object><name>disease</name><bndbox><xmin>64</xmin><ymin>84</ymin><xmax>179</xmax><ymax>158</ymax></bndbox></object><object><name>disease</name><bndbox><xmin>33</xmin><ymin>131</ymin><xmax>57</xmax><ymax>184</ymax></bndbox></object><object><name>disease</name><bndbox><xmin>104</xmin><ymin>192</ymin><xmax>159</xmax><ymax>221</ymax></bndbox></object><object><name>disease</name><bndbox><xmin>44</xmin><ymin>75</ymin><xmax>200</xmax><ymax>187</ymax></bndbox></object><object><name>disease</name><bndbox><xmin>96</xmin><ymin>93</ymin><xmax>125</xmax><ymax>129</ymax></bndbox></object></annotation>