<annotation>
	<folder>my-project-name</folder>
	<filename>9bd06de433b285d8.jpg</filename>
	<path>/my-project-name/9bd06de433b285d8.jpg</path>
	<source>
		<database>Unspecified</database>
	</source>
	<size>
		<width>224</width>
		<height>224</height>
		<depth>3</depth>
	</size>
	<object>
		<name>mild_dew</name>
		<pose>Unspecified</pose>
		<truncated>0</truncated>
		<difficult>0</difficult>
		<bndbox>
			<xmin>65</xmin>
			<ymin>44</ymin>
			<xmax>176</xmax>
			<ymax>176</ymax>
		</bndbox>
	</object>
</annotation>