<annotation>
	<folder>my-project-name</folder>
	<filename>9c1e3a3aa68c7971.jpg</filename>
	<path>/my-project-name/9c1e3a3aa68c7971.jpg</path>
	<source>
		<database>Unspecified</database>
	</source>
	<size>
		<width>224</width>
		<height>224</height>
		<depth>3</depth>
	</size>
	<object>
		<name>mild_dew</name>
		<pose>Unspecified</pose>
		<truncated>0</truncated>
		<difficult>0</difficult>
		<bndbox>
			<xmin>68</xmin>
			<ymin>7</ymin>
			<xmax>179</xmax>
			<ymax>212</ymax>
		</bndbox>
	</object>
</annotation>