<annotation><filename>9d4a3a18eec773a0.jpg</filename><size><width>224</width><height>224</height><depth>3</depth></size><object><name>disease</name><bndbox><xmin>51</xmin><ymin>40</ymin><xmax>169</xmax><ymax>204</ymax></bndbox></object><object><name>disease</name><bndbox><xmin>50</xmin><ymin>53</ymin><xmax>121</xmax><ymax>156</ymax></bndbox></object><object><name>disease</name><bndbox><xmin>145</xmin><ymin>31</ymin><xmax>183</xmax><ymax>98</ymax></bndbox></object><object><name>disease</name><bndbox><xmin>149</xmin><ymin>30</ymin><xmax>171</xmax><ymax>84</ymax></bndbox></object></annotation>