<annotation><filename>9d903bbbc06c25e9.jpg</filename><size><width>224</width><height>224</height><depth>3</depth></size><object><name>disease</name><bndbox><xmin>74</xmin><ymin>55</ymin><xmax>116</xmax><ymax>97</ymax></bndbox></object><object><name>disease</name><bndbox><xmin>70</xmin><ymin>54</ymin><xmax>140</xmax><ymax>139</ymax></bndbox></object><object><name>disease</name><bndbox><xmin>72</xmin><ymin>95</ymin><xmax>98</xmax><ymax>117</ymax></bndbox></object><object><name>disease</name><bndbox><xmin>23</xmin><ymin>69</ymin><xmax>43</xmax><ymax>98</ymax></bndbox></object><object><name>disease</name><bndbox><xmin>26</xmin><ymin>118</ymin><xmax>44</xmax><ymax>141</ymax></bndbox></object><object><name>disease</name><bndbox><xmin>37</xmin><ymin>58</ymin><xmax>166</xmax><ymax>166</ymax></bndbox></object></annotation>