<annotation>
	<folder>my-project-name</folder>
	<filename>'Cercospora_capsici.jpg</filename>
	<path>/my-project-name/'Cercospora_capsici.jpg</path>
	<source>
		<database>Unspecified</database>
	</source>
	<size>
		<width>224</width>
		<height>224</height>
		<depth>3</depth>
	</size>
	<object>
		<name>bacterial_spot</name>
		<pose>Unspecified</pose>
		<truncated>0</truncated>
		<difficult>0</difficult>
		<bndbox>
			<xmin>54</xmin>
			<ymin>38</ymin>
			<xmax>119</xmax>
			<ymax>83</ymax>
		</bndbox>
	</object>








</annotation>