<annotation><filename>anthracnosecuke3_600px (1).jpg</filename><size><width>224</width><height>224</height><depth>3</depth></size><object><name>disease</name><bndbox><xmin>144</xmin><ymin>130</ymin><xmax>157</xmax><ymax>141</ymax></bndbox></object><object><name>disease</name><bndbox><xmin>143</xmin><ymin>70</ymin><xmax>156</xmax><ymax>89</ymax></bndbox></object><object><name>disease</name><bndbox><xmin>47</xmin><ymin>43</ymin><xmax>86</xmax><ymax>61</ymax></bndbox></object><object><name>disease</name><bndbox><xmin>93</xmin><ymin>158</ymin><xmax>113</xmax><ymax>180</ymax></bndbox></object><object><name>disease</name><bndbox><xmin>123</xmin><ymin>14</ymin><xmax>164</xmax><ymax>63</ymax></bndbox></object><object><name>disease</name><bndbox><xmin>31</xmin><ymin>69</ymin><xmax>50</xmax><ymax>124</ymax></bndbox></object><object><name>disease</name><bndbox><xmin>114</xmin><ymin>7</ymin><xmax>174</xmax><ymax>75</ymax></bndbox></object><object><name>disease</name><bndbox><xmin>192</xmin><ymin>113</ymin><xmax>213</xmax><ymax>148</ymax></bndbox></object><object><name>disease</name><bndbox><xmin>114</xmin><ymin>126</ymin><xmax>134</xmax><ymax>139</ymax></bndbox></object><object><name>disease</name><bndbox><xmin>26</xmin><ymin>38</ymin><xmax>43</xmax><ymax>58</ymax></bndbox></object><object><name>disease</name><bndbox><xmin>63</xmin><ymin>15</ymin><xmax>83</xmax><ymax>49</ymax></bndbox></object><object><name>disease</name><bndbox><xmin>36</xmin><ymin>158</ymin><xmax>56</xmax><ymax>175</ymax></bndbox></object></annotation>