<annotation><filename>anthracno-1.jpg</filename><size><width>224</width><height>224</height><depth>3</depth></size><object><name>disease</name><bndbox><xmin>94</xmin><ymin>46</ymin><xmax>115</xmax><ymax>101</ymax></bndbox></object><object><name>disease</name><bndbox><xmin>126</xmin><ymin>164</ymin><xmax>146</xmax><ymax>191</ymax></bndbox></object><object><name>disease</name><bndbox><xmin>52</xmin><ymin>45</ymin><xmax>81</xmax><ymax>72</ymax></bndbox></object><object><name>disease</name><bndbox><xmin>166</xmin><ymin>114</ymin><xmax>183</xmax><ymax>136</ymax></bndbox></object><object><name>disease</name><bndbox><xmin>173</xmin><ymin>158</ymin><xmax>189</xmax><ymax>179</ymax></bndbox></object><object><name>disease</name><bndbox><xmin>131</xmin><ymin>79</ymin><xmax>155</xmax><ymax>139</ymax></bndbox></object><object><name>disease</name><bndbox><xmin>126</xmin><ymin>77</ymin><xmax>164</xmax><ymax>167</ymax></bndbox></object><object><name>disease</name><bndbox><xmin>57</xmin><ymin>179</ymin><xmax>74</xmax><ymax>202</ymax></bndbox></object><object><name>disease</name><bndbox><xmin>0</xmin><ymin>141</ymin><xmax>14</xmax><ymax>175</ymax></bndbox></object></annotation>