<annotation><filename>b2d0994e-82de-4177-a3c7-99cd73e504d2.jpg</filename><size><width>224</width><height>224</height><depth>3</depth></size><object><name>disease</name><bndbox><xmin>77</xmin><ymin>109</ymin><xmax>96</xmax><ymax>132</ymax></bndbox></object><object><name>disease</name><bndbox><xmin>103</xmin><ymin>83</ymin><xmax>126</xmax><ymax>117</ymax></bndbox></object><object><name>disease</name><bndbox><xmin>65</xmin><ymin>81</ymin><xmax>84</xmax><ymax>94</ymax></bndbox></object><object><name>disease</name><bndbox><xmin>127</xmin><ymin>82</ymin><xmax>157</xmax><ymax>128</ymax></bndbox></object><object><name>disease</name><bndbox><xmin>96</xmin><ymin>83</ymin><xmax>157</xmax><ymax>122</ymax></bndbox></object><object><name>disease</name><bndbox><xmin>129</xmin><ymin>137</ymin><xmax>172</xmax><ymax>156</ymax></bndbox></object><object><name>disease</name><bndbox><xmin>73</xmin><ymin>143</ymin><xmax>91</xmax><ymax>166</ymax></bndbox></object><object><name>disease</name><bndbox><xmin>149</xmin><ymin>138</ymin><xmax>168</xmax><ymax>155</ymax></bndbox></object><object><name>disease</name><bndbox><xmin>143</xmin><ymin>191</ymin><xmax>167</xmax><ymax>211</ymax></bndbox></object><object><name>disease</name><bndbox><xmin>52</xmin><ymin>79</ymin><xmax>86</xmax><ymax>93</ymax></bndbox></object><object><name>disease</name><bndbox><xmin>132</xmin><ymin>139</ymin><xmax>155</xmax><ymax>154</ymax></bndbox></object></annotation>