<annotation><filename>bact-spot-fig-1.jpg</filename><size><width>224</width><height>224</height><depth>3</depth></size><object><name>disease</name><bndbox><xmin>147</xmin><ymin>102</ymin><xmax>170</xmax><ymax>127</ymax></bndbox></object><object><name>disease</name><bndbox><xmin>160</xmin><ymin>121</ymin><xmax>184</xmax><ymax>142</ymax></bndbox></object><object><name>disease</name><bndbox><xmin>54</xmin><ymin>110</ymin><xmax>69</xmax><ymax>138</ymax></bndbox></object><object><name>disease</name><bndbox><xmin>136</xmin><ymin>99</ymin><xmax>154</xmax><ymax>124</ymax></bndbox></object><object><name>disease</name><bndbox><xmin>128</xmin><ymin>100</ymin><xmax>170</xmax><ymax>123</ymax></bndbox></object><object><name>disease</name><bndbox><xmin>47</xmin><ymin>95</ymin><xmax>71</xmax><ymax>141</ymax></bndbox></object></annotation>