<annotation><filename>bact-leafspot_sized.jpg</filename><size><width>224</width><height>224</height><depth>3</depth></size><object><name>disease</name><bndbox><xmin>75</xmin><ymin>145</ymin><xmax>99</xmax><ymax>184</ymax></bndbox></object><object><name>disease</name><bndbox><xmin>57</xmin><ymin>89</ymin><xmax>68</xmax><ymax>104</ymax></bndbox></object><object><name>disease</name><bndbox><xmin>62</xmin><ymin>136</ymin><xmax>101</xmax><ymax>181</ymax></bndbox></object><object><name>disease</name><bndbox><xmin>47</xmin><ymin>168</ymin><xmax>69</xmax><ymax>193</ymax></bndbox></object><object><name>disease</name><bndbox><xmin>64</xmin><ymin>138</ymin><xmax>86</xmax><ymax>161</ymax></bndbox></object><object><name>disease</name><bndbox><xmin>72</xmin><ymin>64</ymin><xmax>85</xmax><ymax>79</ymax></bndbox></object></annotation>