<annotation><filename>bacterial-spot_tomatoes_featured.jpg</filename><size><width>224</width><height>224</height><depth>3</depth></size><object><name>disease</name><bndbox><xmin>74</xmin><ymin>85</ymin><xmax>85</xmax><ymax>103</ymax></bndbox></object><object><name>disease</name><bndbox><xmin>98</xmin><ymin>103</ymin><xmax>114</xmax><ymax>126</ymax></bndbox></object><object><name>disease</name><bndbox><xmin>87</xmin><ymin>134</ymin><xmax>104</xmax><ymax>155</ymax></bndbox></object><object><name>disease</name><bndbox><xmin>57</xmin><ymin>139</ymin><xmax>78</xmax><ymax>174</ymax></bndbox></object><object><name>disease</name><bndbox><xmin>47</xmin><ymin>53</ymin><xmax>70</xmax><ymax>73</ymax></bndbox></object><object><name>disease</name><bndbox><xmin>80</xmin><ymin>156</ymin><xmax>93</xmax><ymax>181</ymax></bndbox></object><object><name>disease</name><bndbox><xmin>50</xmin><ymin>132</ymin><xmax>108</xmax><ymax>179</ymax></bndbox></object><object><name>disease</name><bndbox><xmin>86</xmin><ymin>131</ymin><xmax>107</xmax><ymax>166</ymax></bndbox></object></annotation>