<annotation><filename>bacterial-black.jpg</filename><size><width>224</width><height>224</height><depth>3</depth></size><object><name>disease</name><bndbox><xmin>175</xmin><ymin>177</ymin><xmax>192</xmax><ymax>192</ymax></bndbox></object><object><name>disease</name><bndbox><xmin>48</xmin><ymin>109</ymin><xmax>64</xmax><ymax>122</ymax></bndbox></object><object><name>disease</name><bndbox><xmin>69</xmin><ymin>105</ymin><xmax>99</xmax><ymax>124</ymax></bndbox></object><object><name>disease</name><bndbox><xmin>32</xmin><ymin>98</ymin><xmax>46</xmax><ymax>112</ymax></bndbox></object><object><name>disease</name><bndbox><xmin>188</xmin><ymin>112</ymin><xmax>207</xmax><ymax>126</ymax></bndbox></object><object><name>disease</name><bndbox><xmin>124</xmin><ymin>77</ymin><xmax>141</xmax><ymax>91</ymax></bndbox></object><object><name>disease</name><bndbox><xmin>98</xmin><ymin>159</ymin><xmax>114</xmax><ymax>183</ymax></bndbox></object><object><name>disease</name><bndbox><xmin>95</xmin><ymin>132</ymin><xmax>106</xmax><ymax>142</ymax></bndbox></object><object><name>disease</name><bndbox><xmin>52</xmin><ymin>54</ymin><xmax>68</xmax><ymax>67</ymax></bndbox></object><object><name>disease</name><bndbox><xmin>103</xmin><ymin>42</ymin><xmax>119</xmax><ymax>52</ymax></bndbox></object><object><name>disease</name><bndbox><xmin>101</xmin><ymin>182</ymin><xmax>116</xmax><ymax>193</ymax></bndbox></object></annotation>