<annotation><filename>bacterial-spot-of-citrus-citrus-2.jpg</filename><size><width>224</width><height>224</height><depth>3</depth></size><object><name>disease</name><bndbox><xmin>171</xmin><ymin>10</ymin><xmax>198</xmax><ymax>36</ymax></bndbox></object><object><name>disease</name><bndbox><xmin>151</xmin><ymin>94</ymin><xmax>180</xmax><ymax>119</ymax></bndbox></object><object><name>disease</name><bndbox><xmin>0</xmin><ymin>62</ymin><xmax>32</xmax><ymax>107</ymax></bndbox></object><object><name>disease</name><bndbox><xmin>124</xmin><ymin>66</ymin><xmax>135</xmax><ymax>78</ymax></bndbox></object><object><name>disease</name><bndbox><xmin>4</xmin><ymin>10</ymin><xmax>48</xmax><ymax>55</ymax></bndbox></object><object><name>disease</name><bndbox><xmin>142</xmin><ymin>143</ymin><xmax>154</xmax><ymax>161</ymax></bndbox></object><object><name>disease</name><bndbox><xmin>123</xmin><ymin>166</ymin><xmax>138</xmax><ymax>181</ymax></bndbox></object><object><name>disease</name><bndbox><xmin>177</xmin><ymin>172</ymin><xmax>197</xmax><ymax>208</ymax></bndbox></object></annotation>