<annotation><filename>Bacterial_Blight_Figure_1.jpg</filename><size><width>224</width><height>224</height><depth>3</depth></size><object><name>disease</name><bndbox><xmin>137</xmin><ymin>21</ymin><xmax>155</xmax><ymax>41</ymax></bndbox></object><object><name>disease</name><bndbox><xmin>137</xmin><ymin>60</ymin><xmax>158</xmax><ymax>95</ymax></bndbox></object><object><name>disease</name><bndbox><xmin>163</xmin><ymin>140</ymin><xmax>214</xmax><ymax>214</ymax></bndbox></object><object><name>disease</name><bndbox><xmin>1</xmin><ymin>56</ymin><xmax>28</xmax><ymax>94</ymax></bndbox></object><object><name>disease</name><bndbox><xmin>102</xmin><ymin>9</ymin><xmax>121</xmax><ymax>31</ymax></bndbox></object><object><name>disease</name><bndbox><xmin>99</xmin><ymin>50</ymin><xmax>141</xmax><ymax>88</ymax></bndbox></object><object><name>disease</name><bndbox><xmin>59</xmin><ymin>94</ymin><xmax>108</xmax><ymax>185</ymax></bndbox></object><object><name>disease</name><bndbox><xmin>124</xmin><ymin>184</ymin><xmax>159</xmax><ymax>218</ymax></bndbox></object><object><name>disease</name><bndbox><xmin>100</xmin><ymin>102</ymin><xmax>164</xmax><ymax>220</ymax></bndbox></object><object><name>disease</name><bndbox><xmin>8</xmin><ymin>77</ymin><xmax>145</xmax><ymax>198</ymax></bndbox></object><object><name>disease</name><bndbox><xmin>105</xmin><ymin>51</ymin><xmax>127</xmax><ymax>76</ymax></bndbox></object></annotation>