<annotation><filename>Bacterial_leaf.jpg</filename><size><width>224</width><height>224</height><depth>3</depth></size><object><name>disease</name><bndbox><xmin>19</xmin><ymin>127</ymin><xmax>50</xmax><ymax>169</ymax></bndbox></object><object><name>disease</name><bndbox><xmin>79</xmin><ymin>142</ymin><xmax>94</xmax><ymax>165</ymax></bndbox></object><object><name>disease</name><bndbox><xmin>140</xmin><ymin>28</ymin><xmax>159</xmax><ymax>62</ymax></bndbox></object><object><name>disease</name><bndbox><xmin>47</xmin><ymin>103</ymin><xmax>73</xmax><ymax>143</ymax></bndbox></object><object><name>disease</name><bndbox><xmin>47</xmin><ymin>66</ymin><xmax>86</xmax><ymax>109</ymax></bndbox></object><object><name>disease</name><bndbox><xmin>94</xmin><ymin>84</ymin><xmax>108</xmax><ymax>144</ymax></bndbox></object><object><name>disease</name><bndbox><xmin>26</xmin><ymin>8</ymin><xmax>38</xmax><ymax>30</ymax></bndbox></object></annotation>