<annotation><filename>bacterial-leaf-spot-300-1_1.jpg</filename><size><width>224</width><height>224</height><depth>3</depth></size><object><name>disease</name><bndbox><xmin>22</xmin><ymin>159</ymin><xmax>40</xmax><ymax>180</ymax></bndbox></object><object><name>disease</name><bndbox><xmin>135</xmin><ymin>78</ymin><xmax>150</xmax><ymax>97</ymax></bndbox></object><object><name>disease</name><bndbox><xmin>121</xmin><ymin>44</ymin><xmax>153</xmax><ymax>65</ymax></bndbox></object><object><name>disease</name><bndbox><xmin>166</xmin><ymin>93</ymin><xmax>186</xmax><ymax>116</ymax></bndbox></object><object><name>disease</name><bndbox><xmin>94</xmin><ymin>11</ymin><xmax>117</xmax><ymax>60</ymax></bndbox></object><object><name>disease</name><bndbox><xmin>81</xmin><ymin>143</ymin><xmax>94</xmax><ymax>160</ymax></bndbox></object><object><name>disease</name><bndbox><xmin>119</xmin><ymin>172</ymin><xmax>133</xmax><ymax>189</ymax></bndbox></object><object><name>disease</name><bndbox><xmin>157</xmin><ymin>118</ymin><xmax>182</xmax><ymax>136</ymax></bndbox></object><object><name>disease</name><bndbox><xmin>65</xmin><ymin>47</ymin><xmax>76</xmax><ymax>63</ymax></bndbox></object><object><name>disease</name><bndbox><xmin>76</xmin><ymin>31</ymin><xmax>90</xmax><ymax>52</ymax></bndbox></object><object><name>disease</name><bndbox><xmin>80</xmin><ymin>11</ymin><xmax>135</xmax><ymax>60</ymax></bndbox></object><object><name>disease</name><bndbox><xmin>183</xmin><ymin>63</ymin><xmax>201</xmax><ymax>92</ymax></bndbox></object><object><name>disease</name><bndbox><xmin>13</xmin><ymin>111</ymin><xmax>38</xmax><ymax>158</ymax></bndbox></object><object><name>disease</name><bndbox><xmin>124</xmin><ymin>46</ymin><xmax>137</xmax><ymax>64</ymax></bndbox></object><object><name>disease</name><bndbox><xmin>128</xmin><ymin>7</ymin><xmax>144</xmax><ymax>43</ymax></bndbox></object><object><name>disease</name><bndbox><xmin>159</xmin><ymin>144</ymin><xmax>173</xmax><ymax>160</ymax></bndbox></object><object><name>disease</name><bndbox><xmin>12</xmin><ymin>125</ymin><xmax>32</xmax><ymax>156</ymax></bndbox></object></annotation>