<annotation><filename>Bacterial-Brown-Spot (1).jpg</filename><size><width>224</width><height>224</height><depth>3</depth></size><object><name>disease</name><bndbox><xmin>204</xmin><ymin>29</ymin><xmax>221</xmax><ymax>51</ymax></bndbox></object><object><name>disease</name><bndbox><xmin>23</xmin><ymin>139</ymin><xmax>39</xmax><ymax>166</ymax></bndbox></object><object><name>disease</name><bndbox><xmin>106</xmin><ymin>67</ymin><xmax>119</xmax><ymax>82</ymax></bndbox></object><object><name>disease</name><bndbox><xmin>66</xmin><ymin>11</ymin><xmax>93</xmax><ymax>54</ymax></bndbox></object><object><name>disease</name><bndbox><xmin>33</xmin><ymin>106</ymin><xmax>60</xmax><ymax>127</ymax></bndbox></object><object><name>disease</name><bndbox><xmin>97</xmin><ymin>131</ymin><xmax>117</xmax><ymax>156</ymax></bndbox></object><object><name>disease</name><bndbox><xmin>95</xmin><ymin>21</ymin><xmax>131</xmax><ymax>54</ymax></bndbox></object><object><name>disease</name><bndbox><xmin>78</xmin><ymin>141</ymin><xmax>122</xmax><ymax>174</ymax></bndbox></object><object><name>disease</name><bndbox><xmin>26</xmin><ymin>78</ymin><xmax>48</xmax><ymax>102</ymax></bndbox></object><object><name>disease</name><bndbox><xmin>187</xmin><ymin>143</ymin><xmax>201</xmax><ymax>160</ymax></bndbox></object><object><name>disease</name><bndbox><xmin>169</xmin><ymin>187</ymin><xmax>183</xmax><ymax>212</ymax></bndbox></object><object><name>disease</name><bndbox><xmin>58</xmin><ymin>85</ymin><xmax>79</xmax><ymax>114</ymax></bndbox></object><object><name>disease</name><bndbox><xmin>29</xmin><ymin>95</ymin><xmax>64</xmax><ymax>128</ymax></bndbox></object><object><name>disease</name><bndbox><xmin>184</xmin><ymin>110</ymin><xmax>197</xmax><ymax>126</ymax></bndbox></object><object><name>disease</name><bndbox><xmin>55</xmin><ymin>144</ymin><xmax>68</xmax><ymax>158</ymax></bndbox></object><object><name>disease</name><bndbox><xmin>114</xmin><ymin>33</ymin><xmax>123</xmax><ymax>50</ymax></bndbox></object><object><name>disease</name><bndbox><xmin>211</xmin><ymin>111</ymin><xmax>224</xmax><ymax>130</ymax></bndbox></object></annotation>