<annotation><filename>black-rot-of-grape_figure-1.jpg</filename><size><width>224</width><height>224</height><depth>3</depth></size><object><name>disease</name><bndbox><xmin>99</xmin><ymin>35</ymin><xmax>130</xmax><ymax>69</ymax></bndbox></object><object><name>disease</name><bndbox><xmin>69</xmin><ymin>85</ymin><xmax>101</xmax><ymax>122</ymax></bndbox></object><object><name>disease</name><bndbox><xmin>75</xmin><ymin>90</ymin><xmax>97</xmax><ymax>115</ymax></bndbox></object><object><name>disease</name><bndbox><xmin>120</xmin><ymin>114</ymin><xmax>139</xmax><ymax>139</ymax></bndbox></object><object><name>disease</name><bndbox><xmin>137</xmin><ymin>149</ymin><xmax>155</xmax><ymax>177</ymax></bndbox></object><object><name>disease</name><bndbox><xmin>116</xmin><ymin>112</ymin><xmax>145</xmax><ymax>152</ymax></bndbox></object><object><name>disease</name><bndbox><xmin>109</xmin><ymin>53</ymin><xmax>128</xmax><ymax>66</ymax></bndbox></object><object><name>disease</name><bndbox><xmin>101</xmin><ymin>36</ymin><xmax>123</xmax><ymax>61</ymax></bndbox></object></annotation>