<annotation><filename>bls_image.jpg</filename><size><width>224</width><height>224</height><depth>3</depth></size><object><name>disease</name><bndbox><xmin>34</xmin><ymin>166</ymin><xmax>57</xmax><ymax>192</ymax></bndbox></object><object><name>disease</name><bndbox><xmin>105</xmin><ymin>59</ymin><xmax>119</xmax><ymax>84</ymax></bndbox></object><object><name>disease</name><bndbox><xmin>176</xmin><ymin>138</ymin><xmax>197</xmax><ymax>163</ymax></bndbox></object><object><name>disease</name><bndbox><xmin>161</xmin><ymin>126</ymin><xmax>177</xmax><ymax>141</ymax></bndbox></object><object><name>disease</name><bndbox><xmin>144</xmin><ymin>71</ymin><xmax>158</xmax><ymax>82</ymax></bndbox></object><object><name>disease</name><bndbox><xmin>72</xmin><ymin>18</ymin><xmax>88</xmax><ymax>34</ymax></bndbox></object><object><name>disease</name><bndbox><xmin>185</xmin><ymin>202</ymin><xmax>208</xmax><ymax>224</ymax></bndbox></object><object><name>disease</name><bndbox><xmin>115</xmin><ymin>24</ymin><xmax>147</xmax><ymax>65</ymax></bndbox></object></annotation>