<annotation><filename>BLSFigure1.jpg</filename><size><width>224</width><height>224</height><depth>3</depth></size><object><name>disease</name><bndbox><xmin>122</xmin><ymin>177</ymin><xmax>141</xmax><ymax>199</ymax></bndbox></object><object><name>disease</name><bndbox><xmin>26</xmin><ymin>138</ymin><xmax>51</xmax><ymax>181</ymax></bndbox></object><object><name>disease</name><bndbox><xmin>79</xmin><ymin>193</ymin><xmax>100</xmax><ymax>221</ymax></bndbox></object><object><name>disease</name><bndbox><xmin>137</xmin><ymin>127</ymin><xmax>147</xmax><ymax>139</ymax></bndbox></object></annotation>