<annotation><filename>c0171fe57139a92b.jpg</filename><size><width>224</width><height>224</height><depth>3</depth></size><object><name>disease</name><bndbox><xmin>93</xmin><ymin>93</ymin><xmax>128</xmax><ymax>140</ymax></bndbox></object><object><name>disease</name><bndbox><xmin>47</xmin><ymin>46</ymin><xmax>179</xmax><ymax>167</ymax></bndbox></object><object><name>disease</name><bndbox><xmin>88</xmin><ymin>77</ymin><xmax>147</xmax><ymax>142</ymax></bndbox></object><object><name>disease</name><bndbox><xmin>64</xmin><ymin>61</ymin><xmax>103</xmax><ymax>85</ymax></bndbox></object></annotation>