<annotation><filename>c0630f69dcd1789d.jpg</filename><size><width>224</width><height>224</height><depth>3</depth></size><object><name>disease</name><bndbox><xmin>99</xmin><ymin>117</ymin><xmax>138</xmax><ymax>155</ymax></bndbox></object><object><name>disease</name><bndbox><xmin>24</xmin><ymin>65</ymin><xmax>63</xmax><ymax>102</ymax></bndbox></object><object><name>disease</name><bndbox><xmin>7</xmin><ymin>95</ymin><xmax>47</xmax><ymax>125</ymax></bndbox></object><object><name>disease</name><bndbox><xmin>13</xmin><ymin>62</ymin><xmax>118</xmax><ymax>208</ymax></bndbox></object><object><name>disease</name><bndbox><xmin>20</xmin><ymin>97</ymin><xmax>41</xmax><ymax>124</ymax></bndbox></object><object><name>disease</name><bndbox><xmin>5</xmin><ymin>100</ymin><xmax>27</xmax><ymax>124</ymax></bndbox></object><object><name>disease</name><bndbox><xmin>95</xmin><ymin>113</ymin><xmax>117</xmax><ymax>136</ymax></bndbox></object></annotation>