<annotation><filename>c0702f17c4f8fb45.jpg</filename><size><width>224</width><height>224</height><depth>3</depth></size><object><name>disease</name><bndbox><xmin>17</xmin><ymin>60</ymin><xmax>94</xmax><ymax>147</ymax></bndbox></object><object><name>disease</name><bndbox><xmin>88</xmin><ymin>60</ymin><xmax>207</xmax><ymax>198</ymax></bndbox></object><object><name>disease</name><bndbox><xmin>13</xmin><ymin>56</ymin><xmax>133</xmax><ymax>172</ymax></bndbox></object><object><name>disease</name><bndbox><xmin>104</xmin><ymin>58</ymin><xmax>151</xmax><ymax>91</ymax></bndbox></object></annotation>