<annotation><filename>c1901e75640ebbe7.jpg</filename><size><width>224</width><height>224</height><depth>3</depth></size><object><name>disease</name><bndbox><xmin>61</xmin><ymin>116</ymin><xmax>95</xmax><ymax>164</ymax></bndbox></object><object><name>disease</name><bndbox><xmin>19</xmin><ymin>67</ymin><xmax>195</xmax><ymax>172</ymax></bndbox></object><object><name>disease</name><bndbox><xmin>46</xmin><ymin>84</ymin><xmax>109</xmax><ymax>166</ymax></bndbox></object><object><name>disease</name><bndbox><xmin>85</xmin><ymin>37</ymin><xmax>184</xmax><ymax>194</ymax></bndbox></object><object><name>disease</name><bndbox><xmin>98</xmin><ymin>68</ymin><xmax>165</xmax><ymax>156</ymax></bndbox></object></annotation>