<annotation><filename>c4126f9b187c5e8b.jpg</filename><size><width>224</width><height>224</height><depth>3</depth></size><object><name>disease</name><bndbox><xmin>23</xmin><ymin>75</ymin><xmax>95</xmax><ymax>148</ymax></bndbox></object><object><name>disease</name><bndbox><xmin>208</xmin><ymin>58</ymin><xmax>224</xmax><ymax>79</ymax></bndbox></object><object><name>disease</name><bndbox><xmin>22</xmin><ymin>67</ymin><xmax>135</xmax><ymax>180</ymax></bndbox></object><object><name>disease</name><bndbox><xmin>13</xmin><ymin>74</ymin><xmax>78</xmax><ymax>126</ymax></bndbox></object></annotation>