<annotation><filename>c96f37f88c4c26c1.jpg</filename><size><width>224</width><height>224</height><depth>3</depth></size><object><name>disease</name><bndbox><xmin>73</xmin><ymin>78</ymin><xmax>143</xmax><ymax>148</ymax></bndbox></object><object><name>disease</name><bndbox><xmin>48</xmin><ymin>44</ymin><xmax>165</xmax><ymax>170</ymax></bndbox></object><object><name>disease</name><bndbox><xmin>31</xmin><ymin>90</ymin><xmax>55</xmax><ymax>154</ymax></bndbox></object><object><name>disease</name><bndbox><xmin>83</xmin><ymin>93</ymin><xmax>125</xmax><ymax>138</ymax></bndbox></object></annotation>