<annotation><filename>cf853579724b4a4c.jpg</filename><size><width>224</width><height>224</height><depth>3</depth></size><object><name>disease</name><bndbox><xmin>85</xmin><ymin>11</ymin><xmax>105</xmax><ymax>36</ymax></bndbox></object><object><name>disease</name><bndbox><xmin>53</xmin><ymin>35</ymin><xmax>130</xmax><ymax>118</ymax></bndbox></object><object><name>disease</name><bndbox><xmin>71</xmin><ymin>44</ymin><xmax>119</xmax><ymax>85</ymax></bndbox></object><object><name>disease</name><bndbox><xmin>53</xmin><ymin>17</ymin><xmax>140</xmax><ymax>174</ymax></bndbox></object><object><name>disease</name><bndbox><xmin>165</xmin><ymin>176</ymin><xmax>187</xmax><ymax>199</ymax></bndbox></object></annotation>