<annotation><filename>cfac66c5346638d1.jpg</filename><size><width>224</width><height>224</height><depth>3</depth></size><object><name>disease</name><bndbox><xmin>138</xmin><ymin>107</ymin><xmax>160</xmax><ymax>132</ymax></bndbox></object><object><name>disease</name><bndbox><xmin>122</xmin><ymin>111</ymin><xmax>137</xmax><ymax>135</ymax></bndbox></object><object><name>disease</name><bndbox><xmin>121</xmin><ymin>107</ymin><xmax>167</xmax><ymax>132</ymax></bndbox></object><object><name>disease</name><bndbox><xmin>70</xmin><ymin>153</ymin><xmax>97</xmax><ymax>190</ymax></bndbox></object><object><name>disease</name><bndbox><xmin>80</xmin><ymin>88</ymin><xmax>92</xmax><ymax>99</ymax></bndbox></object><object><name>disease</name><bndbox><xmin>154</xmin><ymin>136</ymin><xmax>179</xmax><ymax>160</ymax></bndbox></object><object><name>disease</name><bndbox><xmin>69</xmin><ymin>123</ymin><xmax>102</xmax><ymax>196</ymax></bndbox></object><object><name>disease</name><bndbox><xmin>21</xmin><ymin>130</ymin><xmax>33</xmax><ymax>150</ymax></bndbox></object></annotation>