<annotation><filename>chilli-disease-bact.jpg</filename><size><width>224</width><height>224</height><depth>3</depth></size><object><name>disease</name><bndbox><xmin>58</xmin><ymin>43</ymin><xmax>114</xmax><ymax>97</ymax></bndbox></object><object><name>disease</name><bndbox><xmin>60</xmin><ymin>122</ymin><xmax>78</xmax><ymax>139</ymax></bndbox></object><object><name>disease</name><bndbox><xmin>124</xmin><ymin>53</ymin><xmax>136</xmax><ymax>63</ymax></bndbox></object><object><name>disease</name><bndbox><xmin>127</xmin><ymin>104</ymin><xmax>158</xmax><ymax>150</ymax></bndbox></object><object><name>disease</name><bndbox><xmin>173</xmin><ymin>18</ymin><xmax>190</xmax><ymax>51</ymax></bndbox></object><object><name>disease</name><bndbox><xmin>126</xmin><ymin>126</ymin><xmax>159</xmax><ymax>148</ymax></bndbox></object><object><name>disease</name><bndbox><xmin>169</xmin><ymin>86</ymin><xmax>188</xmax><ymax>107</ymax></bndbox></object><object><name>disease</name><bndbox><xmin>53</xmin><ymin>71</ymin><xmax>75</xmax><ymax>95</ymax></bndbox></object><object><name>disease</name><bndbox><xmin>33</xmin><ymin>109</ymin><xmax>55</xmax><ymax>129</ymax></bndbox></object><object><name>disease</name><bndbox><xmin>67</xmin><ymin>43</ymin><xmax>96</xmax><ymax>85</ymax></bndbox></object><object><name>disease</name><bndbox><xmin>133</xmin><ymin>105</ymin><xmax>147</xmax><ymax>123</ymax></bndbox></object><object><name>disease</name><bndbox><xmin>63</xmin><ymin>82</ymin><xmax>73</xmax><ymax>94</ymax></bndbox></object><object><name>disease</name><bndbox><xmin>82</xmin><ymin>64</ymin><xmax>103</xmax><ymax>92</ymax></bndbox></object><object><name>disease</name><bndbox><xmin>182</xmin><ymin>156</ymin><xmax>197</xmax><ymax>181</ymax></bndbox></object><object><name>disease</name><bndbox><xmin>131</xmin><ymin>103</ymin><xmax>152</xmax><ymax>134</ymax></bndbox></object></annotation>