<annotation><filename>chilli-cercospora-leaf-spot-pepper-1560239911.jpg</filename><size><width>224</width><height>224</height><depth>3</depth></size><object><name>disease</name><bndbox><xmin>62</xmin><ymin>119</ymin><xmax>81</xmax><ymax>148</ymax></bndbox></object><object><name>disease</name><bndbox><xmin>62</xmin><ymin>41</ymin><xmax>79</xmax><ymax>63</ymax></bndbox></object><object><name>disease</name><bndbox><xmin>56</xmin><ymin>158</ymin><xmax>80</xmax><ymax>172</ymax></bndbox></object><object><name>disease</name><bndbox><xmin>79</xmin><ymin>54</ymin><xmax>95</xmax><ymax>78</ymax></bndbox></object><object><name>disease</name><bndbox><xmin>90</xmin><ymin>169</ymin><xmax>115</xmax><ymax>206</ymax></bndbox></object><object><name>disease</name><bndbox><xmin>25</xmin><ymin>178</ymin><xmax>55</xmax><ymax>208</ymax></bndbox></object><object><name>disease</name><bndbox><xmin>134</xmin><ymin>34</ymin><xmax>148</xmax><ymax>51</ymax></bndbox></object><object><name>disease</name><bndbox><xmin>192</xmin><ymin>47</ymin><xmax>203</xmax><ymax>59</ymax></bndbox></object><object><name>disease</name><bndbox><xmin>2</xmin><ymin>125</ymin><xmax>23</xmax><ymax>151</ymax></bndbox></object><object><name>disease</name><bndbox><xmin>11</xmin><ymin>74</ymin><xmax>37</xmax><ymax>93</ymax></bndbox></object><object><name>disease</name><bndbox><xmin>63</xmin><ymin>81</ymin><xmax>83</xmax><ymax>104</ymax></bndbox></object><object><name>disease</name><bndbox><xmin>15</xmin><ymin>115</ymin><xmax>36</xmax><ymax>130</ymax></bndbox></object><object><name>disease</name><bndbox><xmin>12</xmin><ymin>60</ymin><xmax>35</xmax><ymax>96</ymax></bndbox></object><object><name>disease</name><bndbox><xmin>34</xmin><ymin>21</ymin><xmax>48</xmax><ymax>36</ymax></bndbox></object></annotation>