<annotation><filename>citrus-canker-citrus-6.jpg</filename><size><width>224</width><height>224</height><depth>3</depth></size><object><name>disease</name><bndbox><xmin>89</xmin><ymin>90</ymin><xmax>127</xmax><ymax>112</ymax></bndbox></object><object><name>disease</name><bndbox><xmin>121</xmin><ymin>50</ymin><xmax>163</xmax><ymax>79</ymax></bndbox></object><object><name>disease</name><bndbox><xmin>91</xmin><ymin>173</ymin><xmax>104</xmax><ymax>184</ymax></bndbox></object><object><name>disease</name><bndbox><xmin>136</xmin><ymin>85</ymin><xmax>152</xmax><ymax>95</ymax></bndbox></object><object><name>disease</name><bndbox><xmin>78</xmin><ymin>78</ymin><xmax>89</xmax><ymax>87</ymax></bndbox></object><object><name>disease</name><bndbox><xmin>119</xmin><ymin>123</ymin><xmax>140</xmax><ymax>131</ymax></bndbox></object></annotation>