<annotation><filename>Cucumber_Alternaria_Leaf_Spot_3.jpg</filename><size><width>224</width><height>224</height><depth>3</depth></size><object><name>disease</name><bndbox><xmin>155</xmin><ymin>160</ymin><xmax>177</xmax><ymax>198</ymax></bndbox></object><object><name>disease</name><bndbox><xmin>56</xmin><ymin>176</ymin><xmax>83</xmax><ymax>208</ymax></bndbox></object><object><name>disease</name><bndbox><xmin>163</xmin><ymin>5</ymin><xmax>185</xmax><ymax>30</ymax></bndbox></object><object><name>disease</name><bndbox><xmin>133</xmin><ymin>143</ymin><xmax>153</xmax><ymax>174</ymax></bndbox></object><object><name>disease</name><bndbox><xmin>51</xmin><ymin>6</ymin><xmax>74</xmax><ymax>30</ymax></bndbox></object><object><name>disease</name><bndbox><xmin>81</xmin><ymin>37</ymin><xmax>113</xmax><ymax>95</ymax></bndbox></object><object><name>disease</name><bndbox><xmin>181</xmin><ymin>200</ymin><xmax>204</xmax><ymax>221</ymax></bndbox></object><object><name>disease</name><bndbox><xmin>123</xmin><ymin>40</ymin><xmax>144</xmax><ymax>70</ymax></bndbox></object><object><name>disease</name><bndbox><xmin>1</xmin><ymin>50</ymin><xmax>14</xmax><ymax>80</ymax></bndbox></object><object><name>disease</name><bndbox><xmin>165</xmin><ymin>49</ymin><xmax>181</xmax><ymax>83</ymax></bndbox></object><object><name>disease</name><bndbox><xmin>143</xmin><ymin>81</ymin><xmax>158</xmax><ymax>110</ymax></bndbox></object><object><name>disease</name><bndbox><xmin>103</xmin><ymin>204</ymin><xmax>128</xmax><ymax>219</ymax></bndbox></object><object><name>disease</name><bndbox><xmin>14</xmin><ymin>67</ymin><xmax>70</xmax><ymax>196</ymax></bndbox></object><object><name>disease</name><bndbox><xmin>24</xmin><ymin>89</ymin><xmax>44</xmax><ymax>135</ymax></bndbox></object></annotation>