<annotation><filename>d0c800df85297f7d.jpg</filename><size><width>224</width><height>224</height><depth>3</depth></size><object><name>disease</name><bndbox><xmin>101</xmin><ymin>78</ymin><xmax>132</xmax><ymax>120</ymax></bndbox></object><object><name>disease</name><bndbox><xmin>140</xmin><ymin>83</ymin><xmax>185</xmax><ymax>135</ymax></bndbox></object><object><name>disease</name><bndbox><xmin>11</xmin><ymin>15</ymin><xmax>40</xmax><ymax>63</ymax></bndbox></object><object><name>disease</name><bndbox><xmin>58</xmin><ymin>61</ymin><xmax>202</xmax><ymax>194</ymax></bndbox></object><object><name>disease</name><bndbox><xmin>135</xmin><ymin>84</ymin><xmax>193</xmax><ymax>178</ymax></bndbox></object></annotation>