<annotation><filename>d1b99c346134bccd.jpg</filename><size><width>224</width><height>224</height><depth>3</depth></size><object><name>disease</name><bndbox><xmin>101</xmin><ymin>111</ymin><xmax>122</xmax><ymax>153</ymax></bndbox></object><object><name>disease</name><bndbox><xmin>138</xmin><ymin>96</ymin><xmax>168</xmax><ymax>148</ymax></bndbox></object><object><name>disease</name><bndbox><xmin>129</xmin><ymin>143</ymin><xmax>146</xmax><ymax>162</ymax></bndbox></object><object><name>disease</name><bndbox><xmin>116</xmin><ymin>112</ymin><xmax>145</xmax><ymax>165</ymax></bndbox></object><object><name>disease</name><bndbox><xmin>122</xmin><ymin>157</ymin><xmax>157</xmax><ymax>196</ymax></bndbox></object><object><name>disease</name><bndbox><xmin>78</xmin><ymin>59</ymin><xmax>186</xmax><ymax>195</ymax></bndbox></object></annotation>