<annotation><filename>d3c66ac935d183a6.jpg</filename><size><width>224</width><height>224</height><depth>3</depth></size><object><name>disease</name><bndbox><xmin>166</xmin><ymin>63</ymin><xmax>185</xmax><ymax>84</ymax></bndbox></object><object><name>disease</name><bndbox><xmin>111</xmin><ymin>134</ymin><xmax>130</xmax><ymax>163</ymax></bndbox></object><object><name>disease</name><bndbox><xmin>109</xmin><ymin>136</ymin><xmax>139</xmax><ymax>171</ymax></bndbox></object><object><name>disease</name><bndbox><xmin>23</xmin><ymin>121</ymin><xmax>45</xmax><ymax>152</ymax></bndbox></object><object><name>disease</name><bndbox><xmin>141</xmin><ymin>89</ymin><xmax>156</xmax><ymax>108</ymax></bndbox></object></annotation>