<annotation><filename>d3ed4bac0c211bd3.jpg</filename><size><width>224</width><height>224</height><depth>3</depth></size><object><name>disease</name><bndbox><xmin>134</xmin><ymin>47</ymin><xmax>158</xmax><ymax>82</ymax></bndbox></object><object><name>disease</name><bndbox><xmin>174</xmin><ymin>74</ymin><xmax>202</xmax><ymax>93</ymax></bndbox></object><object><name>disease</name><bndbox><xmin>83</xmin><ymin>61</ymin><xmax>100</xmax><ymax>93</ymax></bndbox></object><object><name>disease</name><bndbox><xmin>206</xmin><ymin>86</ymin><xmax>224</xmax><ymax>109</ymax></bndbox></object><object><name>disease</name><bndbox><xmin>22</xmin><ymin>188</ymin><xmax>34</xmax><ymax>205</ymax></bndbox></object><object><name>disease</name><bndbox><xmin>47</xmin><ymin>7</ymin><xmax>86</xmax><ymax>54</ymax></bndbox></object><object><name>disease</name><bndbox><xmin>96</xmin><ymin>162</ymin><xmax>130</xmax><ymax>217</ymax></bndbox></object><object><name>disease</name><bndbox><xmin>97</xmin><ymin>11</ymin><xmax>124</xmax><ymax>57</ymax></bndbox></object><object><name>disease</name><bndbox><xmin>192</xmin><ymin>3</ymin><xmax>208</xmax><ymax>33</ymax></bndbox></object><object><name>disease</name><bndbox><xmin>122</xmin><ymin>45</ymin><xmax>141</xmax><ymax>61</ymax></bndbox></object><object><name>disease</name><bndbox><xmin>82</xmin><ymin>125</ymin><xmax>119</xmax><ymax>168</ymax></bndbox></object><object><name>disease</name><bndbox><xmin>154</xmin><ymin>40</ymin><xmax>178</xmax><ymax>63</ymax></bndbox></object><object><name>disease</name><bndbox><xmin>152</xmin><ymin>114</ymin><xmax>165</xmax><ymax>138</ymax></bndbox></object><object><name>disease</name><bndbox><xmin>34</xmin><ymin>139</ymin><xmax>85</xmax><ymax>208</ymax></bndbox></object><object><name>disease</name><bndbox><xmin>129</xmin><ymin>173</ymin><xmax>146</xmax><ymax>188</ymax></bndbox></object></annotation>