<annotation><filename>d4e5b2e814857f86.jpg</filename><size><width>224</width><height>224</height><depth>3</depth></size><object><name>disease</name><bndbox><xmin>41</xmin><ymin>153</ymin><xmax>71</xmax><ymax>186</ymax></bndbox></object><object><name>disease</name><bndbox><xmin>84</xmin><ymin>140</ymin><xmax>103</xmax><ymax>156</ymax></bndbox></object><object><name>disease</name><bndbox><xmin>66</xmin><ymin>9</ymin><xmax>88</xmax><ymax>30</ymax></bndbox></object><object><name>disease</name><bndbox><xmin>117</xmin><ymin>84</ymin><xmax>136</xmax><ymax>127</ymax></bndbox></object><object><name>disease</name><bndbox><xmin>40</xmin><ymin>186</ymin><xmax>57</xmax><ymax>219</ymax></bndbox></object><object><name>disease</name><bndbox><xmin>85</xmin><ymin>115</ymin><xmax>101</xmax><ymax>134</ymax></bndbox></object><object><name>disease</name><bndbox><xmin>93</xmin><ymin>79</ymin><xmax>112</xmax><ymax>101</ymax></bndbox></object><object><name>disease</name><bndbox><xmin>99</xmin><ymin>25</ymin><xmax>112</xmax><ymax>44</ymax></bndbox></object></annotation>