<annotation><filename>d58dd660231f545b.jpg</filename><size><width>224</width><height>224</height><depth>3</depth></size><object><name>disease</name><bndbox><xmin>96</xmin><ymin>74</ymin><xmax>130</xmax><ymax>113</ymax></bndbox></object><object><name>disease</name><bndbox><xmin>99</xmin><ymin>111</ymin><xmax>114</xmax><ymax>139</ymax></bndbox></object><object><name>disease</name><bndbox><xmin>193</xmin><ymin>87</ymin><xmax>209</xmax><ymax>125</ymax></bndbox></object><object><name>disease</name><bndbox><xmin>32</xmin><ymin>28</ymin><xmax>57</xmax><ymax>81</ymax></bndbox></object><object><name>disease</name><bndbox><xmin>28</xmin><ymin>7</ymin><xmax>64</xmax><ymax>88</ymax></bndbox></object></annotation>