<annotation><filename>d59f72426e2613c3.jpg</filename><size><width>224</width><height>224</height><depth>3</depth></size><object><name>disease</name><bndbox><xmin>91</xmin><ymin>123</ymin><xmax>110</xmax><ymax>146</ymax></bndbox></object><object><name>disease</name><bndbox><xmin>69</xmin><ymin>96</ymin><xmax>88</xmax><ymax>122</ymax></bndbox></object><object><name>disease</name><bndbox><xmin>54</xmin><ymin>130</ymin><xmax>70</xmax><ymax>154</ymax></bndbox></object><object><name>disease</name><bndbox><xmin>158</xmin><ymin>176</ymin><xmax>178</xmax><ymax>196</ymax></bndbox></object><object><name>disease</name><bndbox><xmin>98</xmin><ymin>65</ymin><xmax>121</xmax><ymax>121</ymax></bndbox></object><object><name>disease</name><bndbox><xmin>56</xmin><ymin>49</ymin><xmax>81</xmax><ymax>77</ymax></bndbox></object><object><name>disease</name><bndbox><xmin>163</xmin><ymin>139</ymin><xmax>196</xmax><ymax>171</ymax></bndbox></object><object><name>disease</name><bndbox><xmin>113</xmin><ymin>176</ymin><xmax>127</xmax><ymax>196</ymax></bndbox></object><object><name>disease</name><bndbox><xmin>28</xmin><ymin>8</ymin><xmax>40</xmax><ymax>26</ymax></bndbox></object><object><name>disease</name><bndbox><xmin>117</xmin><ymin>145</ymin><xmax>129</xmax><ymax>164</ymax></bndbox></object><object><name>disease</name><bndbox><xmin>136</xmin><ymin>190</ymin><xmax>146</xmax><ymax>209</ymax></bndbox></object><object><name>disease</name><bndbox><xmin>123</xmin><ymin>32</ymin><xmax>138</xmax><ymax>46</ymax></bndbox></object></annotation>