<annotation><filename>d89062fbf4452a9e.jpg</filename><size><width>224</width><height>224</height><depth>3</depth></size><object><name>disease</name><bndbox><xmin>111</xmin><ymin>46</ymin><xmax>128</xmax><ymax>66</ymax></bndbox></object><object><name>disease</name><bndbox><xmin>95</xmin><ymin>88</ymin><xmax>114</xmax><ymax>119</ymax></bndbox></object><object><name>disease</name><bndbox><xmin>147</xmin><ymin>161</ymin><xmax>179</xmax><ymax>194</ymax></bndbox></object><object><name>disease</name><bndbox><xmin>66</xmin><ymin>122</ymin><xmax>84</xmax><ymax>161</ymax></bndbox></object><object><name>disease</name><bndbox><xmin>114</xmin><ymin>75</ymin><xmax>130</xmax><ymax>105</ymax></bndbox></object><object><name>disease</name><bndbox><xmin>127</xmin><ymin>97</ymin><xmax>141</xmax><ymax>125</ymax></bndbox></object><object><name>disease</name><bndbox><xmin>175</xmin><ymin>160</ymin><xmax>203</xmax><ymax>183</ymax></bndbox></object><object><name>disease</name><bndbox><xmin>79</xmin><ymin>63</ymin><xmax>94</xmax><ymax>80</ymax></bndbox></object></annotation>