<annotation><filename>d94e3ad8ae3ac870.jpg</filename><size><width>224</width><height>224</height><depth>3</depth></size><object><name>disease</name><bndbox><xmin>102</xmin><ymin>159</ymin><xmax>119</xmax><ymax>186</ymax></bndbox></object><object><name>disease</name><bndbox><xmin>180</xmin><ymin>133</ymin><xmax>191</xmax><ymax>152</ymax></bndbox></object><object><name>disease</name><bndbox><xmin>70</xmin><ymin>3</ymin><xmax>90</xmax><ymax>39</ymax></bndbox></object><object><name>disease</name><bndbox><xmin>90</xmin><ymin>89</ymin><xmax>126</xmax><ymax>124</ymax></bndbox></object><object><name>disease</name><bndbox><xmin>85</xmin><ymin>48</ymin><xmax>106</xmax><ymax>81</ymax></bndbox></object><object><name>disease</name><bndbox><xmin>194</xmin><ymin>79</ymin><xmax>224</xmax><ymax>102</ymax></bndbox></object></annotation>