<annotation><filename>d99898db266ba865.jpg</filename><size><width>224</width><height>224</height><depth>3</depth></size><object><name>disease</name><bndbox><xmin>101</xmin><ymin>127</ymin><xmax>143</xmax><ymax>189</ymax></bndbox></object><object><name>disease</name><bndbox><xmin>176</xmin><ymin>77</ymin><xmax>192</xmax><ymax>99</ymax></bndbox></object><object><name>disease</name><bndbox><xmin>201</xmin><ymin>115</ymin><xmax>222</xmax><ymax>134</ymax></bndbox></object><object><name>disease</name><bndbox><xmin>20</xmin><ymin>42</ymin><xmax>124</xmax><ymax>197</ymax></bndbox></object></annotation>