<annotation><filename>d9bf40d48372b6a1.jpg</filename><size><width>224</width><height>224</height><depth>3</depth></size><object><name>disease</name><bndbox><xmin>182</xmin><ymin>44</ymin><xmax>201</xmax><ymax>72</ymax></bndbox></object><object><name>disease</name><bndbox><xmin>53</xmin><ymin>35</ymin><xmax>71</xmax><ymax>65</ymax></bndbox></object><object><name>disease</name><bndbox><xmin>101</xmin><ymin>143</ymin><xmax>113</xmax><ymax>160</ymax></bndbox></object><object><name>disease</name><bndbox><xmin>91</xmin><ymin>12</ymin><xmax>110</xmax><ymax>25</ymax></bndbox></object><object><name>disease</name><bndbox><xmin>103</xmin><ymin>155</ymin><xmax>144</xmax><ymax>215</ymax></bndbox></object><object><name>disease</name><bndbox><xmin>72</xmin><ymin>150</ymin><xmax>103</xmax><ymax>199</ymax></bndbox></object><object><name>disease</name><bndbox><xmin>100</xmin><ymin>71</ymin><xmax>111</xmax><ymax>86</ymax></bndbox></object><object><name>disease</name><bndbox><xmin>108</xmin><ymin>7</ymin><xmax>158</xmax><ymax>110</ymax></bndbox></object></annotation>