<annotation><filename>depositphotos_683257330-stock-photo-celtis-australis-fungal-disease-european.jpg</filename><size><width>224</width><height>224</height><depth>3</depth></size><object><name>disease</name><bndbox><xmin>45</xmin><ymin>140</ymin><xmax>64</xmax><ymax>180</ymax></bndbox></object><object><name>disease</name><bndbox><xmin>144</xmin><ymin>62</ymin><xmax>162</xmax><ymax>83</ymax></bndbox></object><object><name>disease</name><bndbox><xmin>98</xmin><ymin>5</ymin><xmax>137</xmax><ymax>45</ymax></bndbox></object><object><name>disease</name><bndbox><xmin>54</xmin><ymin>12</ymin><xmax>77</xmax><ymax>59</ymax></bndbox></object></annotation>