<annotation><filename>diseases-alternaria-leaf-spot.jpg</filename><size><width>224</width><height>224</height><depth>3</depth></size><object><name>disease</name><bndbox><xmin>137</xmin><ymin>86</ymin><xmax>157</xmax><ymax>111</ymax></bndbox></object><object><name>disease</name><bndbox><xmin>85</xmin><ymin>138</ymin><xmax>115</xmax><ymax>170</ymax></bndbox></object><object><name>disease</name><bndbox><xmin>158</xmin><ymin>87</ymin><xmax>174</xmax><ymax>107</ymax></bndbox></object><object><name>disease</name><bndbox><xmin>48</xmin><ymin>104</ymin><xmax>67</xmax><ymax>126</ymax></bndbox></object><object><name>disease</name><bndbox><xmin>65</xmin><ymin>75</ymin><xmax>82</xmax><ymax>90</ymax></bndbox></object><object><name>disease</name><bndbox><xmin>128</xmin><ymin>14</ymin><xmax>151</xmax><ymax>45</ymax></bndbox></object><object><name>disease</name><bndbox><xmin>19</xmin><ymin>139</ymin><xmax>38</xmax><ymax>149</ymax></bndbox></object><object><name>disease</name><bndbox><xmin>2</xmin><ymin>98</ymin><xmax>18</xmax><ymax>129</ymax></bndbox></object><object><name>disease</name><bndbox><xmin>122</xmin><ymin>117</ymin><xmax>136</xmax><ymax>131</ymax></bndbox></object><object><name>disease</name><bndbox><xmin>68</xmin><ymin>49</ymin><xmax>88</xmax><ymax>67</ymax></bndbox></object><object><name>disease</name><bndbox><xmin>164</xmin><ymin>118</ymin><xmax>181</xmax><ymax>144</ymax></bndbox></object><object><name>disease</name><bndbox><xmin>98</xmin><ymin>79</ymin><xmax>119</xmax><ymax>106</ymax></bndbox></object><object><name>disease</name><bndbox><xmin>167</xmin><ymin>160</ymin><xmax>182</xmax><ymax>176</ymax></bndbox></object><object><name>disease</name><bndbox><xmin>164</xmin><ymin>158</ymin><xmax>204</xmax><ymax>193</ymax></bndbox></object><object><name>disease</name><bndbox><xmin>194</xmin><ymin>158</ymin><xmax>209</xmax><ymax>186</ymax></bndbox></object><object><name>disease</name><bndbox><xmin>142</xmin><ymin>177</ymin><xmax>160</xmax><ymax>221</ymax></bndbox></object><object><name>disease</name><bndbox><xmin>30</xmin><ymin>39</ymin><xmax>40</xmax><ymax>52</ymax></bndbox></object><object><name>disease</name><bndbox><xmin>191</xmin><ymin>159</ymin><xmax>219</xmax><ymax>191</ymax></bndbox></object><object><name>disease</name><bndbox><xmin>122</xmin><ymin>85</ymin><xmax>135</xmax><ymax>109</ymax></bndbox></object></annotation>