<annotation><filename>fdadc5c8c80df111.jpg</filename><size><width>224</width><height>224</height><depth>3</depth></size><object><name>disease</name><bndbox><xmin>136</xmin><ymin>65</ymin><xmax>178</xmax><ymax>99</ymax></bndbox></object><object><name>disease</name><bndbox><xmin>57</xmin><ymin>43</ymin><xmax>193</xmax><ymax>168</ymax></bndbox></object><object><name>disease</name><bndbox><xmin>90</xmin><ymin>74</ymin><xmax>153</xmax><ymax>141</ymax></bndbox></object><object><name>disease</name><bndbox><xmin>111</xmin><ymin>103</ymin><xmax>124</xmax><ymax>133</ymax></bndbox></object><object><name>disease</name><bndbox><xmin>11</xmin><ymin>42</ymin><xmax>42</xmax><ymax>92</ymax></bndbox></object></annotation>