<annotation><filename>ff38378920ba812f.jpg</filename><size><width>224</width><height>224</height><depth>3</depth></size><object><name>disease</name><bndbox><xmin>34</xmin><ymin>41</ymin><xmax>174</xmax><ymax>165</ymax></bndbox></object><object><name>disease</name><bndbox><xmin>88</xmin><ymin>162</ymin><xmax>121</xmax><ymax>217</ymax></bndbox></object><object><name>disease</name><bndbox><xmin>91</xmin><ymin>73</ymin><xmax>115</xmax><ymax>114</ymax></bndbox></object><object><name>disease</name><bndbox><xmin>129</xmin><ymin>204</ymin><xmax>158</xmax><ymax>224</ymax></bndbox></object><object><name>disease</name><bndbox><xmin>66</xmin><ymin>70</ymin><xmax>130</xmax><ymax>118</ymax></bndbox></object></annotation>