<annotation><filename>fff11a16638e2514.jpg</filename><size><width>224</width><height>224</height><depth>3</depth></size><object><name>disease</name><bndbox><xmin>85</xmin><ymin>111</ymin><xmax>117</xmax><ymax>147</ymax></bndbox></object><object><name>disease</name><bndbox><xmin>42</xmin><ymin>54</ymin><xmax>181</xmax><ymax>172</ymax></bndbox></object><object><name>disease</name><bndbox><xmin>71</xmin><ymin>95</ymin><xmax>92</xmax><ymax>120</ymax></bndbox></object><object><name>disease</name><bndbox><xmin>60</xmin><ymin>56</ymin><xmax>128</xmax><ymax>157</ymax></bndbox></object></annotation>