<annotation><filename>figure-2-tattered appearance on the affected leaves-893x595.jpg</filename><size><width>224</width><height>224</height><depth>3</depth></size><object><name>disease</name><bndbox><xmin>54</xmin><ymin>23</ymin><xmax>78</xmax><ymax>54</ymax></bndbox></object><object><name>disease</name><bndbox><xmin>119</xmin><ymin>37</ymin><xmax>139</xmax><ymax>68</ymax></bndbox></object><object><name>disease</name><bndbox><xmin>122</xmin><ymin>93</ymin><xmax>153</xmax><ymax>119</ymax></bndbox></object><object><name>disease</name><bndbox><xmin>116</xmin><ymin>7</ymin><xmax>144</xmax><ymax>27</ymax></bndbox></object><object><name>disease</name><bndbox><xmin>26</xmin><ymin>149</ymin><xmax>47</xmax><ymax>167</ymax></bndbox></object><object><name>disease</name><bndbox><xmin>87</xmin><ymin>17</ymin><xmax>103</xmax><ymax>33</ymax></bndbox></object><object><name>disease</name><bndbox><xmin>93</xmin><ymin>37</ymin><xmax>105</xmax><ymax>53</ymax></bndbox></object><object><name>disease</name><bndbox><xmin>86</xmin><ymin>158</ymin><xmax>110</xmax><ymax>188</ymax></bndbox></object><object><name>disease</name><bndbox><xmin>158</xmin><ymin>19</ymin><xmax>207</xmax><ymax>47</ymax></bndbox></object><object><name>disease</name><bndbox><xmin>54</xmin><ymin>141</ymin><xmax>78</xmax><ymax>162</ymax></bndbox></object><object><name>disease</name><bndbox><xmin>19</xmin><ymin>53</ymin><xmax>43</xmax><ymax>81</ymax></bndbox></object><object><name>disease</name><bndbox><xmin>97</xmin><ymin>113</ymin><xmax>124</xmax><ymax>141</ymax></bndbox></object><object><name>disease</name><bndbox><xmin>68</xmin><ymin>155</ymin><xmax>113</xmax><ymax>190</ymax></bndbox></object><object><name>disease</name><bndbox><xmin>75</xmin><ymin>109</ymin><xmax>121</xmax><ymax>193</ymax></bndbox></object></annotation>