<annotation><filename>grapevine-leaf-rust.jpg</filename><size><width>224</width><height>224</height><depth>3</depth></size><object><name>disease</name><bndbox><xmin>140</xmin><ymin>144</ymin><xmax>160</xmax><ymax>172</ymax></bndbox></object><object><name>disease</name><bndbox><xmin>104</xmin><ymin>106</ymin><xmax>121</xmax><ymax>122</ymax></bndbox></object><object><name>disease</name><bndbox><xmin>138</xmin><ymin>197</ymin><xmax>155</xmax><ymax>221</ymax></bndbox></object><object><name>disease</name><bndbox><xmin>89</xmin><ymin>86</ymin><xmax>100</xmax><ymax>99</ymax></bndbox></object><object><name>disease</name><bndbox><xmin>97</xmin><ymin>177</ymin><xmax>107</xmax><ymax>194</ymax></bndbox></object><object><name>disease</name><bndbox><xmin>77</xmin><ymin>155</ymin><xmax>97</xmax><ymax>178</ymax></bndbox></object></annotation>