<annotation><filename>gummystem1_600px.jpg</filename><size><width>224</width><height>224</height><depth>3</depth></size><object><name>disease</name><bndbox><xmin>67</xmin><ymin>65</ymin><xmax>100</xmax><ymax>101</ymax></bndbox></object><object><name>disease</name><bndbox><xmin>107</xmin><ymin>11</ymin><xmax>144</xmax><ymax>39</ymax></bndbox></object><object><name>disease</name><bndbox><xmin>110</xmin><ymin>110</ymin><xmax>132</xmax><ymax>130</ymax></bndbox></object><object><name>disease</name><bndbox><xmin>132</xmin><ymin>86</ymin><xmax>156</xmax><ymax>108</ymax></bndbox></object><object><name>disease</name><bndbox><xmin>20</xmin><ymin>81</ymin><xmax>148</xmax><ymax>210</ymax></bndbox></object><object><name>disease</name><bndbox><xmin>73</xmin><ymin>21</ymin><xmax>92</xmax><ymax>39</ymax></bndbox></object><object><name>disease</name><bndbox><xmin>9</xmin><ymin>15</ymin><xmax>24</xmax><ymax>41</ymax></bndbox></object><object><name>disease</name><bndbox><xmin>91</xmin><ymin>148</ymin><xmax>129</xmax><ymax>184</ymax></bndbox></object><object><name>disease</name><bndbox><xmin>32</xmin><ymin>91</ymin><xmax>97</xmax><ymax>209</ymax></bndbox></object></annotation>