<annotation><filename>Healthy070.jpg</filename><size><width>224</width><height>224</height><depth>3</depth></size><object><name>disease</name><bndbox><xmin>192</xmin><ymin>16</ymin><xmax>217</xmax><ymax>47</ymax></bndbox></object><object><name>disease</name><bndbox><xmin>46</xmin><ymin>170</ymin><xmax>76</xmax><ymax>200</ymax></bndbox></object><object><name>disease</name><bndbox><xmin>0</xmin><ymin>101</ymin><xmax>10</xmax><ymax>118</ymax></bndbox></object><object><name>disease</name><bndbox><xmin>142</xmin><ymin>9</ymin><xmax>154</xmax><ymax>27</ymax></bndbox></object><object><name>disease</name><bndbox><xmin>188</xmin><ymin>151</ymin><xmax>200</xmax><ymax>168</ymax></bndbox></object><object><name>disease</name><bndbox><xmin>148</xmin><ymin>47</ymin><xmax>187</xmax><ymax>90</ymax></bndbox></object><object><name>disease</name><bndbox><xmin>0</xmin><ymin>200</ymin><xmax>18</xmax><ymax>223</ymax></bndbox></object><object><name>disease</name><bndbox><xmin>106</xmin><ymin>5</ymin><xmax>118</xmax><ymax>24</ymax></bndbox></object><object><name>disease</name><bndbox><xmin>59</xmin><ymin>104</ymin><xmax>72</xmax><ymax>123</ymax></bndbox></object></annotation>