<annotation><filename>Healthy096.jpg</filename><size><width>224</width><height>224</height><depth>3</depth></size><object><name>disease</name><bndbox><xmin>121</xmin><ymin>77</ymin><xmax>156</xmax><ymax>104</ymax></bndbox></object><object><name>disease</name><bndbox><xmin>140</xmin><ymin>3</ymin><xmax>178</xmax><ymax>40</ymax></bndbox></object><object><name>disease</name><bndbox><xmin>156</xmin><ymin>110</ymin><xmax>183</xmax><ymax>147</ymax></bndbox></object><object><name>disease</name><bndbox><xmin>30</xmin><ymin>51</ymin><xmax>42</xmax><ymax>76</ymax></bndbox></object><object><name>disease</name><bndbox><xmin>69</xmin><ymin>2</ymin><xmax>89</xmax><ymax>35</ymax></bndbox></object><object><name>disease</name><bndbox><xmin>92</xmin><ymin>29</ymin><xmax>131</xmax><ymax>75</ymax></bndbox></object><object><name>disease</name><bndbox><xmin>73</xmin><ymin>101</ymin><xmax>87</xmax><ymax>132</ymax></bndbox></object><object><name>disease</name><bndbox><xmin>84</xmin><ymin>113</ymin><xmax>98</xmax><ymax>136</ymax></bndbox></object><object><name>disease</name><bndbox><xmin>193</xmin><ymin>169</ymin><xmax>220</xmax><ymax>217</ymax></bndbox></object><object><name>disease</name><bndbox><xmin>110</xmin><ymin>50</ymin><xmax>135</xmax><ymax>76</ymax></bndbox></object><object><name>disease</name><bndbox><xmin>173</xmin><ymin>79</ymin><xmax>191</xmax><ymax>112</ymax></bndbox></object><object><name>disease</name><bndbox><xmin>98</xmin><ymin>158</ymin><xmax>122</xmax><ymax>180</ymax></bndbox></object><object><name>disease</name><bndbox><xmin>52</xmin><ymin>69</ymin><xmax>114</xmax><ymax>141</ymax></bndbox></object></annotation>