<annotation><filename>Healthy093.jpg</filename><size><width>224</width><height>224</height><depth>3</depth></size><object><name>disease</name><bndbox><xmin>71</xmin><ymin>102</ymin><xmax>88</xmax><ymax>135</ymax></bndbox></object><object><name>disease</name><bndbox><xmin>156</xmin><ymin>42</ymin><xmax>175</xmax><ymax>89</ymax></bndbox></object><object><name>disease</name><bndbox><xmin>76</xmin><ymin>138</ymin><xmax>94</xmax><ymax>167</ymax></bndbox></object><object><name>disease</name><bndbox><xmin>181</xmin><ymin>87</ymin><xmax>201</xmax><ymax>121</ymax></bndbox></object><object><name>disease</name><bndbox><xmin>34</xmin><ymin>90</ymin><xmax>45</xmax><ymax>112</ymax></bndbox></object><object><name>disease</name><bndbox><xmin>142</xmin><ymin>152</ymin><xmax>159</xmax><ymax>193</ymax></bndbox></object><object><name>disease</name><bndbox><xmin>63</xmin><ymin>65</ymin><xmax>94</xmax><ymax>105</ymax></bndbox></object><object><name>disease</name><bndbox><xmin>169</xmin><ymin>29</ymin><xmax>196</xmax><ymax>72</ymax></bndbox></object><object><name>disease</name><bndbox><xmin>83</xmin><ymin>175</ymin><xmax>101</xmax><ymax>215</ymax></bndbox></object><object><name>disease</name><bndbox><xmin>77</xmin><ymin>71</ymin><xmax>92</xmax><ymax>102</ymax></bndbox></object><object><name>disease</name><bndbox><xmin>130</xmin><ymin>155</ymin><xmax>162</xmax><ymax>189</ymax></bndbox></object><object><name>disease</name><bndbox><xmin>190</xmin><ymin>47</ymin><xmax>201</xmax><ymax>65</ymax></bndbox></object></annotation>