<annotation><filename>Healthy112.jpg</filename><size><width>224</width><height>224</height><depth>3</depth></size><object><name>disease</name><bndbox><xmin>119</xmin><ymin>74</ymin><xmax>138</xmax><ymax>93</ymax></bndbox></object><object><name>disease</name><bndbox><xmin>90</xmin><ymin>163</ymin><xmax>141</xmax><ymax>196</ymax></bndbox></object><object><name>disease</name><bndbox><xmin>29</xmin><ymin>57</ymin><xmax>108</xmax><ymax>163</ymax></bndbox></object><object><name>disease</name><bndbox><xmin>54</xmin><ymin>55</ymin><xmax>96</xmax><ymax>81</ymax></bndbox></object><object><name>disease</name><bndbox><xmin>140</xmin><ymin>28</ymin><xmax>169</xmax><ymax>48</ymax></bndbox></object><object><name>disease</name><bndbox><xmin>5</xmin><ymin>139</ymin><xmax>64</xmax><ymax>213</ymax></bndbox></object><object><name>disease</name><bndbox><xmin>135</xmin><ymin>67</ymin><xmax>190</xmax><ymax>157</ymax></bndbox></object><object><name>disease</name><bndbox><xmin>113</xmin><ymin>32</ymin><xmax>157</xmax><ymax>62</ymax></bndbox></object><object><name>disease</name><bndbox><xmin>173</xmin><ymin>195</ymin><xmax>186</xmax><ymax>213</ymax></bndbox></object><object><name>disease</name><bndbox><xmin>113</xmin><ymin>0</ymin><xmax>165</xmax><ymax>14</ymax></bndbox></object><object><name>disease</name><bndbox><xmin>66</xmin><ymin>194</ymin><xmax>91</xmax><ymax>224</ymax></bndbox></object><object><name>disease</name><bndbox><xmin>151</xmin><ymin>124</ymin><xmax>180</xmax><ymax>146</ymax></bndbox></object><object><name>disease</name><bndbox><xmin>153</xmin><ymin>62</ymin><xmax>180</xmax><ymax>103</ymax></bndbox></object><object><name>disease</name><bndbox><xmin>143</xmin><ymin>139</ymin><xmax>159</xmax><ymax>157</ymax></bndbox></object><object><name>disease</name><bndbox><xmin>203</xmin><ymin>51</ymin><xmax>217</xmax><ymax>82</ymax></bndbox></object><object><name>disease</name><bndbox><xmin>209</xmin><ymin>112</ymin><xmax>223</xmax><ymax>143</ymax></bndbox></object><object><name>disease</name><bndbox><xmin>25</xmin><ymin>47</ymin><xmax>153</xmax><ymax>187</ymax></bndbox></object><object><name>disease</name><bndbox><xmin>115</xmin><ymin>39</ymin><xmax>148</xmax><ymax>58</ymax></bndbox></object><object><name>disease</name><bndbox><xmin>23</xmin><ymin>68</ymin><xmax>95</xmax><ymax>125</ymax></bndbox></object></annotation>