<annotation><filename>hgic_veg_septoria leaf spot_400.jpg</filename><size><width>224</width><height>224</height><depth>3</depth></size><object><name>disease</name><bndbox><xmin>44</xmin><ymin>96</ymin><xmax>113</xmax><ymax>143</ymax></bndbox></object><object><name>disease</name><bndbox><xmin>131</xmin><ymin>162</ymin><xmax>174</xmax><ymax>198</ymax></bndbox></object><object><name>disease</name><bndbox><xmin>112</xmin><ymin>163</ymin><xmax>121</xmax><ymax>177</ymax></bndbox></object><object><name>disease</name><bndbox><xmin>102</xmin><ymin>58</ymin><xmax>124</xmax><ymax>80</ymax></bndbox></object><object><name>disease</name><bndbox><xmin>128</xmin><ymin>120</ymin><xmax>150</xmax><ymax>154</ymax></bndbox></object><object><name>disease</name><bndbox><xmin>150</xmin><ymin>80</ymin><xmax>170</xmax><ymax>124</ymax></bndbox></object></annotation>