<annotation><filename>hgic_veg_bacterial leaf spot_pepper1_600.jpg</filename><size><width>224</width><height>224</height><depth>3</depth></size><object><name>disease</name><bndbox><xmin>102</xmin><ymin>57</ymin><xmax>130</xmax><ymax>89</ymax></bndbox></object><object><name>disease</name><bndbox><xmin>59</xmin><ymin>187</ymin><xmax>81</xmax><ymax>224</ymax></bndbox></object><object><name>disease</name><bndbox><xmin>75</xmin><ymin>114</ymin><xmax>109</xmax><ymax>136</ymax></bndbox></object><object><name>disease</name><bndbox><xmin>83</xmin><ymin>113</ymin><xmax>102</xmax><ymax>131</ymax></bndbox></object><object><name>disease</name><bndbox><xmin>99</xmin><ymin>108</ymin><xmax>109</xmax><ymax>119</ymax></bndbox></object></annotation>