<annotation><filename>image (46).jpg</filename><size><width>224</width><height>224</height><depth>3</depth></size><object><name>disease</name><bndbox><xmin>77</xmin><ymin>168</ymin><xmax>103</xmax><ymax>211</ymax></bndbox></object><object><name>disease</name><bndbox><xmin>119</xmin><ymin>49</ymin><xmax>204</xmax><ymax>214</ymax></bndbox></object><object><name>disease</name><bndbox><xmin>36</xmin><ymin>159</ymin><xmax>56</xmax><ymax>188</ymax></bndbox></object><object><name>disease</name><bndbox><xmin>104</xmin><ymin>164</ymin><xmax>121</xmax><ymax>190</ymax></bndbox></object><object><name>disease</name><bndbox><xmin>124</xmin><ymin>61</ymin><xmax>155</xmax><ymax>104</ymax></bndbox></object><object><name>disease</name><bndbox><xmin>87</xmin><ymin>79</ymin><xmax>108</xmax><ymax>96</ymax></bndbox></object></annotation>