<annotation><filename>images (36).jpg</filename><size><width>224</width><height>224</height><depth>3</depth></size><object><name>disease</name><bndbox><xmin>128</xmin><ymin>116</ymin><xmax>146</xmax><ymax>136</ymax></bndbox></object><object><name>disease</name><bndbox><xmin>93</xmin><ymin>94</ymin><xmax>123</xmax><ymax>121</ymax></bndbox></object><object><name>disease</name><bndbox><xmin>105</xmin><ymin>94</ymin><xmax>119</xmax><ymax>123</ymax></bndbox></object><object><name>disease</name><bndbox><xmin>94</xmin><ymin>98</ymin><xmax>112</xmax><ymax>119</ymax></bndbox></object></annotation>