<annotation><filename>images (51).jpg</filename><size><width>224</width><height>224</height><depth>3</depth></size><object><name>disease</name><bndbox><xmin>89</xmin><ymin>33</ymin><xmax>123</xmax><ymax>82</ymax></bndbox></object><object><name>disease</name><bndbox><xmin>111</xmin><ymin>175</ymin><xmax>128</xmax><ymax>192</ymax></bndbox></object><object><name>disease</name><bndbox><xmin>7</xmin><ymin>17</ymin><xmax>55</xmax><ymax>90</ymax></bndbox></object><object><name>disease</name><bndbox><xmin>119</xmin><ymin>70</ymin><xmax>150</xmax><ymax>98</ymax></bndbox></object><object><name>disease</name><bndbox><xmin>54</xmin><ymin>107</ymin><xmax>76</xmax><ymax>130</ymax></bndbox></object><object><name>disease</name><bndbox><xmin>115</xmin><ymin>109</ymin><xmax>129</xmax><ymax>135</ymax></bndbox></object><object><name>disease</name><bndbox><xmin>71</xmin><ymin>94</ymin><xmax>94</xmax><ymax>123</ymax></bndbox></object><object><name>disease</name><bndbox><xmin>121</xmin><ymin>145</ymin><xmax>152</xmax><ymax>175</ymax></bndbox></object><object><name>disease</name><bndbox><xmin>136</xmin><ymin>34</ymin><xmax>174</xmax><ymax>69</ymax></bndbox></object><object><name>disease</name><bndbox><xmin>131</xmin><ymin>147</ymin><xmax>148</xmax><ymax>167</ymax></bndbox></object><object><name>disease</name><bndbox><xmin>132</xmin><ymin>113</ymin><xmax>166</xmax><ymax>147</ymax></bndbox></object></annotation>