<annotation><filename>image (39).jpg</filename><size><width>224</width><height>224</height><depth>3</depth></size><object><name>disease</name><bndbox><xmin>130</xmin><ymin>73</ymin><xmax>149</xmax><ymax>101</ymax></bndbox></object><object><name>disease</name><bndbox><xmin>140</xmin><ymin>97</ymin><xmax>154</xmax><ymax>126</ymax></bndbox></object><object><name>disease</name><bndbox><xmin>89</xmin><ymin>34</ymin><xmax>108</xmax><ymax>69</ymax></bndbox></object><object><name>disease</name><bndbox><xmin>175</xmin><ymin>47</ymin><xmax>195</xmax><ymax>91</ymax></bndbox></object><object><name>disease</name><bndbox><xmin>165</xmin><ymin>174</ymin><xmax>193</xmax><ymax>222</ymax></bndbox></object><object><name>disease</name><bndbox><xmin>0</xmin><ymin>85</ymin><xmax>14</xmax><ymax>121</ymax></bndbox></object><object><name>disease</name><bndbox><xmin>103</xmin><ymin>118</ymin><xmax>132</xmax><ymax>181</ymax></bndbox></object><object><name>disease</name><bndbox><xmin>39</xmin><ymin>84</ymin><xmax>62</xmax><ymax>110</ymax></bndbox></object><object><name>disease</name><bndbox><xmin>24</xmin><ymin>176</ymin><xmax>38</xmax><ymax>194</ymax></bndbox></object><object><name>disease</name><bndbox><xmin>109</xmin><ymin>158</ymin><xmax>126</xmax><ymax>177</ymax></bndbox></object><object><name>disease</name><bndbox><xmin>16</xmin><ymin>159</ymin><xmax>33</xmax><ymax>182</ymax></bndbox></object><object><name>disease</name><bndbox><xmin>16</xmin><ymin>204</ymin><xmax>27</xmax><ymax>224</ymax></bndbox></object></annotation>