<annotation><filename>image (493).jpg</filename><size><width>224</width><height>224</height><depth>3</depth></size><object><name>disease</name><bndbox><xmin>152</xmin><ymin>118</ymin><xmax>171</xmax><ymax>156</ymax></bndbox></object><object><name>disease</name><bndbox><xmin>134</xmin><ymin>191</ymin><xmax>159</xmax><ymax>216</ymax></bndbox></object><object><name>disease</name><bndbox><xmin>130</xmin><ymin>13</ymin><xmax>150</xmax><ymax>48</ymax></bndbox></object><object><name>disease</name><bndbox><xmin>134</xmin><ymin>99</ymin><xmax>154</xmax><ymax>142</ymax></bndbox></object><object><name>disease</name><bndbox><xmin>128</xmin><ymin>162</ymin><xmax>145</xmax><ymax>179</ymax></bndbox></object><object><name>disease</name><bndbox><xmin>84</xmin><ymin>17</ymin><xmax>138</xmax><ymax>86</ymax></bndbox></object><object><name>disease</name><bndbox><xmin>39</xmin><ymin>79</ymin><xmax>67</xmax><ymax>146</ymax></bndbox></object><object><name>disease</name><bndbox><xmin>98</xmin><ymin>171</ymin><xmax>124</xmax><ymax>213</ymax></bndbox></object></annotation>