<annotation><filename>images (15).jpg</filename><size><width>224</width><height>224</height><depth>3</depth></size><object><name>disease</name><bndbox><xmin>92</xmin><ymin>115</ymin><xmax>115</xmax><ymax>138</ymax></bndbox></object><object><name>disease</name><bndbox><xmin>16</xmin><ymin>59</ymin><xmax>39</xmax><ymax>92</ymax></bndbox></object><object><name>disease</name><bndbox><xmin>73</xmin><ymin>33</ymin><xmax>139</xmax><ymax>101</ymax></bndbox></object><object><name>disease</name><bndbox><xmin>100</xmin><ymin>62</ymin><xmax>134</xmax><ymax>94</ymax></bndbox></object><object><name>disease</name><bndbox><xmin>190</xmin><ymin>19</ymin><xmax>206</xmax><ymax>40</ymax></bndbox></object><object><name>disease</name><bndbox><xmin>160</xmin><ymin>120</ymin><xmax>184</xmax><ymax>145</ymax></bndbox></object><object><name>disease</name><bndbox><xmin>61</xmin><ymin>17</ymin><xmax>151</xmax><ymax>197</ymax></bndbox></object></annotation>