<annotation><filename>images (25).jpg</filename><size><width>224</width><height>224</height><depth>3</depth></size><object><name>disease</name><bndbox><xmin>130</xmin><ymin>180</ymin><xmax>169</xmax><ymax>214</ymax></bndbox></object><object><name>disease</name><bndbox><xmin>191</xmin><ymin>144</ymin><xmax>219</xmax><ymax>179</ymax></bndbox></object><object><name>disease</name><bndbox><xmin>111</xmin><ymin>111</ymin><xmax>144</xmax><ymax>156</ymax></bndbox></object><object><name>disease</name><bndbox><xmin>85</xmin><ymin>69</ymin><xmax>132</xmax><ymax>95</ymax></bndbox></object><object><name>disease</name><bndbox><xmin>68</xmin><ymin>147</ymin><xmax>97</xmax><ymax>199</ymax></bndbox></object><object><name>disease</name><bndbox><xmin>164</xmin><ymin>183</ymin><xmax>191</xmax><ymax>196</ymax></bndbox></object><object><name>disease</name><bndbox><xmin>107</xmin><ymin>67</ymin><xmax>129</xmax><ymax>97</ymax></bndbox></object><object><name>disease</name><bndbox><xmin>18</xmin><ymin>26</ymin><xmax>51</xmax><ymax>72</ymax></bndbox></object><object><name>disease</name><bndbox><xmin>74</xmin><ymin>164</ymin><xmax>94</xmax><ymax>193</ymax></bndbox></object><object><name>disease</name><bndbox><xmin>85</xmin><ymin>79</ymin><xmax>110</xmax><ymax>94</ymax></bndbox></object><object><name>disease</name><bndbox><xmin>104</xmin><ymin>185</ymin><xmax>127</xmax><ymax>224</ymax></bndbox></object><object><name>disease</name><bndbox><xmin>48</xmin><ymin>24</ymin><xmax>67</xmax><ymax>44</ymax></bndbox></object></annotation>