<annotation><filename>images (10).jpg</filename><size><width>224</width><height>224</height><depth>3</depth></size><object><name>disease</name><bndbox><xmin>82</xmin><ymin>66</ymin><xmax>113</xmax><ymax>116</ymax></bndbox></object><object><name>disease</name><bndbox><xmin>87</xmin><ymin>152</ymin><xmax>101</xmax><ymax>171</ymax></bndbox></object><object><name>disease</name><bndbox><xmin>94</xmin><ymin>40</ymin><xmax>108</xmax><ymax>57</ymax></bndbox></object><object><name>disease</name><bndbox><xmin>74</xmin><ymin>111</ymin><xmax>90</xmax><ymax>130</ymax></bndbox></object><object><name>disease</name><bndbox><xmin>50</xmin><ymin>94</ymin><xmax>94</xmax><ymax>132</ymax></bndbox></object><object><name>disease</name><bndbox><xmin>81</xmin><ymin>69</ymin><xmax>105</xmax><ymax>102</ymax></bndbox></object><object><name>disease</name><bndbox><xmin>54</xmin><ymin>68</ymin><xmax>75</xmax><ymax>99</ymax></bndbox></object><object><name>disease</name><bndbox><xmin>93</xmin><ymin>95</ymin><xmax>109</xmax><ymax>114</ymax></bndbox></object><object><name>disease</name><bndbox><xmin>121</xmin><ymin>116</ymin><xmax>140</xmax><ymax>147</ymax></bndbox></object><object><name>disease</name><bndbox><xmin>160</xmin><ymin>119</ymin><xmax>176</xmax><ymax>141</ymax></bndbox></object><object><name>disease</name><bndbox><xmin>121</xmin><ymin>9</ymin><xmax>137</xmax><ymax>31</ymax></bndbox></object><object><name>disease</name><bndbox><xmin>153</xmin><ymin>103</ymin><xmax>186</xmax><ymax>140</ymax></bndbox></object><object><name>disease</name><bndbox><xmin>145</xmin><ymin>126</ymin><xmax>159</xmax><ymax>142</ymax></bndbox></object><object><name>disease</name><bndbox><xmin>144</xmin><ymin>79</ymin><xmax>156</xmax><ymax>96</ymax></bndbox></object><object><name>disease</name><bndbox><xmin>60</xmin><ymin>95</ymin><xmax>80</xmax><ymax>119</ymax></bndbox></object><object><name>disease</name><bndbox><xmin>161</xmin><ymin>103</ymin><xmax>184</xmax><ymax>129</ymax></bndbox></object></annotation>