<annotation><filename>image (510).jpg</filename><size><width>224</width><height>224</height><depth>3</depth></size><object><name>disease</name><bndbox><xmin>31</xmin><ymin>136</ymin><xmax>57</xmax><ymax>172</ymax></bndbox></object><object><name>disease</name><bndbox><xmin>131</xmin><ymin>138</ymin><xmax>154</xmax><ymax>166</ymax></bndbox></object><object><name>disease</name><bndbox><xmin>175</xmin><ymin>15</ymin><xmax>190</xmax><ymax>47</ymax></bndbox></object><object><name>disease</name><bndbox><xmin>84</xmin><ymin>13</ymin><xmax>112</xmax><ymax>60</ymax></bndbox></object><object><name>disease</name><bndbox><xmin>166</xmin><ymin>113</ymin><xmax>183</xmax><ymax>158</ymax></bndbox></object><object><name>disease</name><bndbox><xmin>151</xmin><ymin>149</ymin><xmax>168</xmax><ymax>172</ymax></bndbox></object><object><name>disease</name><bndbox><xmin>114</xmin><ymin>107</ymin><xmax>141</xmax><ymax>136</ymax></bndbox></object><object><name>disease</name><bndbox><xmin>45</xmin><ymin>15</ymin><xmax>174</xmax><ymax>159</ymax></bndbox></object><object><name>disease</name><bndbox><xmin>58</xmin><ymin>100</ymin><xmax>82</xmax><ymax>151</ymax></bndbox></object><object><name>disease</name><bndbox><xmin>166</xmin><ymin>50</ymin><xmax>180</xmax><ymax>84</ymax></bndbox></object><object><name>disease</name><bndbox><xmin>55</xmin><ymin>32</ymin><xmax>83</xmax><ymax>89</ymax></bndbox></object><object><name>disease</name><bndbox><xmin>68</xmin><ymin>145</ymin><xmax>90</xmax><ymax>164</ymax></bndbox></object><object><name>disease</name><bndbox><xmin>125</xmin><ymin>174</ymin><xmax>157</xmax><ymax>199</ymax></bndbox></object><object><name>disease</name><bndbox><xmin>192</xmin><ymin>202</ymin><xmax>211</xmax><ymax>223</ymax></bndbox></object><object><name>disease</name><bndbox><xmin>97</xmin><ymin>9</ymin><xmax>156</xmax><ymax>126</ymax></bndbox></object><object><name>disease</name><bndbox><xmin>40</xmin><ymin>102</ymin><xmax>56</xmax><ymax>129</ymax></bndbox></object><object><name>disease</name><bndbox><xmin>209</xmin><ymin>128</ymin><xmax>224</xmax><ymax>153</ymax></bndbox></object><object><name>disease</name><bndbox><xmin>63</xmin><ymin>198</ymin><xmax>87</xmax><ymax>211</ymax></bndbox></object></annotation>