<annotation><filename>images (20).jpg</filename><size><width>224</width><height>224</height><depth>3</depth></size><object><name>disease</name><bndbox><xmin>10</xmin><ymin>29</ymin><xmax>38</xmax><ymax>53</ymax></bndbox></object><object><name>disease</name><bndbox><xmin>83</xmin><ymin>5</ymin><xmax>113</xmax><ymax>74</ymax></bndbox></object><object><name>disease</name><bndbox><xmin>133</xmin><ymin>95</ymin><xmax>144</xmax><ymax>106</ymax></bndbox></object><object><name>disease</name><bndbox><xmin>168</xmin><ymin>143</ymin><xmax>188</xmax><ymax>183</ymax></bndbox></object><object><name>disease</name><bndbox><xmin>160</xmin><ymin>92</ymin><xmax>181</xmax><ymax>115</ymax></bndbox></object><object><name>disease</name><bndbox><xmin>0</xmin><ymin>176</ymin><xmax>12</xmax><ymax>192</ymax></bndbox></object><object><name>disease</name><bndbox><xmin>42</xmin><ymin>41</ymin><xmax>62</xmax><ymax>66</ymax></bndbox></object><object><name>disease</name><bndbox><xmin>205</xmin><ymin>62</ymin><xmax>219</xmax><ymax>82</ymax></bndbox></object><object><name>disease</name><bndbox><xmin>58</xmin><ymin>139</ymin><xmax>82</xmax><ymax>162</ymax></bndbox></object><object><name>disease</name><bndbox><xmin>161</xmin><ymin>93</ymin><xmax>189</xmax><ymax>127</ymax></bndbox></object></annotation>