<annotation><filename>images 10).jpg</filename><size><width>224</width><height>224</height><depth>3</depth></size><object><name>disease</name><bndbox><xmin>59</xmin><ymin>180</ymin><xmax>83</xmax><ymax>201</ymax></bndbox></object><object><name>disease</name><bndbox><xmin>204</xmin><ymin>85</ymin><xmax>222</xmax><ymax>116</ymax></bndbox></object><object><name>disease</name><bndbox><xmin>2</xmin><ymin>151</ymin><xmax>40</xmax><ymax>188</ymax></bndbox></object><object><name>disease</name><bndbox><xmin>105</xmin><ymin>61</ymin><xmax>124</xmax><ymax>76</ymax></bndbox></object><object><name>disease</name><bndbox><xmin>154</xmin><ymin>69</ymin><xmax>166</xmax><ymax>84</ymax></bndbox></object><object><name>disease</name><bndbox><xmin>215</xmin><ymin>40</ymin><xmax>224</xmax><ymax>66</ymax></bndbox></object><object><name>disease</name><bndbox><xmin>110</xmin><ymin>156</ymin><xmax>152</xmax><ymax>191</ymax></bndbox></object><object><name>disease</name><bndbox><xmin>62</xmin><ymin>94</ymin><xmax>73</xmax><ymax>105</ymax></bndbox></object><object><name>disease</name><bndbox><xmin>91</xmin><ymin>29</ymin><xmax>104</xmax><ymax>49</ymax></bndbox></object><object><name>disease</name><bndbox><xmin>33</xmin><ymin>195</ymin><xmax>49</xmax><ymax>213</ymax></bndbox></object><object><name>disease</name><bndbox><xmin>67</xmin><ymin>133</ymin><xmax>82</xmax><ymax>147</ymax></bndbox></object><object><name>disease</name><bndbox><xmin>63</xmin><ymin>58</ymin><xmax>97</xmax><ymax>94</ymax></bndbox></object><object><name>disease</name><bndbox><xmin>49</xmin><ymin>44</ymin><xmax>71</xmax><ymax>65</ymax></bndbox></object><object><name>disease</name><bndbox><xmin>37</xmin><ymin>40</ymin><xmax>79</xmax><ymax>67</ymax></bndbox></object><object><name>disease</name><bndbox><xmin>30</xmin><ymin>17</ymin><xmax>55</xmax><ymax>48</ymax></bndbox></object><object><name>disease</name><bndbox><xmin>158</xmin><ymin>112</ymin><xmax>174</xmax><ymax>124</ymax></bndbox></object><object><name>disease</name><bndbox><xmin>67</xmin><ymin>61</ymin><xmax>81</xmax><ymax>83</ymax></bndbox></object><object><name>disease</name><bndbox><xmin>102</xmin><ymin>164</ymin><xmax>119</xmax><ymax>202</ymax></bndbox></object><object><name>disease</name><bndbox><xmin>74</xmin><ymin>154</ymin><xmax>91</xmax><ymax>168</ymax></bndbox></object><object><name>disease</name><bndbox><xmin>94</xmin><ymin>95</ymin><xmax>107</xmax><ymax>112</ymax></bndbox></object><object><name>disease</name><bndbox><xmin>82</xmin><ymin>50</ymin><xmax>93</xmax><ymax>63</ymax></bndbox></object><object><name>disease</name><bndbox><xmin>71</xmin><ymin>79</ymin><xmax>98</xmax><ymax>91</ymax></bndbox></object><object><name>disease</name><bndbox><xmin>28</xmin><ymin>8</ymin><xmax>80</xmax><ymax>76</ymax></bndbox></object></annotation>