<annotation><filename>images (50).jpg</filename><size><width>224</width><height>224</height><depth>3</depth></size><object><name>disease</name><bndbox><xmin>130</xmin><ymin>101</ymin><xmax>147</xmax><ymax>127</ymax></bndbox></object><object><name>disease</name><bndbox><xmin>78</xmin><ymin>46</ymin><xmax>116</xmax><ymax>84</ymax></bndbox></object><object><name>disease</name><bndbox><xmin>185</xmin><ymin>39</ymin><xmax>204</xmax><ymax>58</ymax></bndbox></object><object><name>disease</name><bndbox><xmin>160</xmin><ymin>40</ymin><xmax>188</xmax><ymax>94</ymax></bndbox></object><object><name>disease</name><bndbox><xmin>97</xmin><ymin>139</ymin><xmax>135</xmax><ymax>181</ymax></bndbox></object><object><name>disease</name><bndbox><xmin>128</xmin><ymin>50</ymin><xmax>155</xmax><ymax>75</ymax></bndbox></object><object><name>disease</name><bndbox><xmin>112</xmin><ymin>29</ymin><xmax>128</xmax><ymax>52</ymax></bndbox></object><object><name>disease</name><bndbox><xmin>131</xmin><ymin>28</ymin><xmax>146</xmax><ymax>58</ymax></bndbox></object></annotation>