<annotation><filename>image (42).jpg</filename><size><width>224</width><height>224</height><depth>3</depth></size><object><name>disease</name><bndbox><xmin>42</xmin><ymin>28</ymin><xmax>56</xmax><ymax>50</ymax></bndbox></object><object><name>disease</name><bndbox><xmin>183</xmin><ymin>64</ymin><xmax>197</xmax><ymax>90</ymax></bndbox></object><object><name>disease</name><bndbox><xmin>37</xmin><ymin>170</ymin><xmax>64</xmax><ymax>200</ymax></bndbox></object><object><name>disease</name><bndbox><xmin>26</xmin><ymin>72</ymin><xmax>76</xmax><ymax>206</ymax></bndbox></object><object><name>disease</name><bndbox><xmin>11</xmin><ymin>23</ymin><xmax>22</xmax><ymax>35</ymax></bndbox></object><object><name>disease</name><bndbox><xmin>33</xmin><ymin>27</ymin><xmax>64</xmax><ymax>58</ymax></bndbox></object><object><name>disease</name><bndbox><xmin>66</xmin><ymin>87</ymin><xmax>83</xmax><ymax>116</ymax></bndbox></object><object><name>disease</name><bndbox><xmin>61</xmin><ymin>13</ymin><xmax>178</xmax><ymax>211</ymax></bndbox></object><object><name>disease</name><bndbox><xmin>16</xmin><ymin>148</ymin><xmax>37</xmax><ymax>182</ymax></bndbox></object><object><name>disease</name><bndbox><xmin>33</xmin><ymin>74</ymin><xmax>53</xmax><ymax>125</ymax></bndbox></object><object><name>disease</name><bndbox><xmin>158</xmin><ymin>178</ymin><xmax>170</xmax><ymax>197</ymax></bndbox></object><object><name>disease</name><bndbox><xmin>75</xmin><ymin>53</ymin><xmax>85</xmax><ymax>73</ymax></bndbox></object><object><name>disease</name><bndbox><xmin>9</xmin><ymin>72</ymin><xmax>23</xmax><ymax>90</ymax></bndbox></object><object><name>disease</name><bndbox><xmin>0</xmin><ymin>85</ymin><xmax>9</xmax><ymax>96</ymax></bndbox></object></annotation>