<annotation><filename>images (33).jpg</filename><size><width>224</width><height>224</height><depth>3</depth></size><object><name>disease</name><bndbox><xmin>96</xmin><ymin>154</ymin><xmax>110</xmax><ymax>167</ymax></bndbox></object><object><name>disease</name><bndbox><xmin>118</xmin><ymin>52</ymin><xmax>148</xmax><ymax>65</ymax></bndbox></object><object><name>disease</name><bndbox><xmin>117</xmin><ymin>77</ymin><xmax>140</xmax><ymax>100</ymax></bndbox></object><object><name>disease</name><bndbox><xmin>30</xmin><ymin>55</ymin><xmax>53</xmax><ymax>67</ymax></bndbox></object><object><name>disease</name><bndbox><xmin>34</xmin><ymin>137</ymin><xmax>51</xmax><ymax>153</ymax></bndbox></object></annotation>