<annotation><filename>images (3).jpg</filename><size><width>224</width><height>224</height><depth>3</depth></size><object><name>disease</name><bndbox><xmin>42</xmin><ymin>186</ymin><xmax>70</xmax><ymax>216</ymax></bndbox></object><object><name>disease</name><bndbox><xmin>63</xmin><ymin>156</ymin><xmax>87</xmax><ymax>171</ymax></bndbox></object><object><name>disease</name><bndbox><xmin>16</xmin><ymin>55</ymin><xmax>64</xmax><ymax>79</ymax></bndbox></object><object><name>disease</name><bndbox><xmin>175</xmin><ymin>27</ymin><xmax>194</xmax><ymax>46</ymax></bndbox></object><object><name>disease</name><bndbox><xmin>84</xmin><ymin>72</ymin><xmax>108</xmax><ymax>110</ymax></bndbox></object><object><name>disease</name><bndbox><xmin>104</xmin><ymin>151</ymin><xmax>133</xmax><ymax>177</ymax></bndbox></object><object><name>disease</name><bndbox><xmin>97</xmin><ymin>10</ymin><xmax>136</xmax><ymax>44</ymax></bndbox></object><object><name>disease</name><bndbox><xmin>108</xmin><ymin>58</ymin><xmax>127</xmax><ymax>96</ymax></bndbox></object><object><name>disease</name><bndbox><xmin>100</xmin><ymin>11</ymin><xmax>122</xmax><ymax>34</ymax></bndbox></object><object><name>disease</name><bndbox><xmin>111</xmin><ymin>16</ymin><xmax>131</xmax><ymax>46</ymax></bndbox></object><object><name>disease</name><bndbox><xmin>95</xmin><ymin>137</ymin><xmax>135</xmax><ymax>179</ymax></bndbox></object></annotation>