<annotation><filename>images (4).jpg</filename><size><width>224</width><height>224</height><depth>3</depth></size><object><name>disease</name><bndbox><xmin>17</xmin><ymin>67</ymin><xmax>45</xmax><ymax>86</ymax></bndbox></object><object><name>disease</name><bndbox><xmin>19</xmin><ymin>180</ymin><xmax>32</xmax><ymax>191</ymax></bndbox></object><object><name>disease</name><bndbox><xmin>180</xmin><ymin>130</ymin><xmax>198</xmax><ymax>144</ymax></bndbox></object><object><name>disease</name><bndbox><xmin>182</xmin><ymin>16</ymin><xmax>201</xmax><ymax>27</ymax></bndbox></object><object><name>disease</name><bndbox><xmin>29</xmin><ymin>155</ymin><xmax>50</xmax><ymax>176</ymax></bndbox></object><object><name>disease</name><bndbox><xmin>40</xmin><ymin>102</ymin><xmax>50</xmax><ymax>118</ymax></bndbox></object><object><name>disease</name><bndbox><xmin>1</xmin><ymin>6</ymin><xmax>20</xmax><ymax>38</ymax></bndbox></object><object><name>disease</name><bndbox><xmin>67</xmin><ymin>139</ymin><xmax>87</xmax><ymax>152</ymax></bndbox></object><object><name>disease</name><bndbox><xmin>8</xmin><ymin>46</ymin><xmax>25</xmax><ymax>62</ymax></bndbox></object><object><name>disease</name><bndbox><xmin>110</xmin><ymin>96</ymin><xmax>127</xmax><ymax>114</ymax></bndbox></object><object><name>disease</name><bndbox><xmin>152</xmin><ymin>157</ymin><xmax>184</xmax><ymax>190</ymax></bndbox></object><object><name>disease</name><bndbox><xmin>49</xmin><ymin>89</ymin><xmax>64</xmax><ymax>102</ymax></bndbox></object><object><name>disease</name><bndbox><xmin>67</xmin><ymin>95</ymin><xmax>86</xmax><ymax>118</ymax></bndbox></object><object><name>disease</name><bndbox><xmin>89</xmin><ymin>72</ymin><xmax>139</xmax><ymax>110</ymax></bndbox></object><object><name>disease</name><bndbox><xmin>103</xmin><ymin>133</ymin><xmax>126</xmax><ymax>164</ymax></bndbox></object><object><name>disease</name><bndbox><xmin>42</xmin><ymin>127</ymin><xmax>59</xmax><ymax>146</ymax></bndbox></object><object><name>disease</name><bndbox><xmin>106</xmin><ymin>160</ymin><xmax>120</xmax><ymax>179</ymax></bndbox></object></annotation>