<annotation><filename>image (36).jpg</filename><size><width>224</width><height>224</height><depth>3</depth></size><object><name>disease</name><bndbox><xmin>133</xmin><ymin>132</ymin><xmax>145</xmax><ymax>149</ymax></bndbox></object><object><name>disease</name><bndbox><xmin>74</xmin><ymin>59</ymin><xmax>91</xmax><ymax>95</ymax></bndbox></object><object><name>disease</name><bndbox><xmin>136</xmin><ymin>72</ymin><xmax>165</xmax><ymax>112</ymax></bndbox></object><object><name>disease</name><bndbox><xmin>67</xmin><ymin>35</ymin><xmax>82</xmax><ymax>57</ymax></bndbox></object><object><name>disease</name><bndbox><xmin>184</xmin><ymin>104</ymin><xmax>201</xmax><ymax>132</ymax></bndbox></object><object><name>disease</name><bndbox><xmin>18</xmin><ymin>128</ymin><xmax>50</xmax><ymax>173</ymax></bndbox></object><object><name>disease</name><bndbox><xmin>15</xmin><ymin>12</ymin><xmax>108</xmax><ymax>220</ymax></bndbox></object><object><name>disease</name><bndbox><xmin>97</xmin><ymin>160</ymin><xmax>115</xmax><ymax>183</ymax></bndbox></object><object><name>disease</name><bndbox><xmin>198</xmin><ymin>117</ymin><xmax>217</xmax><ymax>136</ymax></bndbox></object><object><name>disease</name><bndbox><xmin>69</xmin><ymin>191</ymin><xmax>103</xmax><ymax>215</ymax></bndbox></object><object><name>disease</name><bndbox><xmin>19</xmin><ymin>36</ymin><xmax>67</xmax><ymax>140</ymax></bndbox></object><object><name>disease</name><bndbox><xmin>147</xmin><ymin>93</ymin><xmax>167</xmax><ymax>109</ymax></bndbox></object><object><name>disease</name><bndbox><xmin>185</xmin><ymin>14</ymin><xmax>208</xmax><ymax>52</ymax></bndbox></object><object><name>disease</name><bndbox><xmin>197</xmin><ymin>115</ymin><xmax>219</xmax><ymax>150</ymax></bndbox></object><object><name>disease</name><bndbox><xmin>101</xmin><ymin>4</ymin><xmax>146</xmax><ymax>132</ymax></bndbox></object></annotation>