<annotation><filename>images (11).jpg</filename><size><width>224</width><height>224</height><depth>3</depth></size><object><name>disease</name><bndbox><xmin>109</xmin><ymin>70</ymin><xmax>142</xmax><ymax>94</ymax></bndbox></object><object><name>disease</name><bndbox><xmin>9</xmin><ymin>104</ymin><xmax>24</xmax><ymax>120</ymax></bndbox></object><object><name>disease</name><bndbox><xmin>66</xmin><ymin>118</ymin><xmax>81</xmax><ymax>137</ymax></bndbox></object><object><name>disease</name><bndbox><xmin>31</xmin><ymin>114</ymin><xmax>50</xmax><ymax>133</ymax></bndbox></object><object><name>disease</name><bndbox><xmin>32</xmin><ymin>78</ymin><xmax>50</xmax><ymax>91</ymax></bndbox></object><object><name>disease</name><bndbox><xmin>139</xmin><ymin>100</ymin><xmax>155</xmax><ymax>120</ymax></bndbox></object><object><name>disease</name><bndbox><xmin>120</xmin><ymin>57</ymin><xmax>135</xmax><ymax>70</ymax></bndbox></object><object><name>disease</name><bndbox><xmin>84</xmin><ymin>50</ymin><xmax>99</xmax><ymax>64</ymax></bndbox></object><object><name>disease</name><bndbox><xmin>74</xmin><ymin>98</ymin><xmax>107</xmax><ymax>112</ymax></bndbox></object><object><name>disease</name><bndbox><xmin>207</xmin><ymin>106</ymin><xmax>222</xmax><ymax>120</ymax></bndbox></object><object><name>disease</name><bndbox><xmin>153</xmin><ymin>84</ymin><xmax>166</xmax><ymax>95</ymax></bndbox></object><object><name>disease</name><bndbox><xmin>16</xmin><ymin>59</ymin><xmax>39</xmax><ymax>82</ymax></bndbox></object><object><name>disease</name><bndbox><xmin>162</xmin><ymin>70</ymin><xmax>186</xmax><ymax>80</ymax></bndbox></object><object><name>disease</name><bndbox><xmin>159</xmin><ymin>48</ymin><xmax>184</xmax><ymax>85</ymax></bndbox></object><object><name>disease</name><bndbox><xmin>64</xmin><ymin>96</ymin><xmax>121</xmax><ymax>113</ymax></bndbox></object><object><name>disease</name><bndbox><xmin>53</xmin><ymin>51</ymin><xmax>64</xmax><ymax>60</ymax></bndbox></object><object><name>disease</name><bndbox><xmin>200</xmin><ymin>131</ymin><xmax>215</xmax><ymax>141</ymax></bndbox></object></annotation>