<annotation><filename>image (34).jpg</filename><size><width>224</width><height>224</height><depth>3</depth></size><object><name>disease</name><bndbox><xmin>113</xmin><ymin>199</ymin><xmax>143</xmax><ymax>224</ymax></bndbox></object><object><name>disease</name><bndbox><xmin>39</xmin><ymin>155</ymin><xmax>74</xmax><ymax>192</ymax></bndbox></object><object><name>disease</name><bndbox><xmin>46</xmin><ymin>195</ymin><xmax>68</xmax><ymax>219</ymax></bndbox></object><object><name>disease</name><bndbox><xmin>156</xmin><ymin>51</ymin><xmax>187</xmax><ymax>89</ymax></bndbox></object><object><name>disease</name><bndbox><xmin>134</xmin><ymin>95</ymin><xmax>154</xmax><ymax>132</ymax></bndbox></object><object><name>disease</name><bndbox><xmin>158</xmin><ymin>211</ymin><xmax>181</xmax><ymax>224</ymax></bndbox></object><object><name>disease</name><bndbox><xmin>101</xmin><ymin>27</ymin><xmax>135</xmax><ymax>67</ymax></bndbox></object><object><name>disease</name><bndbox><xmin>72</xmin><ymin>150</ymin><xmax>88</xmax><ymax>171</ymax></bndbox></object><object><name>disease</name><bndbox><xmin>125</xmin><ymin>126</ymin><xmax>181</xmax><ymax>203</ymax></bndbox></object><object><name>disease</name><bndbox><xmin>79</xmin><ymin>112</ymin><xmax>97</xmax><ymax>124</ymax></bndbox></object><object><name>disease</name><bndbox><xmin>124</xmin><ymin>168</ymin><xmax>160</xmax><ymax>202</ymax></bndbox></object></annotation>