<annotation><filename>images (43).jpg</filename><size><width>224</width><height>224</height><depth>3</depth></size><object><name>disease</name><bndbox><xmin>109</xmin><ymin>76</ymin><xmax>126</xmax><ymax>94</ymax></bndbox></object><object><name>disease</name><bndbox><xmin>134</xmin><ymin>55</ymin><xmax>169</xmax><ymax>82</ymax></bndbox></object><object><name>disease</name><bndbox><xmin>152</xmin><ymin>141</ymin><xmax>167</xmax><ymax>158</ymax></bndbox></object><object><name>disease</name><bndbox><xmin>202</xmin><ymin>120</ymin><xmax>219</xmax><ymax>143</ymax></bndbox></object><object><name>disease</name><bndbox><xmin>84</xmin><ymin>120</ymin><xmax>116</xmax><ymax>144</ymax></bndbox></object><object><name>disease</name><bndbox><xmin>76</xmin><ymin>3</ymin><xmax>119</xmax><ymax>43</ymax></bndbox></object><object><name>disease</name><bndbox><xmin>87</xmin><ymin>118</ymin><xmax>123</xmax><ymax>166</ymax></bndbox></object><object><name>disease</name><bndbox><xmin>76</xmin><ymin>70</ymin><xmax>92</xmax><ymax>91</ymax></bndbox></object><object><name>disease</name><bndbox><xmin>186</xmin><ymin>48</ymin><xmax>203</xmax><ymax>71</ymax></bndbox></object><object><name>disease</name><bndbox><xmin>26</xmin><ymin>53</ymin><xmax>82</xmax><ymax>113</ymax></bndbox></object><object><name>disease</name><bndbox><xmin>123</xmin><ymin>139</ymin><xmax>141</xmax><ymax>164</ymax></bndbox></object><object><name>disease</name><bndbox><xmin>85</xmin><ymin>95</ymin><xmax>102</xmax><ymax>114</ymax></bndbox></object><object><name>disease</name><bndbox><xmin>134</xmin><ymin>158</ymin><xmax>144</xmax><ymax>180</ymax></bndbox></object><object><name>disease</name><bndbox><xmin>115</xmin><ymin>136</ymin><xmax>148</xmax><ymax>169</ymax></bndbox></object></annotation>