<annotation><filename>images (16).jpg</filename><size><width>224</width><height>224</height><depth>3</depth></size><object><name>disease</name><bndbox><xmin>153</xmin><ymin>123</ymin><xmax>189</xmax><ymax>163</ymax></bndbox></object><object><name>disease</name><bndbox><xmin>83</xmin><ymin>96</ymin><xmax>102</xmax><ymax>122</ymax></bndbox></object><object><name>disease</name><bndbox><xmin>50</xmin><ymin>33</ymin><xmax>120</xmax><ymax>90</ymax></bndbox></object><object><name>disease</name><bndbox><xmin>51</xmin><ymin>39</ymin><xmax>69</xmax><ymax>68</ymax></bndbox></object><object><name>disease</name><bndbox><xmin>157</xmin><ymin>25</ymin><xmax>170</xmax><ymax>58</ymax></bndbox></object><object><name>disease</name><bndbox><xmin>26</xmin><ymin>177</ymin><xmax>71</xmax><ymax>216</ymax></bndbox></object><object><name>disease</name><bndbox><xmin>76</xmin><ymin>94</ymin><xmax>108</xmax><ymax>126</ymax></bndbox></object><object><name>disease</name><bndbox><xmin>110</xmin><ymin>99</ymin><xmax>120</xmax><ymax>117</ymax></bndbox></object><object><name>disease</name><bndbox><xmin>50</xmin><ymin>32</ymin><xmax>103</xmax><ymax>68</ymax></bndbox></object><object><name>disease</name><bndbox><xmin>72</xmin><ymin>130</ymin><xmax>91</xmax><ymax>155</ymax></bndbox></object><object><name>disease</name><bndbox><xmin>94</xmin><ymin>183</ymin><xmax>118</xmax><ymax>222</ymax></bndbox></object><object><name>disease</name><bndbox><xmin>92</xmin><ymin>177</ymin><xmax>107</xmax><ymax>210</ymax></bndbox></object></annotation>