<annotation><filename>image (18).jpg</filename><size><width>224</width><height>224</height><depth>3</depth></size><object><name>disease</name><bndbox><xmin>82</xmin><ymin>155</ymin><xmax>98</xmax><ymax>179</ymax></bndbox></object><object><name>disease</name><bndbox><xmin>62</xmin><ymin>134</ymin><xmax>78</xmax><ymax>156</ymax></bndbox></object><object><name>disease</name><bndbox><xmin>135</xmin><ymin>182</ymin><xmax>149</xmax><ymax>194</ymax></bndbox></object><object><name>disease</name><bndbox><xmin>153</xmin><ymin>152</ymin><xmax>190</xmax><ymax>180</ymax></bndbox></object><object><name>disease</name><bndbox><xmin>159</xmin><ymin>68</ymin><xmax>180</xmax><ymax>99</ymax></bndbox></object><object><name>disease</name><bndbox><xmin>139</xmin><ymin>17</ymin><xmax>163</xmax><ymax>50</ymax></bndbox></object><object><name>disease</name><bndbox><xmin>57</xmin><ymin>86</ymin><xmax>67</xmax><ymax>99</ymax></bndbox></object><object><name>disease</name><bndbox><xmin>163</xmin><ymin>125</ymin><xmax>181</xmax><ymax>145</ymax></bndbox></object><object><name>disease</name><bndbox><xmin>102</xmin><ymin>151</ymin><xmax>121</xmax><ymax>183</ymax></bndbox></object><object><name>disease</name><bndbox><xmin>157</xmin><ymin>154</ymin><xmax>177</xmax><ymax>179</ymax></bndbox></object><object><name>disease</name><bndbox><xmin>12</xmin><ymin>39</ymin><xmax>36</xmax><ymax>88</ymax></bndbox></object><object><name>disease</name><bndbox><xmin>191</xmin><ymin>111</ymin><xmax>208</xmax><ymax>127</ymax></bndbox></object><object><name>disease</name><bndbox><xmin>79</xmin><ymin>200</ymin><xmax>92</xmax><ymax>220</ymax></bndbox></object><object><name>disease</name><bndbox><xmin>160</xmin><ymin>69</ymin><xmax>187</xmax><ymax>116</ymax></bndbox></object></annotation>