<annotation><filename>images (44).jpg</filename><size><width>224</width><height>224</height><depth>3</depth></size><object><name>disease</name><bndbox><xmin>7</xmin><ymin>64</ymin><xmax>26</xmax><ymax>84</ymax></bndbox></object><object><name>disease</name><bndbox><xmin>57</xmin><ymin>75</ymin><xmax>81</xmax><ymax>95</ymax></bndbox></object><object><name>disease</name><bndbox><xmin>60</xmin><ymin>155</ymin><xmax>85</xmax><ymax>186</ymax></bndbox></object><object><name>disease</name><bndbox><xmin>56</xmin><ymin>131</ymin><xmax>74</xmax><ymax>170</ymax></bndbox></object><object><name>disease</name><bndbox><xmin>158</xmin><ymin>43</ymin><xmax>177</xmax><ymax>85</ymax></bndbox></object><object><name>disease</name><bndbox><xmin>58</xmin><ymin>130</ymin><xmax>79</xmax><ymax>188</ymax></bndbox></object><object><name>disease</name><bndbox><xmin>29</xmin><ymin>102</ymin><xmax>51</xmax><ymax>134</ymax></bndbox></object><object><name>disease</name><bndbox><xmin>146</xmin><ymin>90</ymin><xmax>165</xmax><ymax>117</ymax></bndbox></object></annotation>