<annotation><filename>image (22).jpg</filename><size><width>224</width><height>224</height><depth>3</depth></size><object><name>disease</name><bndbox><xmin>168</xmin><ymin>55</ymin><xmax>187</xmax><ymax>107</ymax></bndbox></object><object><name>disease</name><bndbox><xmin>138</xmin><ymin>76</ymin><xmax>157</xmax><ymax>111</ymax></bndbox></object><object><name>disease</name><bndbox><xmin>56</xmin><ymin>158</ymin><xmax>73</xmax><ymax>198</ymax></bndbox></object><object><name>disease</name><bndbox><xmin>176</xmin><ymin>16</ymin><xmax>198</xmax><ymax>46</ymax></bndbox></object></annotation>