<annotation><filename>images (32).jpg</filename><size><width>224</width><height>224</height><depth>3</depth></size><object><name>disease</name><bndbox><xmin>75</xmin><ymin>37</ymin><xmax>98</xmax><ymax>51</ymax></bndbox></object><object><name>disease</name><bndbox><xmin>84</xmin><ymin>104</ymin><xmax>101</xmax><ymax>129</ymax></bndbox></object><object><name>disease</name><bndbox><xmin>149</xmin><ymin>173</ymin><xmax>164</xmax><ymax>191</ymax></bndbox></object><object><name>disease</name><bndbox><xmin>99</xmin><ymin>94</ymin><xmax>115</xmax><ymax>111</ymax></bndbox></object><object><name>disease</name><bndbox><xmin>33</xmin><ymin>13</ymin><xmax>51</xmax><ymax>36</ymax></bndbox></object></annotation>