<annotation><filename>image (19).jpg</filename><size><width>224</width><height>224</height><depth>3</depth></size><object><name>disease</name><bndbox><xmin>92</xmin><ymin>57</ymin><xmax>111</xmax><ymax>90</ymax></bndbox></object><object><name>disease</name><bndbox><xmin>145</xmin><ymin>102</ymin><xmax>160</xmax><ymax>127</ymax></bndbox></object><object><name>disease</name><bndbox><xmin>103</xmin><ymin>10</ymin><xmax>126</xmax><ymax>46</ymax></bndbox></object><object><name>disease</name><bndbox><xmin>140</xmin><ymin>20</ymin><xmax>165</xmax><ymax>57</ymax></bndbox></object><object><name>disease</name><bndbox><xmin>112</xmin><ymin>128</ymin><xmax>130</xmax><ymax>182</ymax></bndbox></object><object><name>disease</name><bndbox><xmin>138</xmin><ymin>85</ymin><xmax>158</xmax><ymax>132</ymax></bndbox></object></annotation>