<annotation><filename>image (53).jpg</filename><size><width>224</width><height>224</height><depth>3</depth></size><object><name>disease</name><bndbox><xmin>149</xmin><ymin>130</ymin><xmax>172</xmax><ymax>160</ymax></bndbox></object><object><name>disease</name><bndbox><xmin>127</xmin><ymin>6</ymin><xmax>174</xmax><ymax>46</ymax></bndbox></object><object><name>disease</name><bndbox><xmin>145</xmin><ymin>74</ymin><xmax>191</xmax><ymax>118</ymax></bndbox></object><object><name>disease</name><bndbox><xmin>94</xmin><ymin>104</ymin><xmax>116</xmax><ymax>124</ymax></bndbox></object><object><name>disease</name><bndbox><xmin>173</xmin><ymin>114</ymin><xmax>190</xmax><ymax>139</ymax></bndbox></object><object><name>disease</name><bndbox><xmin>110</xmin><ymin>129</ymin><xmax>138</xmax><ymax>166</ymax></bndbox></object><object><name>disease</name><bndbox><xmin>104</xmin><ymin>185</ymin><xmax>121</xmax><ymax>219</ymax></bndbox></object><object><name>disease</name><bndbox><xmin>112</xmin><ymin>131</ymin><xmax>125</xmax><ymax>165</ymax></bndbox></object><object><name>disease</name><bndbox><xmin>130</xmin><ymin>5</ymin><xmax>159</xmax><ymax>38</ymax></bndbox></object><object><name>disease</name><bndbox><xmin>137</xmin><ymin>115</ymin><xmax>172</xmax><ymax>161</ymax></bndbox></object><object><name>disease</name><bndbox><xmin>183</xmin><ymin>158</ymin><xmax>196</xmax><ymax>177</ymax></bndbox></object><object><name>disease</name><bndbox><xmin>111</xmin><ymin>71</ymin><xmax>121</xmax><ymax>94</ymax></bndbox></object></annotation>