<annotation><filename>images (6).jpg</filename><size><width>224</width><height>224</height><depth>3</depth></size><object><name>disease</name><bndbox><xmin>172</xmin><ymin>123</ymin><xmax>211</xmax><ymax>149</ymax></bndbox></object><object><name>disease</name><bndbox><xmin>32</xmin><ymin>122</ymin><xmax>75</xmax><ymax>161</ymax></bndbox></object><object><name>disease</name><bndbox><xmin>161</xmin><ymin>110</ymin><xmax>181</xmax><ymax>127</ymax></bndbox></object><object><name>disease</name><bndbox><xmin>95</xmin><ymin>118</ymin><xmax>117</xmax><ymax>137</ymax></bndbox></object><object><name>disease</name><bndbox><xmin>119</xmin><ymin>132</ymin><xmax>141</xmax><ymax>150</ymax></bndbox></object><object><name>disease</name><bndbox><xmin>108</xmin><ymin>77</ymin><xmax>133</xmax><ymax>106</ymax></bndbox></object><object><name>disease</name><bndbox><xmin>116</xmin><ymin>149</ymin><xmax>132</xmax><ymax>163</ymax></bndbox></object><object><name>disease</name><bndbox><xmin>141</xmin><ymin>57</ymin><xmax>171</xmax><ymax>87</ymax></bndbox></object><object><name>disease</name><bndbox><xmin>131</xmin><ymin>116</ymin><xmax>144</xmax><ymax>127</ymax></bndbox></object><object><name>disease</name><bndbox><xmin>7</xmin><ymin>131</ymin><xmax>31</xmax><ymax>155</ymax></bndbox></object><object><name>disease</name><bndbox><xmin>77</xmin><ymin>163</ymin><xmax>91</xmax><ymax>176</ymax></bndbox></object><object><name>disease</name><bndbox><xmin>71</xmin><ymin>70</ymin><xmax>93</xmax><ymax>95</ymax></bndbox></object><object><name>disease</name><bndbox><xmin>65</xmin><ymin>60</ymin><xmax>109</xmax><ymax>95</ymax></bndbox></object><object><name>disease</name><bndbox><xmin>73</xmin><ymin>118</ymin><xmax>92</xmax><ymax>134</ymax></bndbox></object></annotation>