<annotation><filename>images (53).jpg</filename><size><width>224</width><height>224</height><depth>3</depth></size><object><name>disease</name><bndbox><xmin>140</xmin><ymin>117</ymin><xmax>167</xmax><ymax>136</ymax></bndbox></object><object><name>disease</name><bndbox><xmin>12</xmin><ymin>173</ymin><xmax>31</xmax><ymax>191</ymax></bndbox></object><object><name>disease</name><bndbox><xmin>40</xmin><ymin>89</ymin><xmax>59</xmax><ymax>109</ymax></bndbox></object><object><name>disease</name><bndbox><xmin>92</xmin><ymin>102</ymin><xmax>128</xmax><ymax>137</ymax></bndbox></object><object><name>disease</name><bndbox><xmin>77</xmin><ymin>189</ymin><xmax>98</xmax><ymax>224</ymax></bndbox></object><object><name>disease</name><bndbox><xmin>43</xmin><ymin>31</ymin><xmax>68</xmax><ymax>56</ymax></bndbox></object><object><name>disease</name><bndbox><xmin>115</xmin><ymin>73</ymin><xmax>133</xmax><ymax>97</ymax></bndbox></object><object><name>disease</name><bndbox><xmin>142</xmin><ymin>80</ymin><xmax>189</xmax><ymax>106</ymax></bndbox></object><object><name>disease</name><bndbox><xmin>124</xmin><ymin>58</ymin><xmax>151</xmax><ymax>80</ymax></bndbox></object><object><name>disease</name><bndbox><xmin>26</xmin><ymin>50</ymin><xmax>63</xmax><ymax>77</ymax></bndbox></object><object><name>disease</name><bndbox><xmin>67</xmin><ymin>35</ymin><xmax>114</xmax><ymax>92</ymax></bndbox></object><object><name>disease</name><bndbox><xmin>122</xmin><ymin>104</ymin><xmax>136</xmax><ymax>121</ymax></bndbox></object><object><name>disease</name><bndbox><xmin>68</xmin><ymin>116</ymin><xmax>90</xmax><ymax>133</ymax></bndbox></object><object><name>disease</name><bndbox><xmin>18</xmin><ymin>75</ymin><xmax>60</xmax><ymax>114</ymax></bndbox></object></annotation>