<annotation><filename>images (7).jpg</filename><size><width>224</width><height>224</height><depth>3</depth></size><object><name>disease</name><bndbox><xmin>67</xmin><ymin>11</ymin><xmax>130</xmax><ymax>82</ymax></bndbox></object><object><name>disease</name><bndbox><xmin>123</xmin><ymin>81</ymin><xmax>154</xmax><ymax>114</ymax></bndbox></object><object><name>disease</name><bndbox><xmin>130</xmin><ymin>42</ymin><xmax>162</xmax><ymax>69</ymax></bndbox></object><object><name>disease</name><bndbox><xmin>83</xmin><ymin>96</ymin><xmax>108</xmax><ymax>124</ymax></bndbox></object><object><name>disease</name><bndbox><xmin>55</xmin><ymin>78</ymin><xmax>84</xmax><ymax>108</ymax></bndbox></object><object><name>disease</name><bndbox><xmin>14</xmin><ymin>125</ymin><xmax>55</xmax><ymax>200</ymax></bndbox></object><object><name>disease</name><bndbox><xmin>115</xmin><ymin>98</ymin><xmax>130</xmax><ymax>117</ymax></bndbox></object><object><name>disease</name><bndbox><xmin>44</xmin><ymin>26</ymin><xmax>63</xmax><ymax>58</ymax></bndbox></object><object><name>disease</name><bndbox><xmin>74</xmin><ymin>149</ymin><xmax>88</xmax><ymax>167</ymax></bndbox></object><object><name>disease</name><bndbox><xmin>35</xmin><ymin>3</ymin><xmax>75</xmax><ymax>68</ymax></bndbox></object><object><name>disease</name><bndbox><xmin>160</xmin><ymin>114</ymin><xmax>189</xmax><ymax>131</ymax></bndbox></object><object><name>disease</name><bndbox><xmin>64</xmin><ymin>141</ymin><xmax>85</xmax><ymax>165</ymax></bndbox></object><object><name>disease</name><bndbox><xmin>13</xmin><ymin>204</ymin><xmax>32</xmax><ymax>218</ymax></bndbox></object></annotation>