<annotation><filename>images (24).jpg</filename><size><width>224</width><height>224</height><depth>3</depth></size><object><name>disease</name><bndbox><xmin>201</xmin><ymin>147</ymin><xmax>217</xmax><ymax>168</ymax></bndbox></object><object><name>disease</name><bndbox><xmin>116</xmin><ymin>80</ymin><xmax>136</xmax><ymax>99</ymax></bndbox></object><object><name>disease</name><bndbox><xmin>155</xmin><ymin>104</ymin><xmax>175</xmax><ymax>117</ymax></bndbox></object><object><name>disease</name><bndbox><xmin>158</xmin><ymin>84</ymin><xmax>197</xmax><ymax>104</ymax></bndbox></object><object><name>disease</name><bndbox><xmin>129</xmin><ymin>137</ymin><xmax>154</xmax><ymax>173</ymax></bndbox></object><object><name>disease</name><bndbox><xmin>162</xmin><ymin>135</ymin><xmax>175</xmax><ymax>145</ymax></bndbox></object><object><name>disease</name><bndbox><xmin>10</xmin><ymin>12</ymin><xmax>55</xmax><ymax>35</ymax></bndbox></object><object><name>disease</name><bndbox><xmin>112</xmin><ymin>62</ymin><xmax>126</xmax><ymax>77</ymax></bndbox></object><object><name>disease</name><bndbox><xmin>144</xmin><ymin>42</ymin><xmax>163</xmax><ymax>56</ymax></bndbox></object><object><name>disease</name><bndbox><xmin>89</xmin><ymin>36</ymin><xmax>102</xmax><ymax>52</ymax></bndbox></object><object><name>disease</name><bndbox><xmin>159</xmin><ymin>180</ymin><xmax>179</xmax><ymax>199</ymax></bndbox></object><object><name>disease</name><bndbox><xmin>23</xmin><ymin>9</ymin><xmax>44</xmax><ymax>35</ymax></bndbox></object><object><name>disease</name><bndbox><xmin>171</xmin><ymin>152</ymin><xmax>181</xmax><ymax>163</ymax></bndbox></object><object><name>disease</name><bndbox><xmin>126</xmin><ymin>117</ymin><xmax>137</xmax><ymax>134</ymax></bndbox></object><object><name>disease</name><bndbox><xmin>143</xmin><ymin>34</ymin><xmax>164</xmax><ymax>61</ymax></bndbox></object><object><name>disease</name><bndbox><xmin>180</xmin><ymin>114</ymin><xmax>199</xmax><ymax>132</ymax></bndbox></object><object><name>disease</name><bndbox><xmin>196</xmin><ymin>175</ymin><xmax>207</xmax><ymax>197</ymax></bndbox></object><object><name>disease</name><bndbox><xmin>144</xmin><ymin>58</ymin><xmax>154</xmax><ymax>70</ymax></bndbox></object><object><name>disease</name><bndbox><xmin>172</xmin><ymin>121</ymin><xmax>181</xmax><ymax>132</ymax></bndbox></object><object><name>disease</name><bndbox><xmin>152</xmin><ymin>175</ymin><xmax>163</xmax><ymax>186</ymax></bndbox></object></annotation>