<annotation><filename>images (2).jpg</filename><size><width>224</width><height>224</height><depth>3</depth></size><object><name>disease</name><bndbox><xmin>171</xmin><ymin>154</ymin><xmax>211</xmax><ymax>192</ymax></bndbox></object><object><name>disease</name><bndbox><xmin>56</xmin><ymin>157</ymin><xmax>75</xmax><ymax>175</ymax></bndbox></object><object><name>disease</name><bndbox><xmin>69</xmin><ymin>134</ymin><xmax>87</xmax><ymax>150</ymax></bndbox></object><object><name>disease</name><bndbox><xmin>165</xmin><ymin>109</ymin><xmax>187</xmax><ymax>129</ymax></bndbox></object><object><name>disease</name><bndbox><xmin>57</xmin><ymin>181</ymin><xmax>87</xmax><ymax>202</ymax></bndbox></object><object><name>disease</name><bndbox><xmin>149</xmin><ymin>31</ymin><xmax>163</xmax><ymax>51</ymax></bndbox></object><object><name>disease</name><bndbox><xmin>0</xmin><ymin>133</ymin><xmax>10</xmax><ymax>158</ymax></bndbox></object><object><name>disease</name><bndbox><xmin>10</xmin><ymin>160</ymin><xmax>26</xmax><ymax>173</ymax></bndbox></object><object><name>disease</name><bndbox><xmin>118</xmin><ymin>193</ymin><xmax>144</xmax><ymax>210</ymax></bndbox></object><object><name>disease</name><bndbox><xmin>160</xmin><ymin>75</ymin><xmax>181</xmax><ymax>97</ymax></bndbox></object><object><name>disease</name><bndbox><xmin>12</xmin><ymin>124</ymin><xmax>30</xmax><ymax>135</ymax></bndbox></object><object><name>disease</name><bndbox><xmin>59</xmin><ymin>115</ymin><xmax>71</xmax><ymax>129</ymax></bndbox></object><object><name>disease</name><bndbox><xmin>202</xmin><ymin>107</ymin><xmax>215</xmax><ymax>131</ymax></bndbox></object><object><name>disease</name><bndbox><xmin>81</xmin><ymin>67</ymin><xmax>91</xmax><ymax>77</ymax></bndbox></object></annotation>