<annotation><filename>image (16).jpg</filename><size><width>224</width><height>224</height><depth>3</depth></size><object><name>disease</name><bndbox><xmin>59</xmin><ymin>146</ymin><xmax>81</xmax><ymax>178</ymax></bndbox></object><object><name>disease</name><bndbox><xmin>122</xmin><ymin>7</ymin><xmax>162</xmax><ymax>39</ymax></bndbox></object><object><name>disease</name><bndbox><xmin>144</xmin><ymin>44</ymin><xmax>193</xmax><ymax>70</ymax></bndbox></object><object><name>disease</name><bndbox><xmin>111</xmin><ymin>111</ymin><xmax>135</xmax><ymax>151</ymax></bndbox></object><object><name>disease</name><bndbox><xmin>118</xmin><ymin>167</ymin><xmax>135</xmax><ymax>183</ymax></bndbox></object><object><name>disease</name><bndbox><xmin>169</xmin><ymin>72</ymin><xmax>194</xmax><ymax>101</ymax></bndbox></object><object><name>disease</name><bndbox><xmin>107</xmin><ymin>48</ymin><xmax>117</xmax><ymax>65</ymax></bndbox></object><object><name>disease</name><bndbox><xmin>128</xmin><ymin>69</ymin><xmax>142</xmax><ymax>90</ymax></bndbox></object><object><name>disease</name><bndbox><xmin>177</xmin><ymin>16</ymin><xmax>195</xmax><ymax>41</ymax></bndbox></object><object><name>disease</name><bndbox><xmin>46</xmin><ymin>15</ymin><xmax>94</xmax><ymax>81</ymax></bndbox></object><object><name>disease</name><bndbox><xmin>133</xmin><ymin>11</ymin><xmax>156</xmax><ymax>32</ymax></bndbox></object></annotation>