<annotation><filename>image (43).jpg</filename><size><width>224</width><height>224</height><depth>3</depth></size><object><name>disease</name><bndbox><xmin>157</xmin><ymin>127</ymin><xmax>181</xmax><ymax>154</ymax></bndbox></object><object><name>disease</name><bndbox><xmin>76</xmin><ymin>174</ymin><xmax>91</xmax><ymax>188</ymax></bndbox></object><object><name>disease</name><bndbox><xmin>137</xmin><ymin>119</ymin><xmax>151</xmax><ymax>145</ymax></bndbox></object><object><name>disease</name><bndbox><xmin>55</xmin><ymin>172</ymin><xmax>95</xmax><ymax>214</ymax></bndbox></object><object><name>disease</name><bndbox><xmin>82</xmin><ymin>99</ymin><xmax>99</xmax><ymax>122</ymax></bndbox></object><object><name>disease</name><bndbox><xmin>37</xmin><ymin>35</ymin><xmax>75</xmax><ymax>95</ymax></bndbox></object><object><name>disease</name><bndbox><xmin>146</xmin><ymin>79</ymin><xmax>164</xmax><ymax>98</ymax></bndbox></object><object><name>disease</name><bndbox><xmin>93</xmin><ymin>183</ymin><xmax>128</xmax><ymax>218</ymax></bndbox></object><object><name>disease</name><bndbox><xmin>122</xmin><ymin>4</ymin><xmax>160</xmax><ymax>43</ymax></bndbox></object></annotation>