<annotation><filename>images (35).jpg</filename><size><width>224</width><height>224</height><depth>3</depth></size><object><name>disease</name><bndbox><xmin>149</xmin><ymin>171</ymin><xmax>169</xmax><ymax>195</ymax></bndbox></object><object><name>disease</name><bndbox><xmin>1</xmin><ymin>145</ymin><xmax>28</xmax><ymax>175</ymax></bndbox></object><object><name>disease</name><bndbox><xmin>164</xmin><ymin>88</ymin><xmax>202</xmax><ymax>128</ymax></bndbox></object><object><name>disease</name><bndbox><xmin>158</xmin><ymin>53</ymin><xmax>188</xmax><ymax>74</ymax></bndbox></object><object><name>disease</name><bndbox><xmin>36</xmin><ymin>86</ymin><xmax>53</xmax><ymax>100</ymax></bndbox></object><object><name>disease</name><bndbox><xmin>157</xmin><ymin>212</ymin><xmax>180</xmax><ymax>224</ymax></bndbox></object><object><name>disease</name><bndbox><xmin>137</xmin><ymin>133</ymin><xmax>156</xmax><ymax>145</ymax></bndbox></object><object><name>disease</name><bndbox><xmin>150</xmin><ymin>146</ymin><xmax>168</xmax><ymax>160</ymax></bndbox></object><object><name>disease</name><bndbox><xmin>169</xmin><ymin>156</ymin><xmax>193</xmax><ymax>176</ymax></bndbox></object><object><name>disease</name><bndbox><xmin>183</xmin><ymin>185</ymin><xmax>199</xmax><ymax>201</ymax></bndbox></object><object><name>disease</name><bndbox><xmin>89</xmin><ymin>108</ymin><xmax>104</xmax><ymax>124</ymax></bndbox></object><object><name>disease</name><bndbox><xmin>109</xmin><ymin>77</ymin><xmax>135</xmax><ymax>96</ymax></bndbox></object><object><name>disease</name><bndbox><xmin>20</xmin><ymin>117</ymin><xmax>43</xmax><ymax>137</ymax></bndbox></object><object><name>disease</name><bndbox><xmin>183</xmin><ymin>112</ymin><xmax>217</xmax><ymax>146</ymax></bndbox></object><object><name>disease</name><bndbox><xmin>2</xmin><ymin>85</ymin><xmax>15</xmax><ymax>98</ymax></bndbox></object><object><name>disease</name><bndbox><xmin>127</xmin><ymin>187</ymin><xmax>145</xmax><ymax>201</ymax></bndbox></object><object><name>disease</name><bndbox><xmin>157</xmin><ymin>84</ymin><xmax>176</xmax><ymax>97</ymax></bndbox></object><object><name>disease</name><bndbox><xmin>74</xmin><ymin>148</ymin><xmax>89</xmax><ymax>175</ymax></bndbox></object><object><name>disease</name><bndbox><xmin>139</xmin><ymin>49</ymin><xmax>155</xmax><ymax>61</ymax></bndbox></object><object><name>disease</name><bndbox><xmin>198</xmin><ymin>184</ymin><xmax>211</xmax><ymax>201</ymax></bndbox></object><object><name>disease</name><bndbox><xmin>116</xmin><ymin>85</ymin><xmax>133</xmax><ymax>95</ymax></bndbox></object></annotation>