<annotation><filename>image (28).jpg</filename><size><width>224</width><height>224</height><depth>3</depth></size><object><name>disease</name><bndbox><xmin>27</xmin><ymin>93</ymin><xmax>52</xmax><ymax>135</ymax></bndbox></object><object><name>disease</name><bndbox><xmin>42</xmin><ymin>141</ymin><xmax>77</xmax><ymax>166</ymax></bndbox></object><object><name>disease</name><bndbox><xmin>97</xmin><ymin>188</ymin><xmax>128</xmax><ymax>219</ymax></bndbox></object><object><name>disease</name><bndbox><xmin>141</xmin><ymin>7</ymin><xmax>160</xmax><ymax>23</ymax></bndbox></object><object><name>disease</name><bndbox><xmin>182</xmin><ymin>155</ymin><xmax>210</xmax><ymax>195</ymax></bndbox></object><object><name>disease</name><bndbox><xmin>100</xmin><ymin>153</ymin><xmax>136</xmax><ymax>220</ymax></bndbox></object><object><name>disease</name><bndbox><xmin>108</xmin><ymin>75</ymin><xmax>119</xmax><ymax>87</ymax></bndbox></object><object><name>disease</name><bndbox><xmin>164</xmin><ymin>86</ymin><xmax>176</xmax><ymax>107</ymax></bndbox></object></annotation>