<annotation><filename>images (42).jpg</filename><size><width>224</width><height>224</height><depth>3</depth></size><object><name>disease</name><bndbox><xmin>40</xmin><ymin>5</ymin><xmax>56</xmax><ymax>33</ymax></bndbox></object><object><name>disease</name><bndbox><xmin>84</xmin><ymin>111</ymin><xmax>101</xmax><ymax>131</ymax></bndbox></object><object><name>disease</name><bndbox><xmin>67</xmin><ymin>193</ymin><xmax>84</xmax><ymax>213</ymax></bndbox></object><object><name>disease</name><bndbox><xmin>65</xmin><ymin>140</ymin><xmax>92</xmax><ymax>158</ymax></bndbox></object><object><name>disease</name><bndbox><xmin>23</xmin><ymin>110</ymin><xmax>43</xmax><ymax>134</ymax></bndbox></object><object><name>disease</name><bndbox><xmin>70</xmin><ymin>174</ymin><xmax>90</xmax><ymax>191</ymax></bndbox></object><object><name>disease</name><bndbox><xmin>36</xmin><ymin>155</ymin><xmax>61</xmax><ymax>184</ymax></bndbox></object><object><name>disease</name><bndbox><xmin>58</xmin><ymin>0</ymin><xmax>82</xmax><ymax>17</ymax></bndbox></object><object><name>disease</name><bndbox><xmin>116</xmin><ymin>66</ymin><xmax>132</xmax><ymax>85</ymax></bndbox></object><object><name>disease</name><bndbox><xmin>171</xmin><ymin>142</ymin><xmax>185</xmax><ymax>164</ymax></bndbox></object><object><name>disease</name><bndbox><xmin>103</xmin><ymin>128</ymin><xmax>122</xmax><ymax>154</ymax></bndbox></object><object><name>disease</name><bndbox><xmin>160</xmin><ymin>151</ymin><xmax>172</xmax><ymax>171</ymax></bndbox></object><object><name>disease</name><bndbox><xmin>137</xmin><ymin>148</ymin><xmax>149</xmax><ymax>166</ymax></bndbox></object><object><name>disease</name><bndbox><xmin>145</xmin><ymin>106</ymin><xmax>158</xmax><ymax>127</ymax></bndbox></object><object><name>disease</name><bndbox><xmin>43</xmin><ymin>35</ymin><xmax>68</xmax><ymax>67</ymax></bndbox></object><object><name>disease</name><bndbox><xmin>118</xmin><ymin>94</ymin><xmax>133</xmax><ymax>111</ymax></bndbox></object><object><name>disease</name><bndbox><xmin>159</xmin><ymin>116</ymin><xmax>171</xmax><ymax>135</ymax></bndbox></object><object><name>disease</name><bndbox><xmin>12</xmin><ymin>176</ymin><xmax>39</xmax><ymax>208</ymax></bndbox></object><object><name>disease</name><bndbox><xmin>25</xmin><ymin>194</ymin><xmax>38</xmax><ymax>207</ymax></bndbox></object><object><name>disease</name><bndbox><xmin>102</xmin><ymin>161</ymin><xmax>118</xmax><ymax>196</ymax></bndbox></object><object><name>disease</name><bndbox><xmin>46</xmin><ymin>36</ymin><xmax>69</xmax><ymax>54</ymax></bndbox></object><object><name>disease</name><bndbox><xmin>115</xmin><ymin>58</ymin><xmax>138</xmax><ymax>88</ymax></bndbox></object><object><name>disease</name><bndbox><xmin>82</xmin><ymin>98</ymin><xmax>101</xmax><ymax>136</ymax></bndbox></object><object><name>disease</name><bndbox><xmin>61</xmin><ymin>152</ymin><xmax>72</xmax><ymax>167</ymax></bndbox></object></annotation>