<annotation><filename>image (29).jpg</filename><size><width>224</width><height>224</height><depth>3</depth></size><object><name>disease</name><bndbox><xmin>173</xmin><ymin>100</ymin><xmax>201</xmax><ymax>132</ymax></bndbox></object><object><name>disease</name><bndbox><xmin>160</xmin><ymin>118</ymin><xmax>175</xmax><ymax>132</ymax></bndbox></object><object><name>disease</name><bndbox><xmin>16</xmin><ymin>113</ymin><xmax>55</xmax><ymax>157</ymax></bndbox></object><object><name>disease</name><bndbox><xmin>114</xmin><ymin>111</ymin><xmax>155</xmax><ymax>155</ymax></bndbox></object><object><name>disease</name><bndbox><xmin>202</xmin><ymin>158</ymin><xmax>211</xmax><ymax>169</ymax></bndbox></object><object><name>disease</name><bndbox><xmin>12</xmin><ymin>52</ymin><xmax>60</xmax><ymax>166</ymax></bndbox></object><object><name>disease</name><bndbox><xmin>49</xmin><ymin>45</ymin><xmax>76</xmax><ymax>82</ymax></bndbox></object><object><name>disease</name><bndbox><xmin>111</xmin><ymin>64</ymin><xmax>130</xmax><ymax>86</ymax></bndbox></object><object><name>disease</name><bndbox><xmin>7</xmin><ymin>31</ymin><xmax>112</xmax><ymax>187</ymax></bndbox></object><object><name>disease</name><bndbox><xmin>64</xmin><ymin>125</ymin><xmax>102</xmax><ymax>163</ymax></bndbox></object><object><name>disease</name><bndbox><xmin>116</xmin><ymin>109</ymin><xmax>172</xmax><ymax>174</ymax></bndbox></object><object><name>disease</name><bndbox><xmin>110</xmin><ymin>62</ymin><xmax>134</xmax><ymax>100</ymax></bndbox></object><object><name>disease</name><bndbox><xmin>50</xmin><ymin>46</ymin><xmax>68</xmax><ymax>69</ymax></bndbox></object></annotation>