<annotation><filename>image (8).jpg</filename><size><width>224</width><height>224</height><depth>3</depth></size><object><name>disease</name><bndbox><xmin>70</xmin><ymin>82</ymin><xmax>90</xmax><ymax>115</ymax></bndbox></object><object><name>disease</name><bndbox><xmin>126</xmin><ymin>155</ymin><xmax>142</xmax><ymax>178</ymax></bndbox></object><object><name>disease</name><bndbox><xmin>86</xmin><ymin>124</ymin><xmax>107</xmax><ymax>151</ymax></bndbox></object><object><name>disease</name><bndbox><xmin>119</xmin><ymin>199</ymin><xmax>143</xmax><ymax>213</ymax></bndbox></object><object><name>disease</name><bndbox><xmin>33</xmin><ymin>20</ymin><xmax>86</xmax><ymax>123</ymax></bndbox></object><object><name>disease</name><bndbox><xmin>43</xmin><ymin>24</ymin><xmax>73</xmax><ymax>64</ymax></bndbox></object></annotation>