<annotation><filename>image (38).jpg</filename><size><width>224</width><height>224</height><depth>3</depth></size><object><name>disease</name><bndbox><xmin>137</xmin><ymin>134</ymin><xmax>154</xmax><ymax>173</ymax></bndbox></object><object><name>disease</name><bndbox><xmin>127</xmin><ymin>186</ymin><xmax>150</xmax><ymax>220</ymax></bndbox></object><object><name>disease</name><bndbox><xmin>120</xmin><ymin>164</ymin><xmax>130</xmax><ymax>181</ymax></bndbox></object><object><name>disease</name><bndbox><xmin>168</xmin><ymin>17</ymin><xmax>201</xmax><ymax>59</ymax></bndbox></object><object><name>disease</name><bndbox><xmin>166</xmin><ymin>111</ymin><xmax>179</xmax><ymax>134</ymax></bndbox></object><object><name>disease</name><bndbox><xmin>147</xmin><ymin>87</ymin><xmax>169</xmax><ymax>131</ymax></bndbox></object><object><name>disease</name><bndbox><xmin>65</xmin><ymin>16</ymin><xmax>77</xmax><ymax>39</ymax></bndbox></object><object><name>disease</name><bndbox><xmin>43</xmin><ymin>159</ymin><xmax>78</xmax><ymax>208</ymax></bndbox></object><object><name>disease</name><bndbox><xmin>177</xmin><ymin>133</ymin><xmax>186</xmax><ymax>145</ymax></bndbox></object></annotation>