<annotation><filename>images (23).jpg</filename><size><width>224</width><height>224</height><depth>3</depth></size><object><name>disease</name><bndbox><xmin>176</xmin><ymin>111</ymin><xmax>207</xmax><ymax>140</ymax></bndbox></object><object><name>disease</name><bndbox><xmin>96</xmin><ymin>97</ymin><xmax>117</xmax><ymax>135</ymax></bndbox></object><object><name>disease</name><bndbox><xmin>143</xmin><ymin>63</ymin><xmax>159</xmax><ymax>91</ymax></bndbox></object><object><name>disease</name><bndbox><xmin>109</xmin><ymin>160</ymin><xmax>128</xmax><ymax>193</ymax></bndbox></object><object><name>disease</name><bndbox><xmin>88</xmin><ymin>90</ymin><xmax>140</xmax><ymax>208</ymax></bndbox></object><object><name>disease</name><bndbox><xmin>139</xmin><ymin>59</ymin><xmax>179</xmax><ymax>131</ymax></bndbox></object><object><name>disease</name><bndbox><xmin>146</xmin><ymin>21</ymin><xmax>185</xmax><ymax>60</ymax></bndbox></object><object><name>disease</name><bndbox><xmin>125</xmin><ymin>10</ymin><xmax>211</xmax><ymax>145</ymax></bndbox></object><object><name>disease</name><bndbox><xmin>140</xmin><ymin>64</ymin><xmax>174</xmax><ymax>92</ymax></bndbox></object><object><name>disease</name><bndbox><xmin>134</xmin><ymin>12</ymin><xmax>201</xmax><ymax>85</ymax></bndbox></object></annotation>