<annotation><filename>images (46).jpg</filename><size><width>224</width><height>224</height><depth>3</depth></size><object><name>disease</name><bndbox><xmin>163</xmin><ymin>88</ymin><xmax>187</xmax><ymax>112</ymax></bndbox></object><object><name>disease</name><bndbox><xmin>10</xmin><ymin>129</ymin><xmax>64</xmax><ymax>206</ymax></bndbox></object><object><name>disease</name><bndbox><xmin>78</xmin><ymin>138</ymin><xmax>103</xmax><ymax>165</ymax></bndbox></object><object><name>disease</name><bndbox><xmin>92</xmin><ymin>11</ymin><xmax>116</xmax><ymax>49</ymax></bndbox></object><object><name>disease</name><bndbox><xmin>167</xmin><ymin>13</ymin><xmax>182</xmax><ymax>45</ymax></bndbox></object><object><name>disease</name><bndbox><xmin>54</xmin><ymin>125</ymin><xmax>75</xmax><ymax>149</ymax></bndbox></object><object><name>disease</name><bndbox><xmin>110</xmin><ymin>113</ymin><xmax>126</xmax><ymax>129</ymax></bndbox></object><object><name>disease</name><bndbox><xmin>142</xmin><ymin>10</ymin><xmax>156</xmax><ymax>35</ymax></bndbox></object><object><name>disease</name><bndbox><xmin>93</xmin><ymin>59</ymin><xmax>107</xmax><ymax>74</ymax></bndbox></object><object><name>disease</name><bndbox><xmin>67</xmin><ymin>95</ymin><xmax>82</xmax><ymax>108</ymax></bndbox></object><object><name>disease</name><bndbox><xmin>144</xmin><ymin>127</ymin><xmax>158</xmax><ymax>142</ymax></bndbox></object><object><name>disease</name><bndbox><xmin>61</xmin><ymin>41</ymin><xmax>75</xmax><ymax>58</ymax></bndbox></object><object><name>disease</name><bndbox><xmin>13</xmin><ymin>111</ymin><xmax>28</xmax><ymax>130</ymax></bndbox></object><object><name>disease</name><bndbox><xmin>73</xmin><ymin>26</ymin><xmax>89</xmax><ymax>49</ymax></bndbox></object><object><name>disease</name><bndbox><xmin>161</xmin><ymin>124</ymin><xmax>174</xmax><ymax>138</ymax></bndbox></object><object><name>disease</name><bndbox><xmin>132</xmin><ymin>150</ymin><xmax>151</xmax><ymax>167</ymax></bndbox></object><object><name>disease</name><bndbox><xmin>102</xmin><ymin>27</ymin><xmax>118</xmax><ymax>48</ymax></bndbox></object><object><name>disease</name><bndbox><xmin>169</xmin><ymin>25</ymin><xmax>180</xmax><ymax>42</ymax></bndbox></object><object><name>disease</name><bndbox><xmin>136</xmin><ymin>9</ymin><xmax>174</xmax><ymax>49</ymax></bndbox></object><object><name>disease</name><bndbox><xmin>141</xmin><ymin>7</ymin><xmax>159</xmax><ymax>45</ymax></bndbox></object><object><name>disease</name><bndbox><xmin>68</xmin><ymin>12</ymin><xmax>124</xmax><ymax>50</ymax></bndbox></object></annotation>