<annotation><filename>image (49).jpg</filename><size><width>224</width><height>224</height><depth>3</depth></size><object><name>disease</name><bndbox><xmin>32</xmin><ymin>142</ymin><xmax>58</xmax><ymax>167</ymax></bndbox></object><object><name>disease</name><bndbox><xmin>17</xmin><ymin>98</ymin><xmax>32</xmax><ymax>123</ymax></bndbox></object><object><name>disease</name><bndbox><xmin>60</xmin><ymin>144</ymin><xmax>106</xmax><ymax>179</ymax></bndbox></object><object><name>disease</name><bndbox><xmin>63</xmin><ymin>63</ymin><xmax>76</xmax><ymax>80</ymax></bndbox></object><object><name>disease</name><bndbox><xmin>0</xmin><ymin>77</ymin><xmax>12</xmax><ymax>119</ymax></bndbox></object><object><name>disease</name><bndbox><xmin>122</xmin><ymin>102</ymin><xmax>201</xmax><ymax>165</ymax></bndbox></object><object><name>disease</name><bndbox><xmin>129</xmin><ymin>74</ymin><xmax>172</xmax><ymax>109</ymax></bndbox></object><object><name>disease</name><bndbox><xmin>197</xmin><ymin>149</ymin><xmax>207</xmax><ymax>161</ymax></bndbox></object><object><name>disease</name><bndbox><xmin>68</xmin><ymin>40</ymin><xmax>104</xmax><ymax>71</ymax></bndbox></object><object><name>disease</name><bndbox><xmin>31</xmin><ymin>52</ymin><xmax>48</xmax><ymax>73</ymax></bndbox></object><object><name>disease</name><bndbox><xmin>24</xmin><ymin>53</ymin><xmax>47</xmax><ymax>81</ymax></bndbox></object><object><name>disease</name><bndbox><xmin>76</xmin><ymin>42</ymin><xmax>99</xmax><ymax>66</ymax></bndbox></object><object><name>disease</name><bndbox><xmin>46</xmin><ymin>106</ymin><xmax>66</xmax><ymax>155</ymax></bndbox></object><object><name>disease</name><bndbox><xmin>135</xmin><ymin>84</ymin><xmax>167</xmax><ymax>103</ymax></bndbox></object><object><name>disease</name><bndbox><xmin>27</xmin><ymin>181</ymin><xmax>47</xmax><ymax>206</ymax></bndbox></object></annotation>