<annotation><filename>image (513).jpg</filename><size><width>224</width><height>224</height><depth>3</depth></size><object><name>disease</name><bndbox><xmin>115</xmin><ymin>36</ymin><xmax>135</xmax><ymax>77</ymax></bndbox></object><object><name>disease</name><bndbox><xmin>153</xmin><ymin>32</ymin><xmax>180</xmax><ymax>75</ymax></bndbox></object><object><name>disease</name><bndbox><xmin>32</xmin><ymin>12</ymin><xmax>76</xmax><ymax>127</ymax></bndbox></object><object><name>disease</name><bndbox><xmin>73</xmin><ymin>170</ymin><xmax>98</xmax><ymax>206</ymax></bndbox></object><object><name>disease</name><bndbox><xmin>89</xmin><ymin>40</ymin><xmax>106</xmax><ymax>78</ymax></bndbox></object><object><name>disease</name><bndbox><xmin>73</xmin><ymin>130</ymin><xmax>103</xmax><ymax>173</ymax></bndbox></object><object><name>disease</name><bndbox><xmin>83</xmin><ymin>147</ymin><xmax>102</xmax><ymax>171</ymax></bndbox></object><object><name>disease</name><bndbox><xmin>23</xmin><ymin>137</ymin><xmax>49</xmax><ymax>216</ymax></bndbox></object><object><name>disease</name><bndbox><xmin>95</xmin><ymin>91</ymin><xmax>114</xmax><ymax>139</ymax></bndbox></object><object><name>disease</name><bndbox><xmin>74</xmin><ymin>128</ymin><xmax>92</xmax><ymax>166</ymax></bndbox></object><object><name>disease</name><bndbox><xmin>38</xmin><ymin>17</ymin><xmax>69</xmax><ymax>80</ymax></bndbox></object><object><name>disease</name><bndbox><xmin>110</xmin><ymin>86</ymin><xmax>127</xmax><ymax>107</ymax></bndbox></object><object><name>disease</name><bndbox><xmin>120</xmin><ymin>128</ymin><xmax>131</xmax><ymax>146</ymax></bndbox></object><object><name>disease</name><bndbox><xmin>83</xmin><ymin>34</ymin><xmax>128</xmax><ymax>139</ymax></bndbox></object><object><name>disease</name><bndbox><xmin>149</xmin><ymin>63</ymin><xmax>186</xmax><ymax>219</ymax></bndbox></object></annotation>