<annotation><filename>image (41).jpg</filename><size><width>224</width><height>224</height><depth>3</depth></size><object><name>disease</name><bndbox><xmin>131</xmin><ymin>96</ymin><xmax>153</xmax><ymax>139</ymax></bndbox></object><object><name>disease</name><bndbox><xmin>162</xmin><ymin>7</ymin><xmax>177</xmax><ymax>32</ymax></bndbox></object><object><name>disease</name><bndbox><xmin>83</xmin><ymin>7</ymin><xmax>108</xmax><ymax>28</ymax></bndbox></object><object><name>disease</name><bndbox><xmin>67</xmin><ymin>81</ymin><xmax>91</xmax><ymax>119</ymax></bndbox></object><object><name>disease</name><bndbox><xmin>145</xmin><ymin>56</ymin><xmax>170</xmax><ymax>91</ymax></bndbox></object><object><name>disease</name><bndbox><xmin>179</xmin><ymin>54</ymin><xmax>194</xmax><ymax>89</ymax></bndbox></object><object><name>disease</name><bndbox><xmin>88</xmin><ymin>61</ymin><xmax>129</xmax><ymax>105</ymax></bndbox></object><object><name>disease</name><bndbox><xmin>31</xmin><ymin>147</ymin><xmax>58</xmax><ymax>216</ymax></bndbox></object><object><name>disease</name><bndbox><xmin>148</xmin><ymin>180</ymin><xmax>167</xmax><ymax>201</ymax></bndbox></object><object><name>disease</name><bndbox><xmin>121</xmin><ymin>94</ymin><xmax>137</xmax><ymax>114</ymax></bndbox></object><object><name>disease</name><bndbox><xmin>119</xmin><ymin>160</ymin><xmax>148</xmax><ymax>193</ymax></bndbox></object><object><name>disease</name><bndbox><xmin>34</xmin><ymin>29</ymin><xmax>51</xmax><ymax>57</ymax></bndbox></object></annotation>