<annotation><filename>images (49).jpg</filename><size><width>224</width><height>224</height><depth>3</depth></size><object><name>disease</name><bndbox><xmin>120</xmin><ymin>101</ymin><xmax>137</xmax><ymax>123</ymax></bndbox></object><object><name>disease</name><bndbox><xmin>200</xmin><ymin>67</ymin><xmax>218</xmax><ymax>96</ymax></bndbox></object><object><name>disease</name><bndbox><xmin>94</xmin><ymin>53</ymin><xmax>113</xmax><ymax>79</ymax></bndbox></object><object><name>disease</name><bndbox><xmin>183</xmin><ymin>17</ymin><xmax>208</xmax><ymax>46</ymax></bndbox></object><object><name>disease</name><bndbox><xmin>146</xmin><ymin>142</ymin><xmax>159</xmax><ymax>164</ymax></bndbox></object><object><name>disease</name><bndbox><xmin>159</xmin><ymin>13</ymin><xmax>214</xmax><ymax>45</ymax></bndbox></object><object><name>disease</name><bndbox><xmin>48</xmin><ymin>156</ymin><xmax>62</xmax><ymax>172</ymax></bndbox></object></annotation>