<annotation><filename>image (511).jpg</filename><size><width>224</width><height>224</height><depth>3</depth></size><object><name>disease</name><bndbox><xmin>119</xmin><ymin>145</ymin><xmax>140</xmax><ymax>178</ymax></bndbox></object><object><name>disease</name><bndbox><xmin>126</xmin><ymin>166</ymin><xmax>150</xmax><ymax>192</ymax></bndbox></object><object><name>disease</name><bndbox><xmin>32</xmin><ymin>9</ymin><xmax>84</xmax><ymax>69</ymax></bndbox></object><object><name>disease</name><bndbox><xmin>41</xmin><ymin>163</ymin><xmax>54</xmax><ymax>185</ymax></bndbox></object><object><name>disease</name><bndbox><xmin>102</xmin><ymin>5</ymin><xmax>138</xmax><ymax>87</ymax></bndbox></object><object><name>disease</name><bndbox><xmin>43</xmin><ymin>117</ymin><xmax>57</xmax><ymax>146</ymax></bndbox></object><object><name>disease</name><bndbox><xmin>38</xmin><ymin>37</ymin><xmax>62</xmax><ymax>64</ymax></bndbox></object><object><name>disease</name><bndbox><xmin>85</xmin><ymin>28</ymin><xmax>106</xmax><ymax>58</ymax></bndbox></object><object><name>disease</name><bndbox><xmin>149</xmin><ymin>50</ymin><xmax>171</xmax><ymax>107</ymax></bndbox></object><object><name>disease</name><bndbox><xmin>80</xmin><ymin>87</ymin><xmax>114</xmax><ymax>133</ymax></bndbox></object></annotation>