<annotation><filename>images (5).jpg</filename><size><width>224</width><height>224</height><depth>3</depth></size><object><name>disease</name><bndbox><xmin>76</xmin><ymin>71</ymin><xmax>92</xmax><ymax>89</ymax></bndbox></object><object><name>disease</name><bndbox><xmin>33</xmin><ymin>42</ymin><xmax>63</xmax><ymax>79</ymax></bndbox></object><object><name>disease</name><bndbox><xmin>25</xmin><ymin>200</ymin><xmax>38</xmax><ymax>214</ymax></bndbox></object><object><name>disease</name><bndbox><xmin>121</xmin><ymin>109</ymin><xmax>146</xmax><ymax>137</ymax></bndbox></object><object><name>disease</name><bndbox><xmin>46</xmin><ymin>136</ymin><xmax>86</xmax><ymax>177</ymax></bndbox></object><object><name>disease</name><bndbox><xmin>5</xmin><ymin>25</ymin><xmax>20</xmax><ymax>40</ymax></bndbox></object><object><name>disease</name><bndbox><xmin>157</xmin><ymin>86</ymin><xmax>174</xmax><ymax>128</ymax></bndbox></object><object><name>disease</name><bndbox><xmin>18</xmin><ymin>85</ymin><xmax>38</xmax><ymax>107</ymax></bndbox></object><object><name>disease</name><bndbox><xmin>92</xmin><ymin>172</ymin><xmax>110</xmax><ymax>201</ymax></bndbox></object><object><name>disease</name><bndbox><xmin>76</xmin><ymin>106</ymin><xmax>119</xmax><ymax>149</ymax></bndbox></object><object><name>disease</name><bndbox><xmin>3</xmin><ymin>16</ymin><xmax>20</xmax><ymax>41</ymax></bndbox></object><object><name>disease</name><bndbox><xmin>181</xmin><ymin>137</ymin><xmax>215</xmax><ymax>168</ymax></bndbox></object><object><name>disease</name><bndbox><xmin>16</xmin><ymin>84</ymin><xmax>51</xmax><ymax>119</ymax></bndbox></object><object><name>disease</name><bndbox><xmin>82</xmin><ymin>107</ymin><xmax>105</xmax><ymax>135</ymax></bndbox></object><object><name>disease</name><bndbox><xmin>112</xmin><ymin>12</ymin><xmax>157</xmax><ymax>49</ymax></bndbox></object><object><name>disease</name><bndbox><xmin>51</xmin><ymin>10</ymin><xmax>86</xmax><ymax>40</ymax></bndbox></object></annotation>