<annotation><filename>images (21).jpg</filename><size><width>224</width><height>224</height><depth>3</depth></size><object><name>disease</name><bndbox><xmin>150</xmin><ymin>169</ymin><xmax>165</xmax><ymax>190</ymax></bndbox></object><object><name>disease</name><bndbox><xmin>90</xmin><ymin>27</ymin><xmax>103</xmax><ymax>39</ymax></bndbox></object><object><name>disease</name><bndbox><xmin>115</xmin><ymin>86</ymin><xmax>149</xmax><ymax>121</ymax></bndbox></object><object><name>disease</name><bndbox><xmin>118</xmin><ymin>95</ymin><xmax>140</xmax><ymax>120</ymax></bndbox></object><object><name>disease</name><bndbox><xmin>151</xmin><ymin>112</ymin><xmax>165</xmax><ymax>127</ymax></bndbox></object><object><name>disease</name><bndbox><xmin>132</xmin><ymin>86</ymin><xmax>146</xmax><ymax>103</ymax></bndbox></object><object><name>disease</name><bndbox><xmin>191</xmin><ymin>70</ymin><xmax>203</xmax><ymax>88</ymax></bndbox></object></annotation>