<annotation><filename>image (30).jpg</filename><size><width>224</width><height>224</height><depth>3</depth></size><object><name>disease</name><bndbox><xmin>60</xmin><ymin>129</ymin><xmax>82</xmax><ymax>144</ymax></bndbox></object><object><name>disease</name><bndbox><xmin>112</xmin><ymin>131</ymin><xmax>129</xmax><ymax>147</ymax></bndbox></object><object><name>disease</name><bndbox><xmin>123</xmin><ymin>61</ymin><xmax>141</xmax><ymax>81</ymax></bndbox></object><object><name>disease</name><bndbox><xmin>107</xmin><ymin>91</ymin><xmax>131</xmax><ymax>127</ymax></bndbox></object><object><name>disease</name><bndbox><xmin>126</xmin><ymin>157</ymin><xmax>136</xmax><ymax>169</ymax></bndbox></object><object><name>disease</name><bndbox><xmin>150</xmin><ymin>154</ymin><xmax>192</xmax><ymax>178</ymax></bndbox></object><object><name>disease</name><bndbox><xmin>67</xmin><ymin>90</ymin><xmax>89</xmax><ymax>128</ymax></bndbox></object><object><name>disease</name><bndbox><xmin>149</xmin><ymin>158</ymin><xmax>168</xmax><ymax>177</ymax></bndbox></object><object><name>disease</name><bndbox><xmin>174</xmin><ymin>43</ymin><xmax>190</xmax><ymax>69</ymax></bndbox></object><object><name>disease</name><bndbox><xmin>210</xmin><ymin>86</ymin><xmax>221</xmax><ymax>104</ymax></bndbox></object><object><name>disease</name><bndbox><xmin>199</xmin><ymin>152</ymin><xmax>211</xmax><ymax>166</ymax></bndbox></object><object><name>disease</name><bndbox><xmin>53</xmin><ymin>60</ymin><xmax>84</xmax><ymax>96</ymax></bndbox></object><object><name>disease</name><bndbox><xmin>37</xmin><ymin>148</ymin><xmax>48</xmax><ymax>158</ymax></bndbox></object><object><name>disease</name><bndbox><xmin>197</xmin><ymin>140</ymin><xmax>217</xmax><ymax>163</ymax></bndbox></object><object><name>disease</name><bndbox><xmin>165</xmin><ymin>151</ymin><xmax>186</xmax><ymax>176</ymax></bndbox></object></annotation>