<annotation><filename>images (30).jpg</filename><size><width>224</width><height>224</height><depth>3</depth></size><object><name>disease</name><bndbox><xmin>104</xmin><ymin>105</ymin><xmax>118</xmax><ymax>122</ymax></bndbox></object><object><name>disease</name><bndbox><xmin>33</xmin><ymin>81</ymin><xmax>55</xmax><ymax>96</ymax></bndbox></object><object><name>disease</name><bndbox><xmin>63</xmin><ymin>135</ymin><xmax>73</xmax><ymax>147</ymax></bndbox></object><object><name>disease</name><bndbox><xmin>66</xmin><ymin>195</ymin><xmax>75</xmax><ymax>210</ymax></bndbox></object><object><name>disease</name><bndbox><xmin>110</xmin><ymin>74</ymin><xmax>122</xmax><ymax>90</ymax></bndbox></object><object><name>disease</name><bndbox><xmin>156</xmin><ymin>90</ymin><xmax>169</xmax><ymax>104</ymax></bndbox></object></annotation>