<annotation><filename>images (40).jpg</filename><size><width>224</width><height>224</height><depth>3</depth></size><object><name>disease</name><bndbox><xmin>125</xmin><ymin>125</ymin><xmax>146</xmax><ymax>152</ymax></bndbox></object><object><name>disease</name><bndbox><xmin>35</xmin><ymin>117</ymin><xmax>50</xmax><ymax>131</ymax></bndbox></object><object><name>disease</name><bndbox><xmin>195</xmin><ymin>124</ymin><xmax>207</xmax><ymax>146</ymax></bndbox></object><object><name>disease</name><bndbox><xmin>111</xmin><ymin>73</ymin><xmax>125</xmax><ymax>85</ymax></bndbox></object><object><name>disease</name><bndbox><xmin>156</xmin><ymin>111</ymin><xmax>171</xmax><ymax>130</ymax></bndbox></object><object><name>disease</name><bndbox><xmin>33</xmin><ymin>6</ymin><xmax>125</xmax><ymax>181</ymax></bndbox></object></annotation>