<annotation><filename>images (8).jpg</filename><size><width>224</width><height>224</height><depth>3</depth></size><object><name>disease</name><bndbox><xmin>37</xmin><ymin>135</ymin><xmax>86</xmax><ymax>172</ymax></bndbox></object><object><name>disease</name><bndbox><xmin>25</xmin><ymin>179</ymin><xmax>51</xmax><ymax>202</ymax></bndbox></object><object><name>disease</name><bndbox><xmin>142</xmin><ymin>177</ymin><xmax>161</xmax><ymax>199</ymax></bndbox></object><object><name>disease</name><bndbox><xmin>117</xmin><ymin>59</ymin><xmax>152</xmax><ymax>86</ymax></bndbox></object><object><name>disease</name><bndbox><xmin>50</xmin><ymin>13</ymin><xmax>64</xmax><ymax>27</ymax></bndbox></object><object><name>disease</name><bndbox><xmin>1</xmin><ymin>150</ymin><xmax>27</xmax><ymax>185</ymax></bndbox></object><object><name>disease</name><bndbox><xmin>130</xmin><ymin>202</ymin><xmax>145</xmax><ymax>220</ymax></bndbox></object><object><name>disease</name><bndbox><xmin>90</xmin><ymin>7</ymin><xmax>139</xmax><ymax>46</ymax></bndbox></object><object><name>disease</name><bndbox><xmin>2</xmin><ymin>79</ymin><xmax>14</xmax><ymax>93</ymax></bndbox></object><object><name>disease</name><bndbox><xmin>54</xmin><ymin>176</ymin><xmax>81</xmax><ymax>196</ymax></bndbox></object><object><name>disease</name><bndbox><xmin>122</xmin><ymin>161</ymin><xmax>136</xmax><ymax>182</ymax></bndbox></object><object><name>disease</name><bndbox><xmin>162</xmin><ymin>147</ymin><xmax>188</xmax><ymax>169</ymax></bndbox></object><object><name>disease</name><bndbox><xmin>64</xmin><ymin>73</ymin><xmax>101</xmax><ymax>102</ymax></bndbox></object><object><name>disease</name><bndbox><xmin>141</xmin><ymin>8</ymin><xmax>193</xmax><ymax>66</ymax></bndbox></object><object><name>disease</name><bndbox><xmin>86</xmin><ymin>176</ymin><xmax>112</xmax><ymax>211</ymax></bndbox></object><object><name>disease</name><bndbox><xmin>101</xmin><ymin>130</ymin><xmax>119</xmax><ymax>156</ymax></bndbox></object><object><name>disease</name><bndbox><xmin>163</xmin><ymin>201</ymin><xmax>178</xmax><ymax>219</ymax></bndbox></object><object><name>disease</name><bndbox><xmin>73</xmin><ymin>127</ymin><xmax>87</xmax><ymax>142</ymax></bndbox></object><object><name>disease</name><bndbox><xmin>96</xmin><ymin>40</ymin><xmax>110</xmax><ymax>54</ymax></bndbox></object><object><name>disease</name><bndbox><xmin>93</xmin><ymin>170</ymin><xmax>115</xmax><ymax>182</ymax></bndbox></object><object><name>disease</name><bndbox><xmin>38</xmin><ymin>137</ymin><xmax>59</xmax><ymax>155</ymax></bndbox></object><object><name>disease</name><bndbox><xmin>190</xmin><ymin>16</ymin><xmax>201</xmax><ymax>32</ymax></bndbox></object><object><name>disease</name><bndbox><xmin>51</xmin><ymin>120</ymin><xmax>62</xmax><ymax>131</ymax></bndbox></object></annotation>