<annotation><filename>image (48).jpg</filename><size><width>224</width><height>224</height><depth>3</depth></size><object><name>disease</name><bndbox><xmin>140</xmin><ymin>72</ymin><xmax>196</xmax><ymax>175</ymax></bndbox></object><object><name>disease</name><bndbox><xmin>0</xmin><ymin>126</ymin><xmax>10</xmax><ymax>147</ymax></bndbox></object><object><name>disease</name><bndbox><xmin>17</xmin><ymin>153</ymin><xmax>30</xmax><ymax>169</ymax></bndbox></object><object><name>disease</name><bndbox><xmin>34</xmin><ymin>100</ymin><xmax>46</xmax><ymax>120</ymax></bndbox></object><object><name>disease</name><bndbox><xmin>40</xmin><ymin>18</ymin><xmax>67</xmax><ymax>45</ymax></bndbox></object><object><name>disease</name><bndbox><xmin>6</xmin><ymin>9</ymin><xmax>26</xmax><ymax>30</ymax></bndbox></object><object><name>disease</name><bndbox><xmin>123</xmin><ymin>111</ymin><xmax>135</xmax><ymax>125</ymax></bndbox></object><object><name>disease</name><bndbox><xmin>129</xmin><ymin>45</ymin><xmax>159</xmax><ymax>75</ymax></bndbox></object><object><name>disease</name><bndbox><xmin>36</xmin><ymin>17</ymin><xmax>82</xmax><ymax>58</ymax></bndbox></object><object><name>disease</name><bndbox><xmin>49</xmin><ymin>161</ymin><xmax>85</xmax><ymax>200</ymax></bndbox></object><object><name>disease</name><bndbox><xmin>66</xmin><ymin>129</ymin><xmax>105</xmax><ymax>163</ymax></bndbox></object><object><name>disease</name><bndbox><xmin>138</xmin><ymin>172</ymin><xmax>152</xmax><ymax>186</ymax></bndbox></object><object><name>disease</name><bndbox><xmin>55</xmin><ymin>163</ymin><xmax>79</xmax><ymax>188</ymax></bndbox></object><object><name>disease</name><bndbox><xmin>70</xmin><ymin>77</ymin><xmax>92</xmax><ymax>99</ymax></bndbox></object><object><name>disease</name><bndbox><xmin>7</xmin><ymin>3</ymin><xmax>45</xmax><ymax>43</ymax></bndbox></object></annotation>