<annotation><filename>images (22).jpg</filename><size><width>224</width><height>224</height><depth>3</depth></size><object><name>disease</name><bndbox><xmin>98</xmin><ymin>108</ymin><xmax>109</xmax><ymax>125</ymax></bndbox></object><object><name>disease</name><bndbox><xmin>128</xmin><ymin>136</ymin><xmax>166</xmax><ymax>161</ymax></bndbox></object><object><name>disease</name><bndbox><xmin>131</xmin><ymin>47</ymin><xmax>156</xmax><ymax>66</ymax></bndbox></object><object><name>disease</name><bndbox><xmin>147</xmin><ymin>70</ymin><xmax>165</xmax><ymax>90</ymax></bndbox></object><object><name>disease</name><bndbox><xmin>61</xmin><ymin>62</ymin><xmax>85</xmax><ymax>87</ymax></bndbox></object><object><name>disease</name><bndbox><xmin>52</xmin><ymin>157</ymin><xmax>64</xmax><ymax>171</ymax></bndbox></object><object><name>disease</name><bndbox><xmin>142</xmin><ymin>68</ymin><xmax>173</xmax><ymax>105</ymax></bndbox></object></annotation>