<annotation><filename>image (51).jpg</filename><size><width>224</width><height>224</height><depth>3</depth></size><object><name>disease</name><bndbox><xmin>151</xmin><ymin>40</ymin><xmax>194</xmax><ymax>63</ymax></bndbox></object><object><name>disease</name><bndbox><xmin>49</xmin><ymin>67</ymin><xmax>67</xmax><ymax>82</ymax></bndbox></object><object><name>disease</name><bndbox><xmin>128</xmin><ymin>146</ymin><xmax>144</xmax><ymax>160</ymax></bndbox></object><object><name>disease</name><bndbox><xmin>152</xmin><ymin>103</ymin><xmax>169</xmax><ymax>120</ymax></bndbox></object><object><name>disease</name><bndbox><xmin>149</xmin><ymin>132</ymin><xmax>165</xmax><ymax>146</ymax></bndbox></object><object><name>disease</name><bndbox><xmin>34</xmin><ymin>43</ymin><xmax>141</xmax><ymax>210</ymax></bndbox></object><object><name>disease</name><bndbox><xmin>182</xmin><ymin>159</ymin><xmax>204</xmax><ymax>180</ymax></bndbox></object><object><name>disease</name><bndbox><xmin>122</xmin><ymin>37</ymin><xmax>136</xmax><ymax>51</ymax></bndbox></object><object><name>disease</name><bndbox><xmin>75</xmin><ymin>47</ymin><xmax>110</xmax><ymax>81</ymax></bndbox></object><object><name>disease</name><bndbox><xmin>124</xmin><ymin>60</ymin><xmax>135</xmax><ymax>76</ymax></bndbox></object><object><name>disease</name><bndbox><xmin>106</xmin><ymin>46</ymin><xmax>118</xmax><ymax>65</ymax></bndbox></object><object><name>disease</name><bndbox><xmin>154</xmin><ymin>19</ymin><xmax>170</xmax><ymax>37</ymax></bndbox></object><object><name>disease</name><bndbox><xmin>70</xmin><ymin>131</ymin><xmax>91</xmax><ymax>143</ymax></bndbox></object></annotation>