<annotation><filename>image (50).jpg</filename><size><width>224</width><height>224</height><depth>3</depth></size><object><name>disease</name><bndbox><xmin>176</xmin><ymin>138</ymin><xmax>207</xmax><ymax>164</ymax></bndbox></object><object><name>disease</name><bndbox><xmin>60</xmin><ymin>78</ymin><xmax>80</xmax><ymax>103</ymax></bndbox></object><object><name>disease</name><bndbox><xmin>87</xmin><ymin>88</ymin><xmax>111</xmax><ymax>106</ymax></bndbox></object><object><name>disease</name><bndbox><xmin>155</xmin><ymin>128</ymin><xmax>167</xmax><ymax>144</ymax></bndbox></object><object><name>disease</name><bndbox><xmin>72</xmin><ymin>154</ymin><xmax>81</xmax><ymax>169</ymax></bndbox></object><object><name>disease</name><bndbox><xmin>147</xmin><ymin>10</ymin><xmax>172</xmax><ymax>32</ymax></bndbox></object><object><name>disease</name><bndbox><xmin>137</xmin><ymin>202</ymin><xmax>153</xmax><ymax>212</ymax></bndbox></object><object><name>disease</name><bndbox><xmin>8</xmin><ymin>194</ymin><xmax>33</xmax><ymax>219</ymax></bndbox></object><object><name>disease</name><bndbox><xmin>11</xmin><ymin>106</ymin><xmax>42</xmax><ymax>131</ymax></bndbox></object><object><name>disease</name><bndbox><xmin>150</xmin><ymin>95</ymin><xmax>164</xmax><ymax>120</ymax></bndbox></object><object><name>disease</name><bndbox><xmin>129</xmin><ymin>178</ymin><xmax>151</xmax><ymax>195</ymax></bndbox></object></annotation>