<annotation><filename>image (44).jpg</filename><size><width>224</width><height>224</height><depth>3</depth></size><object><name>disease</name><bndbox><xmin>54</xmin><ymin>93</ymin><xmax>72</xmax><ymax>118</ymax></bndbox></object><object><name>disease</name><bndbox><xmin>89</xmin><ymin>111</ymin><xmax>105</xmax><ymax>129</ymax></bndbox></object><object><name>disease</name><bndbox><xmin>185</xmin><ymin>105</ymin><xmax>208</xmax><ymax>134</ymax></bndbox></object><object><name>disease</name><bndbox><xmin>124</xmin><ymin>82</ymin><xmax>139</xmax><ymax>107</ymax></bndbox></object><object><name>disease</name><bndbox><xmin>206</xmin><ymin>40</ymin><xmax>221</xmax><ymax>61</ymax></bndbox></object><object><name>disease</name><bndbox><xmin>43</xmin><ymin>64</ymin><xmax>63</xmax><ymax>95</ymax></bndbox></object><object><name>disease</name><bndbox><xmin>85</xmin><ymin>53</ymin><xmax>106</xmax><ymax>89</ymax></bndbox></object><object><name>disease</name><bndbox><xmin>77</xmin><ymin>87</ymin><xmax>96</xmax><ymax>110</ymax></bndbox></object><object><name>disease</name><bndbox><xmin>133</xmin><ymin>96</ymin><xmax>168</xmax><ymax>142</ymax></bndbox></object><object><name>disease</name><bndbox><xmin>93</xmin><ymin>143</ymin><xmax>106</xmax><ymax>166</ymax></bndbox></object><object><name>disease</name><bndbox><xmin>50</xmin><ymin>0</ymin><xmax>69</xmax><ymax>13</ymax></bndbox></object><object><name>disease</name><bndbox><xmin>97</xmin><ymin>77</ymin><xmax>110</xmax><ymax>92</ymax></bndbox></object><object><name>disease</name><bndbox><xmin>42</xmin><ymin>63</ymin><xmax>70</xmax><ymax>111</ymax></bndbox></object></annotation>