<annotation><filename>image (40).jpg</filename><size><width>224</width><height>224</height><depth>3</depth></size><object><name>disease</name><bndbox><xmin>81</xmin><ymin>32</ymin><xmax>98</xmax><ymax>73</ymax></bndbox></object><object><name>disease</name><bndbox><xmin>138</xmin><ymin>100</ymin><xmax>175</xmax><ymax>153</ymax></bndbox></object><object><name>disease</name><bndbox><xmin>42</xmin><ymin>186</ymin><xmax>61</xmax><ymax>209</ymax></bndbox></object><object><name>disease</name><bndbox><xmin>160</xmin><ymin>61</ymin><xmax>184</xmax><ymax>85</ymax></bndbox></object><object><name>disease</name><bndbox><xmin>112</xmin><ymin>14</ymin><xmax>144</xmax><ymax>54</ymax></bndbox></object><object><name>disease</name><bndbox><xmin>128</xmin><ymin>149</ymin><xmax>140</xmax><ymax>170</ymax></bndbox></object><object><name>disease</name><bndbox><xmin>37</xmin><ymin>68</ymin><xmax>83</xmax><ymax>197</ymax></bndbox></object><object><name>disease</name><bndbox><xmin>132</xmin><ymin>97</ymin><xmax>177</xmax><ymax>193</ymax></bndbox></object><object><name>disease</name><bndbox><xmin>117</xmin><ymin>15</ymin><xmax>134</xmax><ymax>48</ymax></bndbox></object><object><name>disease</name><bndbox><xmin>141</xmin><ymin>137</ymin><xmax>163</xmax><ymax>182</ymax></bndbox></object></annotation>