<annotation><filename>image (31).jpg</filename><size><width>224</width><height>224</height><depth>3</depth></size><object><name>disease</name><bndbox><xmin>54</xmin><ymin>154</ymin><xmax>89</xmax><ymax>176</ymax></bndbox></object><object><name>disease</name><bndbox><xmin>134</xmin><ymin>120</ymin><xmax>155</xmax><ymax>146</ymax></bndbox></object><object><name>disease</name><bndbox><xmin>153</xmin><ymin>50</ymin><xmax>193</xmax><ymax>84</ymax></bndbox></object><object><name>disease</name><bndbox><xmin>142</xmin><ymin>159</ymin><xmax>171</xmax><ymax>194</ymax></bndbox></object><object><name>disease</name><bndbox><xmin>41</xmin><ymin>82</ymin><xmax>63</xmax><ymax>103</ymax></bndbox></object><object><name>disease</name><bndbox><xmin>26</xmin><ymin>56</ymin><xmax>60</xmax><ymax>102</ymax></bndbox></object><object><name>disease</name><bndbox><xmin>171</xmin><ymin>51</ymin><xmax>192</xmax><ymax>82</ymax></bndbox></object><object><name>disease</name><bndbox><xmin>68</xmin><ymin>44</ymin><xmax>90</xmax><ymax>61</ymax></bndbox></object><object><name>disease</name><bndbox><xmin>55</xmin><ymin>138</ymin><xmax>88</xmax><ymax>181</ymax></bndbox></object><object><name>disease</name><bndbox><xmin>85</xmin><ymin>65</ymin><xmax>106</xmax><ymax>86</ymax></bndbox></object><object><name>disease</name><bndbox><xmin>170</xmin><ymin>151</ymin><xmax>181</xmax><ymax>169</ymax></bndbox></object></annotation>