<annotation><filename>image (11).jpg</filename><size><width>224</width><height>224</height><depth>3</depth></size><object><name>disease</name><bndbox><xmin>158</xmin><ymin>126</ymin><xmax>177</xmax><ymax>138</ymax></bndbox></object><object><name>disease</name><bndbox><xmin>78</xmin><ymin>143</ymin><xmax>94</xmax><ymax>157</ymax></bndbox></object><object><name>disease</name><bndbox><xmin>95</xmin><ymin>85</ymin><xmax>108</xmax><ymax>95</ymax></bndbox></object><object><name>disease</name><bndbox><xmin>186</xmin><ymin>107</ymin><xmax>198</xmax><ymax>125</ymax></bndbox></object><object><name>disease</name><bndbox><xmin>84</xmin><ymin>113</ymin><xmax>100</xmax><ymax>130</ymax></bndbox></object><object><name>disease</name><bndbox><xmin>185</xmin><ymin>107</ymin><xmax>202</xmax><ymax>138</ymax></bndbox></object><object><name>disease</name><bndbox><xmin>9</xmin><ymin>43</ymin><xmax>36</xmax><ymax>60</ymax></bndbox></object><object><name>disease</name><bndbox><xmin>133</xmin><ymin>121</ymin><xmax>144</xmax><ymax>137</ymax></bndbox></object><object><name>disease</name><bndbox><xmin>119</xmin><ymin>36</ymin><xmax>130</xmax><ymax>48</ymax></bndbox></object><object><name>disease</name><bndbox><xmin>78</xmin><ymin>94</ymin><xmax>89</xmax><ymax>105</ymax></bndbox></object><object><name>disease</name><bndbox><xmin>3</xmin><ymin>8</ymin><xmax>36</xmax><ymax>35</ymax></bndbox></object><object><name>disease</name><bndbox><xmin>59</xmin><ymin>152</ymin><xmax>73</xmax><ymax>167</ymax></bndbox></object><object><name>disease</name><bndbox><xmin>19</xmin><ymin>191</ymin><xmax>32</xmax><ymax>204</ymax></bndbox></object><object><name>disease</name><bndbox><xmin>11</xmin><ymin>13</ymin><xmax>34</xmax><ymax>32</ymax></bndbox></object><object><name>disease</name><bndbox><xmin>21</xmin><ymin>83</ymin><xmax>41</xmax><ymax>113</ymax></bndbox></object></annotation>