<annotation><filename>images (26).jpg</filename><size><width>224</width><height>224</height><depth>3</depth></size><object><name>disease</name><bndbox><xmin>54</xmin><ymin>22</ymin><xmax>79</xmax><ymax>56</ymax></bndbox></object><object><name>disease</name><bndbox><xmin>119</xmin><ymin>39</ymin><xmax>138</xmax><ymax>67</ymax></bndbox></object><object><name>disease</name><bndbox><xmin>117</xmin><ymin>6</ymin><xmax>145</xmax><ymax>28</ymax></bndbox></object><object><name>disease</name><bndbox><xmin>122</xmin><ymin>93</ymin><xmax>153</xmax><ymax>119</ymax></bndbox></object><object><name>disease</name><bndbox><xmin>160</xmin><ymin>19</ymin><xmax>207</xmax><ymax>47</ymax></bndbox></object><object><name>disease</name><bndbox><xmin>209</xmin><ymin>57</ymin><xmax>224</xmax><ymax>101</ymax></bndbox></object><object><name>disease</name><bndbox><xmin>134</xmin><ymin>60</ymin><xmax>143</xmax><ymax>72</ymax></bndbox></object><object><name>disease</name><bndbox><xmin>94</xmin><ymin>37</ymin><xmax>104</xmax><ymax>54</ymax></bndbox></object><object><name>disease</name><bndbox><xmin>74</xmin><ymin>110</ymin><xmax>123</xmax><ymax>193</ymax></bndbox></object><object><name>disease</name><bndbox><xmin>93</xmin><ymin>108</ymin><xmax>123</xmax><ymax>149</ymax></bndbox></object><object><name>disease</name><bndbox><xmin>86</xmin><ymin>14</ymin><xmax>105</xmax><ymax>33</ymax></bndbox></object><object><name>disease</name><bndbox><xmin>16</xmin><ymin>42</ymin><xmax>42</xmax><ymax>78</ymax></bndbox></object></annotation>