<annotation><filename>images.jpg</filename><size><width>224</width><height>224</height><depth>3</depth></size><object><name>disease</name><bndbox><xmin>109</xmin><ymin>171</ymin><xmax>131</xmax><ymax>193</ymax></bndbox></object><object><name>disease</name><bndbox><xmin>12</xmin><ymin>112</ymin><xmax>36</xmax><ymax>148</ymax></bndbox></object><object><name>disease</name><bndbox><xmin>94</xmin><ymin>42</ymin><xmax>117</xmax><ymax>65</ymax></bndbox></object><object><name>disease</name><bndbox><xmin>77</xmin><ymin>67</ymin><xmax>90</xmax><ymax>86</ymax></bndbox></object><object><name>disease</name><bndbox><xmin>138</xmin><ymin>158</ymin><xmax>165</xmax><ymax>174</ymax></bndbox></object><object><name>disease</name><bndbox><xmin>112</xmin><ymin>79</ymin><xmax>148</xmax><ymax>121</ymax></bndbox></object><object><name>disease</name><bndbox><xmin>53</xmin><ymin>84</ymin><xmax>68</xmax><ymax>98</ymax></bndbox></object><object><name>disease</name><bndbox><xmin>61</xmin><ymin>101</ymin><xmax>82</xmax><ymax>129</ymax></bndbox></object><object><name>disease</name><bndbox><xmin>84</xmin><ymin>8</ymin><xmax>94</xmax><ymax>26</ymax></bndbox></object><object><name>disease</name><bndbox><xmin>59</xmin><ymin>35</ymin><xmax>76</xmax><ymax>53</ymax></bndbox></object><object><name>disease</name><bndbox><xmin>113</xmin><ymin>126</ymin><xmax>134</xmax><ymax>163</ymax></bndbox></object><object><name>disease</name><bndbox><xmin>149</xmin><ymin>121</ymin><xmax>167</xmax><ymax>151</ymax></bndbox></object><object><name>disease</name><bndbox><xmin>4</xmin><ymin>179</ymin><xmax>20</xmax><ymax>205</ymax></bndbox></object><object><name>disease</name><bndbox><xmin>138</xmin><ymin>118</ymin><xmax>173</xmax><ymax>150</ymax></bndbox></object></annotation>