<annotation><filename>images (37).jpg</filename><size><width>224</width><height>224</height><depth>3</depth></size><object><name>disease</name><bndbox><xmin>86</xmin><ymin>77</ymin><xmax>99</xmax><ymax>97</ymax></bndbox></object><object><name>disease</name><bndbox><xmin>70</xmin><ymin>53</ymin><xmax>86</xmax><ymax>67</ymax></bndbox></object><object><name>disease</name><bndbox><xmin>144</xmin><ymin>87</ymin><xmax>154</xmax><ymax>99</ymax></bndbox></object><object><name>disease</name><bndbox><xmin>60</xmin><ymin>110</ymin><xmax>82</xmax><ymax>129</ymax></bndbox></object><object><name>disease</name><bndbox><xmin>111</xmin><ymin>47</ymin><xmax>125</xmax><ymax>65</ymax></bndbox></object><object><name>disease</name><bndbox><xmin>107</xmin><ymin>80</ymin><xmax>121</xmax><ymax>93</ymax></bndbox></object><object><name>disease</name><bndbox><xmin>39</xmin><ymin>90</ymin><xmax>53</xmax><ymax>107</ymax></bndbox></object></annotation>