<annotation><filename>images (9).jpg</filename><size><width>224</width><height>224</height><depth>3</depth></size><object><name>disease</name><bndbox><xmin>133</xmin><ymin>105</ymin><xmax>165</xmax><ymax>134</ymax></bndbox></object><object><name>disease</name><bndbox><xmin>185</xmin><ymin>29</ymin><xmax>213</xmax><ymax>52</ymax></bndbox></object><object><name>disease</name><bndbox><xmin>156</xmin><ymin>41</ymin><xmax>199</xmax><ymax>82</ymax></bndbox></object><object><name>disease</name><bndbox><xmin>66</xmin><ymin>42</ymin><xmax>108</xmax><ymax>72</ymax></bndbox></object><object><name>disease</name><bndbox><xmin>49</xmin><ymin>82</ymin><xmax>83</xmax><ymax>107</ymax></bndbox></object><object><name>disease</name><bndbox><xmin>191</xmin><ymin>6</ymin><xmax>211</xmax><ymax>23</ymax></bndbox></object><object><name>disease</name><bndbox><xmin>60</xmin><ymin>173</ymin><xmax>96</xmax><ymax>207</ymax></bndbox></object><object><name>disease</name><bndbox><xmin>72</xmin><ymin>5</ymin><xmax>112</xmax><ymax>35</ymax></bndbox></object><object><name>disease</name><bndbox><xmin>29</xmin><ymin>50</ymin><xmax>55</xmax><ymax>74</ymax></bndbox></object><object><name>disease</name><bndbox><xmin>13</xmin><ymin>100</ymin><xmax>51</xmax><ymax>132</ymax></bndbox></object><object><name>disease</name><bndbox><xmin>7</xmin><ymin>94</ymin><xmax>22</xmax><ymax>118</ymax></bndbox></object><object><name>disease</name><bndbox><xmin>49</xmin><ymin>15</ymin><xmax>73</xmax><ymax>31</ymax></bndbox></object><object><name>disease</name><bndbox><xmin>91</xmin><ymin>101</ymin><xmax>141</xmax><ymax>146</ymax></bndbox></object><object><name>disease</name><bndbox><xmin>25</xmin><ymin>147</ymin><xmax>59</xmax><ymax>172</ymax></bndbox></object><object><name>disease</name><bndbox><xmin>94</xmin><ymin>181</ymin><xmax>109</xmax><ymax>202</ymax></bndbox></object><object><name>disease</name><bndbox><xmin>51</xmin><ymin>135</ymin><xmax>97</xmax><ymax>162</ymax></bndbox></object><object><name>disease</name><bndbox><xmin>148</xmin><ymin>77</ymin><xmax>167</xmax><ymax>100</ymax></bndbox></object><object><name>disease</name><bndbox><xmin>115</xmin><ymin>155</ymin><xmax>137</xmax><ymax>180</ymax></bndbox></object><object><name>disease</name><bndbox><xmin>167</xmin><ymin>2</ymin><xmax>186</xmax><ymax>15</ymax></bndbox></object><object><name>disease</name><bndbox><xmin>32</xmin><ymin>58</ymin><xmax>62</xmax><ymax>75</ymax></bndbox></object><object><name>disease</name><bndbox><xmin>105</xmin><ymin>136</ymin><xmax>139</xmax><ymax>180</ymax></bndbox></object><object><name>disease</name><bndbox><xmin>41</xmin><ymin>148</ymin><xmax>60</xmax><ymax>167</ymax></bndbox></object></annotation>