<annotation><filename>image (20).jpg</filename><size><width>224</width><height>224</height><depth>3</depth></size><object><name>disease</name><bndbox><xmin>82</xmin><ymin>17</ymin><xmax>121</xmax><ymax>51</ymax></bndbox></object><object><name>disease</name><bndbox><xmin>20</xmin><ymin>117</ymin><xmax>39</xmax><ymax>129</ymax></bndbox></object><object><name>disease</name><bndbox><xmin>74</xmin><ymin>140</ymin><xmax>95</xmax><ymax>161</ymax></bndbox></object><object><name>disease</name><bndbox><xmin>47</xmin><ymin>119</ymin><xmax>86</xmax><ymax>154</ymax></bndbox></object><object><name>disease</name><bndbox><xmin>45</xmin><ymin>107</ymin><xmax>102</xmax><ymax>163</ymax></bndbox></object></annotation>