<annotation><filename>image (26).jpg</filename><size><width>224</width><height>224</height><depth>3</depth></size><object><name>disease</name><bndbox><xmin>116</xmin><ymin>154</ymin><xmax>156</xmax><ymax>187</ymax></bndbox></object><object><name>disease</name><bndbox><xmin>49</xmin><ymin>125</ymin><xmax>105</xmax><ymax>174</ymax></bndbox></object><object><name>disease</name><bndbox><xmin>103</xmin><ymin>44</ymin><xmax>116</xmax><ymax>65</ymax></bndbox></object><object><name>disease</name><bndbox><xmin>163</xmin><ymin>29</ymin><xmax>181</xmax><ymax>48</ymax></bndbox></object><object><name>disease</name><bndbox><xmin>76</xmin><ymin>153</ymin><xmax>91</xmax><ymax>171</ymax></bndbox></object><object><name>disease</name><bndbox><xmin>158</xmin><ymin>56</ymin><xmax>195</xmax><ymax>82</ymax></bndbox></object><object><name>disease</name><bndbox><xmin>152</xmin><ymin>100</ymin><xmax>199</xmax><ymax>183</ymax></bndbox></object><object><name>disease</name><bndbox><xmin>167</xmin><ymin>155</ymin><xmax>199</xmax><ymax>181</ymax></bndbox></object><object><name>disease</name><bndbox><xmin>80</xmin><ymin>68</ymin><xmax>99</xmax><ymax>93</ymax></bndbox></object><object><name>disease</name><bndbox><xmin>64</xmin><ymin>18</ymin><xmax>87</xmax><ymax>48</ymax></bndbox></object><object><name>disease</name><bndbox><xmin>62</xmin><ymin>16</ymin><xmax>106</xmax><ymax>52</ymax></bndbox></object><object><name>disease</name><bndbox><xmin>161</xmin><ymin>110</ymin><xmax>193</xmax><ymax>165</ymax></bndbox></object><object><name>disease</name><bndbox><xmin>74</xmin><ymin>44</ymin><xmax>86</xmax><ymax>53</ymax></bndbox></object></annotation>