<annotation><filename>image5.jpg</filename><size><width>224</width><height>224</height><depth>3</depth></size><object><name>disease</name><bndbox><xmin>45</xmin><ymin>127</ymin><xmax>57</xmax><ymax>140</ymax></bndbox></object><object><name>disease</name><bndbox><xmin>178</xmin><ymin>10</ymin><xmax>213</xmax><ymax>40</ymax></bndbox></object><object><name>disease</name><bndbox><xmin>173</xmin><ymin>116</ymin><xmax>192</xmax><ymax>137</ymax></bndbox></object><object><name>disease</name><bndbox><xmin>65</xmin><ymin>10</ymin><xmax>87</xmax><ymax>29</ymax></bndbox></object><object><name>disease</name><bndbox><xmin>200</xmin><ymin>153</ymin><xmax>222</xmax><ymax>183</ymax></bndbox></object><object><name>disease</name><bndbox><xmin>131</xmin><ymin>51</ymin><xmax>190</xmax><ymax>98</ymax></bndbox></object><object><name>disease</name><bndbox><xmin>157</xmin><ymin>154</ymin><xmax>176</xmax><ymax>168</ymax></bndbox></object><object><name>disease</name><bndbox><xmin>78</xmin><ymin>170</ymin><xmax>92</xmax><ymax>185</ymax></bndbox></object><object><name>disease</name><bndbox><xmin>85</xmin><ymin>48</ymin><xmax>106</xmax><ymax>68</ymax></bndbox></object><object><name>disease</name><bndbox><xmin>121</xmin><ymin>139</ymin><xmax>132</xmax><ymax>154</ymax></bndbox></object><object><name>disease</name><bndbox><xmin>134</xmin><ymin>134</ymin><xmax>175</xmax><ymax>170</ymax></bndbox></object><object><name>disease</name><bndbox><xmin>35</xmin><ymin>91</ymin><xmax>52</xmax><ymax>105</ymax></bndbox></object><object><name>disease</name><bndbox><xmin>187</xmin><ymin>182</ymin><xmax>202</xmax><ymax>203</ymax></bndbox></object><object><name>disease</name><bndbox><xmin>117</xmin><ymin>212</ymin><xmax>139</xmax><ymax>224</ymax></bndbox></object><object><name>disease</name><bndbox><xmin>126</xmin><ymin>178</ymin><xmax>178</xmax><ymax>212</ymax></bndbox></object><object><name>disease</name><bndbox><xmin>75</xmin><ymin>176</ymin><xmax>111</xmax><ymax>215</ymax></bndbox></object><object><name>disease</name><bndbox><xmin>48</xmin><ymin>34</ymin><xmax>62</xmax><ymax>49</ymax></bndbox></object><object><name>disease</name><bndbox><xmin>89</xmin><ymin>70</ymin><xmax>101</xmax><ymax>87</ymax></bndbox></object><object><name>disease</name><bndbox><xmin>0</xmin><ymin>119</ymin><xmax>12</xmax><ymax>148</ymax></bndbox></object><object><name>disease</name><bndbox><xmin>99</xmin><ymin>126</ymin><xmax>115</xmax><ymax>154</ymax></bndbox></object><object><name>disease</name><bndbox><xmin>146</xmin><ymin>135</ymin><xmax>164</xmax><ymax>159</ymax></bndbox></object><object><name>disease</name><bndbox><xmin>149</xmin><ymin>21</ymin><xmax>166</xmax><ymax>40</ymax></bndbox></object><object><name>disease</name><bndbox><xmin>82</xmin><ymin>4</ymin><xmax>105</xmax><ymax>26</ymax></bndbox></object><object><name>disease</name><bndbox><xmin>94</xmin><ymin>92</ymin><xmax>114</xmax><ymax>113</ymax></bndbox></object><object><name>disease</name><bndbox><xmin>65</xmin><ymin>93</ymin><xmax>77</xmax><ymax>106</ymax></bndbox></object><object><name>disease</name><bndbox><xmin>52</xmin><ymin>59</ymin><xmax>85</xmax><ymax>93</ymax></bndbox></object><object><name>disease</name><bndbox><xmin>60</xmin><ymin>7</ymin><xmax>109</xmax><ymax>28</ymax></bndbox></object><object><name>disease</name><bndbox><xmin>106</xmin><ymin>61</ymin><xmax>117</xmax><ymax>73</ymax></bndbox></object><object><name>disease</name><bndbox><xmin>147</xmin><ymin>106</ymin><xmax>161</xmax><ymax>129</ymax></bndbox></object><object><name>disease</name><bndbox><xmin>75</xmin><ymin>45</ymin><xmax>114</xmax><ymax>81</ymax></bndbox></object><object><name>disease</name><bndbox><xmin>93</xmin><ymin>118</ymin><xmax>105</xmax><ymax>139</ymax></bndbox></object></annotation>