<annotation><filename>image (52).jpg</filename><size><width>224</width><height>224</height><depth>3</depth></size><object><name>disease</name><bndbox><xmin>86</xmin><ymin>85</ymin><xmax>104</xmax><ymax>122</ymax></bndbox></object><object><name>disease</name><bndbox><xmin>102</xmin><ymin>128</ymin><xmax>127</xmax><ymax>174</ymax></bndbox></object><object><name>disease</name><bndbox><xmin>69</xmin><ymin>184</ymin><xmax>86</xmax><ymax>224</ymax></bndbox></object><object><name>disease</name><bndbox><xmin>182</xmin><ymin>68</ymin><xmax>199</xmax><ymax>116</ymax></bndbox></object><object><name>disease</name><bndbox><xmin>125</xmin><ymin>153</ymin><xmax>154</xmax><ymax>194</ymax></bndbox></object><object><name>disease</name><bndbox><xmin>104</xmin><ymin>82</ymin><xmax>117</xmax><ymax>109</ymax></bndbox></object><object><name>disease</name><bndbox><xmin>74</xmin><ymin>120</ymin><xmax>89</xmax><ymax>164</ymax></bndbox></object></annotation>