<annotation><filename>image (32).jpg</filename><size><width>224</width><height>224</height><depth>3</depth></size><object><name>disease</name><bndbox><xmin>51</xmin><ymin>58</ymin><xmax>79</xmax><ymax>96</ymax></bndbox></object><object><name>disease</name><bndbox><xmin>135</xmin><ymin>123</ymin><xmax>168</xmax><ymax>173</ymax></bndbox></object><object><name>disease</name><bndbox><xmin>150</xmin><ymin>21</ymin><xmax>161</xmax><ymax>31</ymax></bndbox></object><object><name>disease</name><bndbox><xmin>77</xmin><ymin>167</ymin><xmax>86</xmax><ymax>177</ymax></bndbox></object><object><name>disease</name><bndbox><xmin>69</xmin><ymin>97</ymin><xmax>91</xmax><ymax>108</ymax></bndbox></object><object><name>disease</name><bndbox><xmin>79</xmin><ymin>137</ymin><xmax>95</xmax><ymax>146</ymax></bndbox></object></annotation>