<annotation><filename>images (41).jpg</filename><size><width>224</width><height>224</height><depth>3</depth></size><object><name>disease</name><bndbox><xmin>121</xmin><ymin>32</ymin><xmax>138</xmax><ymax>52</ymax></bndbox></object><object><name>disease</name><bndbox><xmin>151</xmin><ymin>84</ymin><xmax>170</xmax><ymax>106</ymax></bndbox></object><object><name>disease</name><bndbox><xmin>79</xmin><ymin>85</ymin><xmax>97</xmax><ymax>116</ymax></bndbox></object><object><name>disease</name><bndbox><xmin>116</xmin><ymin>65</ymin><xmax>131</xmax><ymax>94</ymax></bndbox></object><object><name>disease</name><bndbox><xmin>94</xmin><ymin>45</ymin><xmax>106</xmax><ymax>74</ymax></bndbox></object><object><name>disease</name><bndbox><xmin>137</xmin><ymin>28</ymin><xmax>172</xmax><ymax>67</ymax></bndbox></object><object><name>disease</name><bndbox><xmin>57</xmin><ymin>107</ymin><xmax>72</xmax><ymax>135</ymax></bndbox></object><object><name>disease</name><bndbox><xmin>69</xmin><ymin>116</ymin><xmax>82</xmax><ymax>134</ymax></bndbox></object><object><name>disease</name><bndbox><xmin>85</xmin><ymin>138</ymin><xmax>105</xmax><ymax>161</ymax></bndbox></object><object><name>disease</name><bndbox><xmin>53</xmin><ymin>108</ymin><xmax>83</xmax><ymax>138</ymax></bndbox></object><object><name>disease</name><bndbox><xmin>127</xmin><ymin>162</ymin><xmax>146</xmax><ymax>187</ymax></bndbox></object></annotation>