<annotation><filename>image (501).jpg</filename><size><width>224</width><height>224</height><depth>3</depth></size><object><name>disease</name><bndbox><xmin>122</xmin><ymin>16</ymin><xmax>136</xmax><ymax>36</ymax></bndbox></object><object><name>disease</name><bndbox><xmin>38</xmin><ymin>23</ymin><xmax>58</xmax><ymax>43</ymax></bndbox></object><object><name>disease</name><bndbox><xmin>142</xmin><ymin>43</ymin><xmax>157</xmax><ymax>62</ymax></bndbox></object><object><name>disease</name><bndbox><xmin>99</xmin><ymin>0</ymin><xmax>155</xmax><ymax>207</ymax></bndbox></object><object><name>disease</name><bndbox><xmin>97</xmin><ymin>8</ymin><xmax>140</xmax><ymax>144</ymax></bndbox></object><object><name>disease</name><bndbox><xmin>111</xmin><ymin>62</ymin><xmax>149</xmax><ymax>204</ymax></bndbox></object><object><name>disease</name><bndbox><xmin>94</xmin><ymin>66</ymin><xmax>108</xmax><ymax>91</ymax></bndbox></object></annotation>