<annotation><filename>images (17).jpg</filename><size><width>224</width><height>224</height><depth>3</depth></size><object><name>disease</name><bndbox><xmin>123</xmin><ymin>17</ymin><xmax>146</xmax><ymax>50</ymax></bndbox></object><object><name>disease</name><bndbox><xmin>191</xmin><ymin>31</ymin><xmax>219</xmax><ymax>80</ymax></bndbox></object><object><name>disease</name><bndbox><xmin>13</xmin><ymin>97</ymin><xmax>33</xmax><ymax>122</ymax></bndbox></object><object><name>disease</name><bndbox><xmin>95</xmin><ymin>53</ymin><xmax>116</xmax><ymax>76</ymax></bndbox></object><object><name>disease</name><bndbox><xmin>42</xmin><ymin>56</ymin><xmax>58</xmax><ymax>82</ymax></bndbox></object><object><name>disease</name><bndbox><xmin>159</xmin><ymin>138</ymin><xmax>181</xmax><ymax>170</ymax></bndbox></object><object><name>disease</name><bndbox><xmin>24</xmin><ymin>51</ymin><xmax>63</xmax><ymax>85</ymax></bndbox></object><object><name>disease</name><bndbox><xmin>77</xmin><ymin>99</ymin><xmax>112</xmax><ymax>134</ymax></bndbox></object><object><name>disease</name><bndbox><xmin>65</xmin><ymin>143</ymin><xmax>81</xmax><ymax>180</ymax></bndbox></object><object><name>disease</name><bndbox><xmin>50</xmin><ymin>95</ymin><xmax>83</xmax><ymax>120</ymax></bndbox></object><object><name>disease</name><bndbox><xmin>66</xmin><ymin>184</ymin><xmax>109</xmax><ymax>220</ymax></bndbox></object><object><name>disease</name><bndbox><xmin>161</xmin><ymin>183</ymin><xmax>179</xmax><ymax>220</ymax></bndbox></object><object><name>disease</name><bndbox><xmin>107</xmin><ymin>31</ymin><xmax>116</xmax><ymax>47</ymax></bndbox></object><object><name>disease</name><bndbox><xmin>201</xmin><ymin>110</ymin><xmax>218</xmax><ymax>123</ymax></bndbox></object><object><name>disease</name><bndbox><xmin>37</xmin><ymin>118</ymin><xmax>88</xmax><ymax>188</ymax></bndbox></object><object><name>disease</name><bndbox><xmin>165</xmin><ymin>10</ymin><xmax>186</xmax><ymax>28</ymax></bndbox></object></annotation>