<annotation><filename>images (45).jpg</filename><size><width>224</width><height>224</height><depth>3</depth></size><object><name>disease</name><bndbox><xmin>130</xmin><ymin>131</ymin><xmax>151</xmax><ymax>151</ymax></bndbox></object><object><name>disease</name><bndbox><xmin>170</xmin><ymin>117</ymin><xmax>192</xmax><ymax>135</ymax></bndbox></object><object><name>disease</name><bndbox><xmin>79</xmin><ymin>108</ymin><xmax>96</xmax><ymax>127</ymax></bndbox></object><object><name>disease</name><bndbox><xmin>106</xmin><ymin>109</ymin><xmax>133</xmax><ymax>142</ymax></bndbox></object><object><name>disease</name><bndbox><xmin>122</xmin><ymin>43</ymin><xmax>140</xmax><ymax>66</ymax></bndbox></object><object><name>disease</name><bndbox><xmin>105</xmin><ymin>48</ymin><xmax>122</xmax><ymax>75</ymax></bndbox></object><object><name>disease</name><bndbox><xmin>164</xmin><ymin>65</ymin><xmax>180</xmax><ymax>81</ymax></bndbox></object><object><name>disease</name><bndbox><xmin>56</xmin><ymin>92</ymin><xmax>104</xmax><ymax>120</ymax></bndbox></object><object><name>disease</name><bndbox><xmin>95</xmin><ymin>41</ymin><xmax>155</xmax><ymax>86</ymax></bndbox></object><object><name>disease</name><bndbox><xmin>113</xmin><ymin>41</ymin><xmax>147</xmax><ymax>72</ymax></bndbox></object></annotation>