<annotation><filename>images (19).jpg</filename><size><width>224</width><height>224</height><depth>3</depth></size><object><name>disease</name><bndbox><xmin>76</xmin><ymin>49</ymin><xmax>89</xmax><ymax>73</ymax></bndbox></object><object><name>disease</name><bndbox><xmin>158</xmin><ymin>132</ymin><xmax>199</xmax><ymax>176</ymax></bndbox></object><object><name>disease</name><bndbox><xmin>119</xmin><ymin>186</ymin><xmax>135</xmax><ymax>198</ymax></bndbox></object><object><name>disease</name><bndbox><xmin>165</xmin><ymin>21</ymin><xmax>178</xmax><ymax>51</ymax></bndbox></object><object><name>disease</name><bndbox><xmin>103</xmin><ymin>151</ymin><xmax>121</xmax><ymax>177</ymax></bndbox></object></annotation>