<annotation><filename>img 3.jpg</filename><size><width>224</width><height>224</height><depth>3</depth></size><object><name>disease</name><bndbox><xmin>103</xmin><ymin>103</ymin><xmax>116</xmax><ymax>131</ymax></bndbox></object><object><name>disease</name><bndbox><xmin>86</xmin><ymin>9</ymin><xmax>112</xmax><ymax>60</ymax></bndbox></object><object><name>disease</name><bndbox><xmin>120</xmin><ymin>110</ymin><xmax>140</xmax><ymax>130</ymax></bndbox></object><object><name>disease</name><bndbox><xmin>101</xmin><ymin>162</ymin><xmax>157</xmax><ymax>215</ymax></bndbox></object><object><name>disease</name><bndbox><xmin>101</xmin><ymin>102</ymin><xmax>127</xmax><ymax>132</ymax></bndbox></object><object><name>disease</name><bndbox><xmin>174</xmin><ymin>205</ymin><xmax>198</xmax><ymax>223</ymax></bndbox></object><object><name>disease</name><bndbox><xmin>88</xmin><ymin>128</ymin><xmax>107</xmax><ymax>152</ymax></bndbox></object></annotation>