<annotation><filename>img 10.jpg</filename><size><width>224</width><height>224</height><depth>3</depth></size><object><name>disease</name><bndbox><xmin>10</xmin><ymin>85</ymin><xmax>33</xmax><ymax>119</ymax></bndbox></object><object><name>disease</name><bndbox><xmin>20</xmin><ymin>127</ymin><xmax>41</xmax><ymax>154</ymax></bndbox></object><object><name>disease</name><bndbox><xmin>149</xmin><ymin>145</ymin><xmax>173</xmax><ymax>168</ymax></bndbox></object><object><name>disease</name><bndbox><xmin>140</xmin><ymin>110</ymin><xmax>164</xmax><ymax>137</ymax></bndbox></object><object><name>disease</name><bndbox><xmin>49</xmin><ymin>53</ymin><xmax>72</xmax><ymax>76</ymax></bndbox></object><object><name>disease</name><bndbox><xmin>103</xmin><ymin>56</ymin><xmax>119</xmax><ymax>76</ymax></bndbox></object><object><name>disease</name><bndbox><xmin>145</xmin><ymin>188</ymin><xmax>173</xmax><ymax>213</ymax></bndbox></object></annotation>