<annotation><filename>img 1.jpg</filename><size><width>224</width><height>224</height><depth>3</depth></size><object><name>disease</name><bndbox><xmin>133</xmin><ymin>132</ymin><xmax>149</xmax><ymax>157</ymax></bndbox></object><object><name>disease</name><bndbox><xmin>118</xmin><ymin>179</ymin><xmax>142</xmax><ymax>199</ymax></bndbox></object><object><name>disease</name><bndbox><xmin>147</xmin><ymin>76</ymin><xmax>159</xmax><ymax>91</ymax></bndbox></object><object><name>disease</name><bndbox><xmin>111</xmin><ymin>161</ymin><xmax>145</xmax><ymax>205</ymax></bndbox></object><object><name>disease</name><bndbox><xmin>82</xmin><ymin>100</ymin><xmax>101</xmax><ymax>125</ymax></bndbox></object></annotation>