<annotation><filename>img 2.jpg</filename><size><width>224</width><height>224</height><depth>3</depth></size><object><name>disease</name><bndbox><xmin>70</xmin><ymin>48</ymin><xmax>88</xmax><ymax>65</ymax></bndbox></object><object><name>disease</name><bndbox><xmin>130</xmin><ymin>50</ymin><xmax>154</xmax><ymax>66</ymax></bndbox></object><object><name>disease</name><bndbox><xmin>139</xmin><ymin>111</ymin><xmax>153</xmax><ymax>122</ymax></bndbox></object><object><name>disease</name><bndbox><xmin>89</xmin><ymin>160</ymin><xmax>124</xmax><ymax>196</ymax></bndbox></object><object><name>disease</name><bndbox><xmin>167</xmin><ymin>89</ymin><xmax>180</xmax><ymax>105</ymax></bndbox></object><object><name>disease</name><bndbox><xmin>91</xmin><ymin>43</ymin><xmax>109</xmax><ymax>62</ymax></bndbox></object><object><name>disease</name><bndbox><xmin>57</xmin><ymin>83</ymin><xmax>82</xmax><ymax>121</ymax></bndbox></object><object><name>disease</name><bndbox><xmin>95</xmin><ymin>161</ymin><xmax>115</xmax><ymax>190</ymax></bndbox></object><object><name>disease</name><bndbox><xmin>113</xmin><ymin>108</ymin><xmax>136</xmax><ymax>152</ymax></bndbox></object><object><name>disease</name><bndbox><xmin>114</xmin><ymin>132</ymin><xmax>135</xmax><ymax>149</ymax></bndbox></object><object><name>disease</name><bndbox><xmin>143</xmin><ymin>149</ymin><xmax>154</xmax><ymax>159</ymax></bndbox></object><object><name>disease</name><bndbox><xmin>113</xmin><ymin>110</ymin><xmax>137</xmax><ymax>133</ymax></bndbox></object><object><name>disease</name><bndbox><xmin>88</xmin><ymin>15</ymin><xmax>107</xmax><ymax>31</ymax></bndbox></object><object><name>disease</name><bndbox><xmin>79</xmin><ymin>15</ymin><xmax>114</xmax><ymax>42</ymax></bndbox></object><object><name>disease</name><bndbox><xmin>85</xmin><ymin>148</ymin><xmax>99</xmax><ymax>160</ymax></bndbox></object></annotation>