<annotation><filename>img 11.jpg</filename><size><width>224</width><height>224</height><depth>3</depth></size><object><name>disease</name><bndbox><xmin>0</xmin><ymin>127</ymin><xmax>19</xmax><ymax>148</ymax></bndbox></object><object><name>disease</name><bndbox><xmin>100</xmin><ymin>34</ymin><xmax>120</xmax><ymax>51</ymax></bndbox></object><object><name>disease</name><bndbox><xmin>88</xmin><ymin>107</ymin><xmax>101</xmax><ymax>125</ymax></bndbox></object><object><name>disease</name><bndbox><xmin>104</xmin><ymin>86</ymin><xmax>120</xmax><ymax>106</ymax></bndbox></object><object><name>disease</name><bndbox><xmin>55</xmin><ymin>117</ymin><xmax>99</xmax><ymax>194</ymax></bndbox></object><object><name>disease</name><bndbox><xmin>150</xmin><ymin>30</ymin><xmax>165</xmax><ymax>59</ymax></bndbox></object><object><name>disease</name><bndbox><xmin>180</xmin><ymin>106</ymin><xmax>193</xmax><ymax>133</ymax></bndbox></object><object><name>disease</name><bndbox><xmin>58</xmin><ymin>120</ymin><xmax>79</xmax><ymax>175</ymax></bndbox></object><object><name>disease</name><bndbox><xmin>111</xmin><ymin>165</ymin><xmax>127</xmax><ymax>194</ymax></bndbox></object><object><name>disease</name><bndbox><xmin>114</xmin><ymin>203</ymin><xmax>129</xmax><ymax>220</ymax></bndbox></object></annotation>