<annotation><filename>img.jpg</filename><size><width>224</width><height>224</height><depth>3</depth></size><object><name>disease</name><bndbox><xmin>31</xmin><ymin>185</ymin><xmax>55</xmax><ymax>217</ymax></bndbox></object><object><name>disease</name><bndbox><xmin>50</xmin><ymin>127</ymin><xmax>98</xmax><ymax>160</ymax></bndbox></object><object><name>disease</name><bndbox><xmin>17</xmin><ymin>163</ymin><xmax>44</xmax><ymax>183</ymax></bndbox></object><object><name>disease</name><bndbox><xmin>121</xmin><ymin>139</ymin><xmax>147</xmax><ymax>155</ymax></bndbox></object><object><name>disease</name><bndbox><xmin>114</xmin><ymin>163</ymin><xmax>134</xmax><ymax>188</ymax></bndbox></object><object><name>disease</name><bndbox><xmin>55</xmin><ymin>130</ymin><xmax>82</xmax><ymax>155</ymax></bndbox></object><object><name>disease</name><bndbox><xmin>45</xmin><ymin>151</ymin><xmax>67</xmax><ymax>179</ymax></bndbox></object><object><name>disease</name><bndbox><xmin>86</xmin><ymin>169</ymin><xmax>107</xmax><ymax>202</ymax></bndbox></object><object><name>disease</name><bndbox><xmin>35</xmin><ymin>131</ymin><xmax>46</xmax><ymax>142</ymax></bndbox></object><object><name>disease</name><bndbox><xmin>95</xmin><ymin>66</ymin><xmax>108</xmax><ymax>81</ymax></bndbox></object></annotation>