<annotation><filename>img6.jpg</filename><size><width>224</width><height>224</height><depth>3</depth></size><object><name>disease</name><bndbox><xmin>134</xmin><ymin>83</ymin><xmax>145</xmax><ymax>95</ymax></bndbox></object><object><name>disease</name><bndbox><xmin>133</xmin><ymin>113</ymin><xmax>143</xmax><ymax>125</ymax></bndbox></object><object><name>disease</name><bndbox><xmin>149</xmin><ymin>130</ymin><xmax>167</xmax><ymax>145</ymax></bndbox></object><object><name>disease</name><bndbox><xmin>119</xmin><ymin>95</ymin><xmax>130</xmax><ymax>105</ymax></bndbox></object><object><name>disease</name><bndbox><xmin>68</xmin><ymin>78</ymin><xmax>81</xmax><ymax>89</ymax></bndbox></object><object><name>disease</name><bndbox><xmin>66</xmin><ymin>49</ymin><xmax>77</xmax><ymax>59</ymax></bndbox></object><object><name>disease</name><bndbox><xmin>107</xmin><ymin>136</ymin><xmax>117</xmax><ymax>148</ymax></bndbox></object></annotation>