<annotation><filename>IMG_0702.jpg</filename><size><width>224</width><height>224</height><depth>3</depth></size><object><name>disease</name><bndbox><xmin>58</xmin><ymin>190</ymin><xmax>91</xmax><ymax>219</ymax></bndbox></object><object><name>disease</name><bndbox><xmin>54</xmin><ymin>125</ymin><xmax>85</xmax><ymax>157</ymax></bndbox></object><object><name>disease</name><bndbox><xmin>81</xmin><ymin>28</ymin><xmax>109</xmax><ymax>78</ymax></bndbox></object><object><name>disease</name><bndbox><xmin>92</xmin><ymin>117</ymin><xmax>119</xmax><ymax>155</ymax></bndbox></object></annotation>