<annotation><filename>istockphoto-1329215862-612x612.jpg</filename><size><width>224</width><height>224</height><depth>3</depth></size><object><name>disease</name><bndbox><xmin>112</xmin><ymin>33</ymin><xmax>138</xmax><ymax>51</ymax></bndbox></object><object><name>disease</name><bndbox><xmin>183</xmin><ymin>139</ymin><xmax>198</xmax><ymax>160</ymax></bndbox></object><object><name>disease</name><bndbox><xmin>84</xmin><ymin>191</ymin><xmax>95</xmax><ymax>202</ymax></bndbox></object><object><name>disease</name><bndbox><xmin>100</xmin><ymin>75</ymin><xmax>150</xmax><ymax>159</ymax></bndbox></object><object><name>disease</name><bndbox><xmin>107</xmin><ymin>76</ymin><xmax>133</xmax><ymax>112</ymax></bndbox></object><object><name>disease</name><bndbox><xmin>38</xmin><ymin>152</ymin><xmax>80</xmax><ymax>198</ymax></bndbox></object><object><name>disease</name><bndbox><xmin>57</xmin><ymin>176</ymin><xmax>75</xmax><ymax>199</ymax></bndbox></object><object><name>disease</name><bndbox><xmin>104</xmin><ymin>14</ymin><xmax>138</xmax><ymax>55</ymax></bndbox></object><object><name>disease</name><bndbox><xmin>103</xmin><ymin>76</ymin><xmax>142</xmax><ymax>129</ymax></bndbox></object><object><name>disease</name><bndbox><xmin>34</xmin><ymin>162</ymin><xmax>51</xmax><ymax>185</ymax></bndbox></object></annotation>