<annotation><filename>istockphoto-1265081175-612x612.jpg</filename><size><width>224</width><height>224</height><depth>3</depth></size><object><name>disease</name><bndbox><xmin>26</xmin><ymin>86</ymin><xmax>78</xmax><ymax>138</ymax></bndbox></object><object><name>disease</name><bndbox><xmin>50</xmin><ymin>47</ymin><xmax>114</xmax><ymax>132</ymax></bndbox></object><object><name>disease</name><bndbox><xmin>105</xmin><ymin>125</ymin><xmax>124</xmax><ymax>146</ymax></bndbox></object><object><name>disease</name><bndbox><xmin>26</xmin><ymin>43</ymin><xmax>134</xmax><ymax>155</ymax></bndbox></object><object><name>disease</name><bndbox><xmin>190</xmin><ymin>157</ymin><xmax>204</xmax><ymax>186</ymax></bndbox></object><object><name>disease</name><bndbox><xmin>172</xmin><ymin>201</ymin><xmax>192</xmax><ymax>224</ymax></bndbox></object><object><name>disease</name><bndbox><xmin>169</xmin><ymin>99</ymin><xmax>203</xmax><ymax>141</ymax></bndbox></object></annotation>