<annotation><filename>large_Bacterial_Leaf_Spot_34079459e5.jpg</filename><size><width>224</width><height>224</height><depth>3</depth></size><object><name>disease</name><bndbox><xmin>169</xmin><ymin>164</ymin><xmax>191</xmax><ymax>200</ymax></bndbox></object><object><name>disease</name><bndbox><xmin>166</xmin><ymin>91</ymin><xmax>178</xmax><ymax>101</ymax></bndbox></object><object><name>disease</name><bndbox><xmin>142</xmin><ymin>23</ymin><xmax>169</xmax><ymax>41</ymax></bndbox></object><object><name>disease</name><bndbox><xmin>106</xmin><ymin>22</ymin><xmax>118</xmax><ymax>34</ymax></bndbox></object><object><name>disease</name><bndbox><xmin>115</xmin><ymin>75</ymin><xmax>130</xmax><ymax>101</ymax></bndbox></object><object><name>disease</name><bndbox><xmin>75</xmin><ymin>83</ymin><xmax>87</xmax><ymax>100</ymax></bndbox></object><object><name>disease</name><bndbox><xmin>72</xmin><ymin>188</ymin><xmax>97</xmax><ymax>220</ymax></bndbox></object><object><name>disease</name><bndbox><xmin>22</xmin><ymin>148</ymin><xmax>72</xmax><ymax>185</ymax></bndbox></object><object><name>disease</name><bndbox><xmin>139</xmin><ymin>61</ymin><xmax>174</xmax><ymax>92</ymax></bndbox></object><object><name>disease</name><bndbox><xmin>205</xmin><ymin>199</ymin><xmax>217</xmax><ymax>216</ymax></bndbox></object><object><name>disease</name><bndbox><xmin>63</xmin><ymin>122</ymin><xmax>73</xmax><ymax>136</ymax></bndbox></object><object><name>disease</name><bndbox><xmin>47</xmin><ymin>1</ymin><xmax>58</xmax><ymax>19</ymax></bndbox></object><object><name>disease</name><bndbox><xmin>49</xmin><ymin>12</ymin><xmax>73</xmax><ymax>51</ymax></bndbox></object></annotation>