<annotation><filename>Lesions-on-Citrus-leaf-.jpg</filename><size><width>224</width><height>224</height><depth>3</depth></size><object><name>disease</name><bndbox><xmin>0</xmin><ymin>86</ymin><xmax>11</xmax><ymax>115</ymax></bndbox></object><object><name>disease</name><bndbox><xmin>118</xmin><ymin>120</ymin><xmax>147</xmax><ymax>147</ymax></bndbox></object><object><name>disease</name><bndbox><xmin>50</xmin><ymin>39</ymin><xmax>83</xmax><ymax>81</ymax></bndbox></object><object><name>disease</name><bndbox><xmin>145</xmin><ymin>54</ymin><xmax>153</xmax><ymax>65</ymax></bndbox></object><object><name>disease</name><bndbox><xmin>129</xmin><ymin>89</ymin><xmax>144</xmax><ymax>108</ymax></bndbox></object><object><name>disease</name><bndbox><xmin>151</xmin><ymin>102</ymin><xmax>162</xmax><ymax>118</ymax></bndbox></object><object><name>disease</name><bndbox><xmin>57</xmin><ymin>98</ymin><xmax>76</xmax><ymax>118</ymax></bndbox></object><object><name>disease</name><bndbox><xmin>102</xmin><ymin>44</ymin><xmax>115</xmax><ymax>64</ymax></bndbox></object><object><name>disease</name><bndbox><xmin>79</xmin><ymin>85</ymin><xmax>96</xmax><ymax>113</ymax></bndbox></object><object><name>disease</name><bndbox><xmin>17</xmin><ymin>79</ymin><xmax>32</xmax><ymax>106</ymax></bndbox></object><object><name>disease</name><bndbox><xmin>102</xmin><ymin>41</ymin><xmax>128</xmax><ymax>64</ymax></bndbox></object></annotation>