<annotation><filename>mild dew 2.jpg</filename><size><width>224</width><height>224</height><depth>3</depth></size><object><name>disease</name><bndbox><xmin>95</xmin><ymin>28</ymin><xmax>134</xmax><ymax>62</ymax></bndbox></object><object><name>disease</name><bndbox><xmin>43</xmin><ymin>8</ymin><xmax>94</xmax><ymax>52</ymax></bndbox></object><object><name>disease</name><bndbox><xmin>7</xmin><ymin>66</ymin><xmax>55</xmax><ymax>105</ymax></bndbox></object><object><name>disease</name><bndbox><xmin>58</xmin><ymin>26</ymin><xmax>159</xmax><ymax>200</ymax></bndbox></object><object><name>disease</name><bndbox><xmin>155</xmin><ymin>2</ymin><xmax>171</xmax><ymax>25</ymax></bndbox></object><object><name>disease</name><bndbox><xmin>66</xmin><ymin>41</ymin><xmax>92</xmax><ymax>81</ymax></bndbox></object><object><name>disease</name><bndbox><xmin>56</xmin><ymin>8</ymin><xmax>83</xmax><ymax>45</ymax></bndbox></object></annotation>