<annotation><filename>mild dew 5.jpg</filename><size><width>224</width><height>224</height><depth>3</depth></size><object><name>disease</name><bndbox><xmin>11</xmin><ymin>132</ymin><xmax>33</xmax><ymax>166</ymax></bndbox></object><object><name>disease</name><bndbox><xmin>127</xmin><ymin>32</ymin><xmax>183</xmax><ymax>114</ymax></bndbox></object><object><name>disease</name><bndbox><xmin>47</xmin><ymin>6</ymin><xmax>81</xmax><ymax>35</ymax></bndbox></object><object><name>disease</name><bndbox><xmin>20</xmin><ymin>7</ymin><xmax>36</xmax><ymax>55</ymax></bndbox></object><object><name>disease</name><bndbox><xmin>66</xmin><ymin>13</ymin><xmax>81</xmax><ymax>37</ymax></bndbox></object><object><name>disease</name><bndbox><xmin>138</xmin><ymin>3</ymin><xmax>162</xmax><ymax>20</ymax></bndbox></object></annotation>