<annotation><filename>milk_powdery-mildew-2_mig_jpg_94addcd3-6f60-4263-b32e-8ebbba088564.jpg</filename><size><width>224</width><height>224</height><depth>3</depth></size><object><name>disease</name><bndbox><xmin>105</xmin><ymin>25</ymin><xmax>130</xmax><ymax>45</ymax></bndbox></object><object><name>disease</name><bndbox><xmin>62</xmin><ymin>55</ymin><xmax>175</xmax><ymax>218</ymax></bndbox></object><object><name>disease</name><bndbox><xmin>130</xmin><ymin>96</ymin><xmax>188</xmax><ymax>189</ymax></bndbox></object><object><name>disease</name><bndbox><xmin>6</xmin><ymin>67</ymin><xmax>39</xmax><ymax>100</ymax></bndbox></object><object><name>disease</name><bndbox><xmin>79</xmin><ymin>57</ymin><xmax>139</xmax><ymax>138</ymax></bndbox></object><object><name>disease</name><bndbox><xmin>72</xmin><ymin>146</ymin><xmax>166</xmax><ymax>209</ymax></bndbox></object><object><name>disease</name><bndbox><xmin>8</xmin><ymin>71</ymin><xmax>25</xmax><ymax>97</ymax></bndbox></object></annotation>