<annotation><filename>mp1150701.jpg</filename><size><width>224</width><height>224</height><depth>3</depth></size><object><name>disease</name><bndbox><xmin>70</xmin><ymin>103</ymin><xmax>90</xmax><ymax>158</ymax></bndbox></object><object><name>disease</name><bndbox><xmin>175</xmin><ymin>10</ymin><xmax>199</xmax><ymax>54</ymax></bndbox></object><object><name>disease</name><bndbox><xmin>14</xmin><ymin>11</ymin><xmax>36</xmax><ymax>34</ymax></bndbox></object><object><name>disease</name><bndbox><xmin>143</xmin><ymin>31</ymin><xmax>188</xmax><ymax>178</ymax></bndbox></object></annotation>