<annotation><filename>p bact leaf spot on cone 2 (1).jpg</filename><size><width>224</width><height>224</height><depth>3</depth></size><object><name>disease</name><bndbox><xmin>170</xmin><ymin>154</ymin><xmax>214</xmax><ymax>194</ymax></bndbox></object><object><name>disease</name><bndbox><xmin>56</xmin><ymin>156</ymin><xmax>75</xmax><ymax>174</ymax></bndbox></object><object><name>disease</name><bndbox><xmin>69</xmin><ymin>134</ymin><xmax>89</xmax><ymax>150</ymax></bndbox></object><object><name>disease</name><bndbox><xmin>156</xmin><ymin>75</ymin><xmax>183</xmax><ymax>97</ymax></bndbox></object><object><name>disease</name><bndbox><xmin>165</xmin><ymin>110</ymin><xmax>187</xmax><ymax>130</ymax></bndbox></object><object><name>disease</name><bndbox><xmin>11</xmin><ymin>160</ymin><xmax>25</xmax><ymax>173</ymax></bndbox></object><object><name>disease</name><bndbox><xmin>149</xmin><ymin>33</ymin><xmax>163</xmax><ymax>50</ymax></bndbox></object><object><name>disease</name><bndbox><xmin>27</xmin><ymin>89</ymin><xmax>40</xmax><ymax>113</ymax></bndbox></object><object><name>disease</name><bndbox><xmin>112</xmin><ymin>109</ymin><xmax>126</xmax><ymax>122</ymax></bndbox></object><object><name>disease</name><bndbox><xmin>106</xmin><ymin>192</ymin><xmax>143</xmax><ymax>211</ymax></bndbox></object><object><name>disease</name><bndbox><xmin>178</xmin><ymin>45</ymin><xmax>199</xmax><ymax>60</ymax></bndbox></object><object><name>disease</name><bndbox><xmin>201</xmin><ymin>107</ymin><xmax>216</xmax><ymax>130</ymax></bndbox></object><object><name>disease</name><bndbox><xmin>61</xmin><ymin>184</ymin><xmax>87</xmax><ymax>202</ymax></bndbox></object><object><name>disease</name><bndbox><xmin>55</xmin><ymin>68</ymin><xmax>74</xmax><ymax>107</ymax></bndbox></object><object><name>disease</name><bndbox><xmin>122</xmin><ymin>23</ymin><xmax>133</xmax><ymax>49</ymax></bndbox></object></annotation>