<annotation><filename>Pepper-BLS-Leaf_93303-e1370119902259.jpg</filename><size><width>224</width><height>224</height><depth>3</depth></size><object><name>disease</name><bndbox><xmin>150</xmin><ymin>47</ymin><xmax>183</xmax><ymax>74</ymax></bndbox></object><object><name>disease</name><bndbox><xmin>71</xmin><ymin>116</ymin><xmax>87</xmax><ymax>137</ymax></bndbox></object><object><name>disease</name><bndbox><xmin>100</xmin><ymin>97</ymin><xmax>118</xmax><ymax>116</ymax></bndbox></object><object><name>disease</name><bndbox><xmin>76</xmin><ymin>72</ymin><xmax>94</xmax><ymax>91</ymax></bndbox></object><object><name>disease</name><bndbox><xmin>75</xmin><ymin>70</ymin><xmax>96</xmax><ymax>105</ymax></bndbox></object><object><name>disease</name><bndbox><xmin>127</xmin><ymin>79</ymin><xmax>136</xmax><ymax>89</ymax></bndbox></object><object><name>disease</name><bndbox><xmin>103</xmin><ymin>120</ymin><xmax>119</xmax><ymax>133</ymax></bndbox></object><object><name>disease</name><bndbox><xmin>84</xmin><ymin>91</ymin><xmax>122</xmax><ymax>115</ymax></bndbox></object></annotation>