<annotation><filename>Pepper-Plant-Leaf-Spot.jpg</filename><size><width>224</width><height>224</height><depth>3</depth></size><object><name>disease</name><bndbox><xmin>132</xmin><ymin>133</ymin><xmax>147</xmax><ymax>157</ymax></bndbox></object><object><name>disease</name><bndbox><xmin>158</xmin><ymin>152</ymin><xmax>179</xmax><ymax>182</ymax></bndbox></object><object><name>disease</name><bndbox><xmin>197</xmin><ymin>45</ymin><xmax>208</xmax><ymax>55</ymax></bndbox></object><object><name>disease</name><bndbox><xmin>124</xmin><ymin>59</ymin><xmax>157</xmax><ymax>84</ymax></bndbox></object><object><name>disease</name><bndbox><xmin>108</xmin><ymin>27</ymin><xmax>165</xmax><ymax>87</ymax></bndbox></object><object><name>disease</name><bndbox><xmin>119</xmin><ymin>30</ymin><xmax>135</xmax><ymax>49</ymax></bndbox></object><object><name>disease</name><bndbox><xmin>195</xmin><ymin>9</ymin><xmax>209</xmax><ymax>20</ymax></bndbox></object></annotation>