<annotation><filename>Powdery-mildew-on-cucumber-leaves.jpg</filename><size><width>224</width><height>224</height><depth>3</depth></size><object><name>disease</name><bndbox><xmin>78</xmin><ymin>53</ymin><xmax>152</xmax><ymax>93</ymax></bndbox></object><object><name>disease</name><bndbox><xmin>87</xmin><ymin>57</ymin><xmax>117</xmax><ymax>90</ymax></bndbox></object><object><name>disease</name><bndbox><xmin>64</xmin><ymin>33</ymin><xmax>87</xmax><ymax>51</ymax></bndbox></object><object><name>disease</name><bndbox><xmin>98</xmin><ymin>55</ymin><xmax>138</xmax><ymax>90</ymax></bndbox></object></annotation>