<annotation><filename>powdery-mildew-89966367_s.jpg</filename><size><width>224</width><height>224</height><depth>3</depth></size><object><name>disease</name><bndbox><xmin>84</xmin><ymin>120</ymin><xmax>107</xmax><ymax>144</ymax></bndbox></object><object><name>disease</name><bndbox><xmin>64</xmin><ymin>10</ymin><xmax>96</xmax><ymax>45</ymax></bndbox></object><object><name>disease</name><bndbox><xmin>155</xmin><ymin>86</ymin><xmax>181</xmax><ymax>111</ymax></bndbox></object><object><name>disease</name><bndbox><xmin>31</xmin><ymin>71</ymin><xmax>44</xmax><ymax>106</ymax></bndbox></object><object><name>disease</name><bndbox><xmin>31</xmin><ymin>109</ymin><xmax>47</xmax><ymax>139</ymax></bndbox></object><object><name>disease</name><bndbox><xmin>76</xmin><ymin>121</ymin><xmax>112</xmax><ymax>149</ymax></bndbox></object></annotation>