<annotation><filename>pseudocercsweetpotato.jpg</filename><size><width>224</width><height>224</height><depth>3</depth></size><object><name>disease</name><bndbox><xmin>191</xmin><ymin>94</ymin><xmax>210</xmax><ymax>110</ymax></bndbox></object><object><name>disease</name><bndbox><xmin>141</xmin><ymin>112</ymin><xmax>163</xmax><ymax>143</ymax></bndbox></object><object><name>disease</name><bndbox><xmin>113</xmin><ymin>96</ymin><xmax>141</xmax><ymax>116</ymax></bndbox></object><object><name>disease</name><bndbox><xmin>14</xmin><ymin>111</ymin><xmax>50</xmax><ymax>159</ymax></bndbox></object><object><name>disease</name><bndbox><xmin>59</xmin><ymin>102</ymin><xmax>77</xmax><ymax>122</ymax></bndbox></object><object><name>disease</name><bndbox><xmin>135</xmin><ymin>154</ymin><xmax>150</xmax><ymax>179</ymax></bndbox></object><object><name>disease</name><bndbox><xmin>146</xmin><ymin>121</ymin><xmax>165</xmax><ymax>142</ymax></bndbox></object></annotation>