<annotation><filename>rot red img.jpg</filename><size><width>224</width><height>224</height><depth>3</depth></size><object><name>disease</name><bndbox><xmin>90</xmin><ymin>28</ymin><xmax>103</xmax><ymax>40</ymax></bndbox></object><object><name>disease</name><bndbox><xmin>150</xmin><ymin>171</ymin><xmax>165</xmax><ymax>189</ymax></bndbox></object><object><name>disease</name><bndbox><xmin>115</xmin><ymin>86</ymin><xmax>153</xmax><ymax>122</ymax></bndbox></object><object><name>disease</name><bndbox><xmin>202</xmin><ymin>99</ymin><xmax>218</xmax><ymax>127</ymax></bndbox></object><object><name>disease</name><bndbox><xmin>127</xmin><ymin>102</ymin><xmax>140</xmax><ymax>120</ymax></bndbox></object></annotation>