<annotation><filename>S_H (25).jpg</filename><size><width>224</width><height>224</height><depth>3</depth></size><object><name>disease</name><bndbox><xmin>175</xmin><ymin>8</ymin><xmax>212</xmax><ymax>45</ymax></bndbox></object><object><name>disease</name><bndbox><xmin>60</xmin><ymin>40</ymin><xmax>85</xmax><ymax>74</ymax></bndbox></object><object><name>disease</name><bndbox><xmin>5</xmin><ymin>34</ymin><xmax>58</xmax><ymax>79</ymax></bndbox></object><object><name>disease</name><bndbox><xmin>28</xmin><ymin>80</ymin><xmax>61</xmax><ymax>129</ymax></bndbox></object><object><name>disease</name><bndbox><xmin>58</xmin><ymin>86</ymin><xmax>84</xmax><ymax>125</ymax></bndbox></object><object><name>disease</name><bndbox><xmin>20</xmin><ymin>73</ymin><xmax>84</xmax><ymax>130</ymax></bndbox></object><object><name>disease</name><bndbox><xmin>14</xmin><ymin>9</ymin><xmax>116</xmax><ymax>154</ymax></bndbox></object></annotation>