<annotation><filename>S_H (26).jpg</filename><size><width>224</width><height>224</height><depth>3</depth></size><object><name>disease</name><bndbox><xmin>7</xmin><ymin>10</ymin><xmax>45</xmax><ymax>45</ymax></bndbox></object><object><name>disease</name><bndbox><xmin>56</xmin><ymin>63</ymin><xmax>83</xmax><ymax>95</ymax></bndbox></object><object><name>disease</name><bndbox><xmin>27</xmin><ymin>196</ymin><xmax>59</xmax><ymax>223</ymax></bndbox></object><object><name>disease</name><bndbox><xmin>30</xmin><ymin>76</ymin><xmax>52</xmax><ymax>97</ymax></bndbox></object></annotation>