<annotation><filename>S_H (27).jpg</filename><size><width>224</width><height>224</height><depth>3</depth></size><object><name>disease</name><bndbox><xmin>52</xmin><ymin>75</ymin><xmax>110</xmax><ymax>203</ymax></bndbox></object><object><name>disease</name><bndbox><xmin>124</xmin><ymin>7</ymin><xmax>183</xmax><ymax>56</ymax></bndbox></object><object><name>disease</name><bndbox><xmin>72</xmin><ymin>62</ymin><xmax>86</xmax><ymax>82</ymax></bndbox></object><object><name>disease</name><bndbox><xmin>44</xmin><ymin>46</ymin><xmax>144</xmax><ymax>209</ymax></bndbox></object><object><name>disease</name><bndbox><xmin>134</xmin><ymin>103</ymin><xmax>203</xmax><ymax>174</ymax></bndbox></object></annotation>