<annotation><filename>S_H (31).jpg</filename><size><width>224</width><height>224</height><depth>3</depth></size><object><name>disease</name><bndbox><xmin>54</xmin><ymin>43</ymin><xmax>152</xmax><ymax>82</ymax></bndbox></object><object><name>disease</name><bndbox><xmin>8</xmin><ymin>31</ymin><xmax>34</xmax><ymax>58</ymax></bndbox></object><object><name>disease</name><bndbox><xmin>64</xmin><ymin>49</ymin><xmax>101</xmax><ymax>82</ymax></bndbox></object><object><name>disease</name><bndbox><xmin>70</xmin><ymin>160</ymin><xmax>113</xmax><ymax>201</ymax></bndbox></object><object><name>disease</name><bndbox><xmin>38</xmin><ymin>151</ymin><xmax>120</xmax><ymax>201</ymax></bndbox></object><object><name>disease</name><bndbox><xmin>95</xmin><ymin>43</ymin><xmax>121</xmax><ymax>83</ymax></bndbox></object></annotation>