<annotation><filename>S_RR (78).jpg</filename><size><width>224</width><height>224</height><depth>3</depth></size><object><name>disease</name><bndbox><xmin>119</xmin><ymin>127</ymin><xmax>161</xmax><ymax>158</ymax></bndbox></object><object><name>disease</name><bndbox><xmin>53</xmin><ymin>130</ymin><xmax>100</xmax><ymax>148</ymax></bndbox></object><object><name>disease</name><bndbox><xmin>133</xmin><ymin>82</ymin><xmax>170</xmax><ymax>117</ymax></bndbox></object><object><name>disease</name><bndbox><xmin>161</xmin><ymin>174</ymin><xmax>176</xmax><ymax>207</ymax></bndbox></object><object><name>disease</name><bndbox><xmin>176</xmin><ymin>157</ymin><xmax>197</xmax><ymax>204</ymax></bndbox></object><object><name>disease</name><bndbox><xmin>37</xmin><ymin>6</ymin><xmax>180</xmax><ymax>130</ymax></bndbox></object><object><name>disease</name><bndbox><xmin>0</xmin><ymin>129</ymin><xmax>23</xmax><ymax>163</ymax></bndbox></object><object><name>disease</name><bndbox><xmin>45</xmin><ymin>7</ymin><xmax>69</xmax><ymax>35</ymax></bndbox></object><object><name>disease</name><bndbox><xmin>157</xmin><ymin>136</ymin><xmax>172</xmax><ymax>151</ymax></bndbox></object></annotation>