<annotation><filename>S_RR (55).jpg</filename><size><width>224</width><height>224</height><depth>3</depth></size><object><name>disease</name><bndbox><xmin>125</xmin><ymin>6</ymin><xmax>142</xmax><ymax>36</ymax></bndbox></object><object><name>disease</name><bndbox><xmin>174</xmin><ymin>9</ymin><xmax>192</xmax><ymax>27</ymax></bndbox></object><object><name>disease</name><bndbox><xmin>29</xmin><ymin>9</ymin><xmax>56</xmax><ymax>43</ymax></bndbox></object><object><name>disease</name><bndbox><xmin>129</xmin><ymin>66</ymin><xmax>178</xmax><ymax>178</ymax></bndbox></object><object><name>disease</name><bndbox><xmin>157</xmin><ymin>182</ymin><xmax>174</xmax><ymax>203</ymax></bndbox></object></annotation>