<annotation><filename>S_RR (79).jpg</filename><size><width>224</width><height>224</height><depth>3</depth></size><object><name>disease</name><bndbox><xmin>103</xmin><ymin>9</ymin><xmax>162</xmax><ymax>110</ymax></bndbox></object><object><name>disease</name><bndbox><xmin>24</xmin><ymin>69</ymin><xmax>46</xmax><ymax>94</ymax></bndbox></object><object><name>disease</name><bndbox><xmin>132</xmin><ymin>120</ymin><xmax>161</xmax><ymax>152</ymax></bndbox></object><object><name>disease</name><bndbox><xmin>59</xmin><ymin>47</ymin><xmax>81</xmax><ymax>70</ymax></bndbox></object></annotation>