<annotation><filename>S_RR (69).jpg</filename><size><width>224</width><height>224</height><depth>3</depth></size><object><name>disease</name><bndbox><xmin>48</xmin><ymin>87</ymin><xmax>68</xmax><ymax>120</ymax></bndbox></object><object><name>disease</name><bndbox><xmin>102</xmin><ymin>14</ymin><xmax>129</xmax><ymax>59</ymax></bndbox></object><object><name>disease</name><bndbox><xmin>131</xmin><ymin>164</ymin><xmax>168</xmax><ymax>210</ymax></bndbox></object><object><name>disease</name><bndbox><xmin>47</xmin><ymin>86</ymin><xmax>78</xmax><ymax>138</ymax></bndbox></object></annotation>