<annotation><filename>S_RR (72).jpg</filename><size><width>224</width><height>224</height><depth>3</depth></size><object><name>disease</name><bndbox><xmin>51</xmin><ymin>144</ymin><xmax>73</xmax><ymax>184</ymax></bndbox></object><object><name>disease</name><bndbox><xmin>108</xmin><ymin>36</ymin><xmax>152</xmax><ymax>98</ymax></bndbox></object><object><name>disease</name><bndbox><xmin>185</xmin><ymin>171</ymin><xmax>207</xmax><ymax>207</ymax></bndbox></object><object><name>disease</name><bndbox><xmin>9</xmin><ymin>14</ymin><xmax>113</xmax><ymax>208</ymax></bndbox></object><object><name>disease</name><bndbox><xmin>12</xmin><ymin>11</ymin><xmax>66</xmax><ymax>158</ymax></bndbox></object></annotation>