<annotation><filename>S_RR (54).jpg</filename><size><width>224</width><height>224</height><depth>3</depth></size><object><name>disease</name><bndbox><xmin>44</xmin><ymin>158</ymin><xmax>109</xmax><ymax>211</ymax></bndbox></object><object><name>disease</name><bndbox><xmin>110</xmin><ymin>166</ymin><xmax>153</xmax><ymax>200</ymax></bndbox></object><object><name>disease</name><bndbox><xmin>120</xmin><ymin>123</ymin><xmax>176</xmax><ymax>151</ymax></bndbox></object><object><name>disease</name><bndbox><xmin>110</xmin><ymin>166</ymin><xmax>133</xmax><ymax>195</ymax></bndbox></object></annotation>