<annotation><filename>S_RR (35).jpg</filename><size><width>224</width><height>224</height><depth>3</depth></size><object><name>disease</name><bndbox><xmin>112</xmin><ymin>7</ymin><xmax>140</xmax><ymax>38</ymax></bndbox></object><object><name>disease</name><bndbox><xmin>55</xmin><ymin>203</ymin><xmax>76</xmax><ymax>223</ymax></bndbox></object><object><name>disease</name><bndbox><xmin>121</xmin><ymin>147</ymin><xmax>173</xmax><ymax>175</ymax></bndbox></object><object><name>disease</name><bndbox><xmin>41</xmin><ymin>143</ymin><xmax>81</xmax><ymax>191</ymax></bndbox></object><object><name>disease</name><bndbox><xmin>5</xmin><ymin>190</ymin><xmax>33</xmax><ymax>219</ymax></bndbox></object><object><name>disease</name><bndbox><xmin>89</xmin><ymin>165</ymin><xmax>126</xmax><ymax>215</ymax></bndbox></object><object><name>disease</name><bndbox><xmin>51</xmin><ymin>51</ymin><xmax>73</xmax><ymax>66</ymax></bndbox></object><object><name>disease</name><bndbox><xmin>173</xmin><ymin>150</ymin><xmax>220</xmax><ymax>202</ymax></bndbox></object></annotation>