<annotation><filename>S_RR (92).jpg</filename><size><width>224</width><height>224</height><depth>3</depth></size><object><name>disease</name><bndbox><xmin>109</xmin><ymin>14</ymin><xmax>125</xmax><ymax>31</ymax></bndbox></object><object><name>disease</name><bndbox><xmin>124</xmin><ymin>175</ymin><xmax>160</xmax><ymax>206</ymax></bndbox></object><object><name>disease</name><bndbox><xmin>178</xmin><ymin>39</ymin><xmax>196</xmax><ymax>76</ymax></bndbox></object><object><name>disease</name><bndbox><xmin>205</xmin><ymin>200</ymin><xmax>218</xmax><ymax>224</ymax></bndbox></object><object><name>disease</name><bndbox><xmin>32</xmin><ymin>46</ymin><xmax>43</xmax><ymax>75</ymax></bndbox></object><object><name>disease</name><bndbox><xmin>94</xmin><ymin>100</ymin><xmax>146</xmax><ymax>133</ymax></bndbox></object><object><name>disease</name><bndbox><xmin>198</xmin><ymin>169</ymin><xmax>208</xmax><ymax>183</ymax></bndbox></object><object><name>disease</name><bndbox><xmin>137</xmin><ymin>175</ymin><xmax>157</xmax><ymax>204</ymax></bndbox></object><object><name>disease</name><bndbox><xmin>106</xmin><ymin>107</ymin><xmax>132</xmax><ymax>135</ymax></bndbox></object><object><name>disease</name><bndbox><xmin>162</xmin><ymin>205</ymin><xmax>183</xmax><ymax>224</ymax></bndbox></object><object><name>disease</name><bndbox><xmin>151</xmin><ymin>37</ymin><xmax>172</xmax><ymax>86</ymax></bndbox></object><object><name>disease</name><bndbox><xmin>89</xmin><ymin>23</ymin><xmax>106</xmax><ymax>48</ymax></bndbox></object><object><name>disease</name><bndbox><xmin>141</xmin><ymin>148</ymin><xmax>163</xmax><ymax>167</ymax></bndbox></object></annotation>