<annotation><filename>S_RR (24).jpg</filename><size><width>224</width><height>224</height><depth>3</depth></size><object><name>disease</name><bndbox><xmin>55</xmin><ymin>38</ymin><xmax>76</xmax><ymax>71</ymax></bndbox></object><object><name>disease</name><bndbox><xmin>169</xmin><ymin>32</ymin><xmax>191</xmax><ymax>56</ymax></bndbox></object><object><name>disease</name><bndbox><xmin>113</xmin><ymin>2</ymin><xmax>133</xmax><ymax>21</ymax></bndbox></object><object><name>disease</name><bndbox><xmin>42</xmin><ymin>143</ymin><xmax>63</xmax><ymax>160</ymax></bndbox></object><object><name>disease</name><bndbox><xmin>24</xmin><ymin>13</ymin><xmax>51</xmax><ymax>66</ymax></bndbox></object><object><name>disease</name><bndbox><xmin>111</xmin><ymin>182</ymin><xmax>128</xmax><ymax>219</ymax></bndbox></object></annotation>