<annotation><filename>S_RR (95).jpg</filename><size><width>224</width><height>224</height><depth>3</depth></size><object><name>disease</name><bndbox><xmin>84</xmin><ymin>29</ymin><xmax>115</xmax><ymax>63</ymax></bndbox></object><object><name>disease</name><bndbox><xmin>145</xmin><ymin>136</ymin><xmax>158</xmax><ymax>164</ymax></bndbox></object><object><name>disease</name><bndbox><xmin>181</xmin><ymin>13</ymin><xmax>210</xmax><ymax>65</ymax></bndbox></object><object><name>disease</name><bndbox><xmin>63</xmin><ymin>61</ymin><xmax>85</xmax><ymax>83</ymax></bndbox></object><object><name>disease</name><bndbox><xmin>26</xmin><ymin>99</ymin><xmax>38</xmax><ymax>114</ymax></bndbox></object><object><name>disease</name><bndbox><xmin>83</xmin><ymin>135</ymin><xmax>132</xmax><ymax>212</ymax></bndbox></object><object><name>disease</name><bndbox><xmin>50</xmin><ymin>77</ymin><xmax>70</xmax><ymax>115</ymax></bndbox></object></annotation>