<annotation><filename>S_RR (44).jpg</filename><size><width>224</width><height>224</height><depth>3</depth></size><object><name>disease</name><bndbox><xmin>104</xmin><ymin>18</ymin><xmax>122</xmax><ymax>47</ymax></bndbox></object><object><name>disease</name><bndbox><xmin>180</xmin><ymin>127</ymin><xmax>210</xmax><ymax>179</ymax></bndbox></object><object><name>disease</name><bndbox><xmin>20</xmin><ymin>8</ymin><xmax>55</xmax><ymax>39</ymax></bndbox></object><object><name>disease</name><bndbox><xmin>120</xmin><ymin>163</ymin><xmax>149</xmax><ymax>194</ymax></bndbox></object><object><name>disease</name><bndbox><xmin>17</xmin><ymin>95</ymin><xmax>123</xmax><ymax>160</ymax></bndbox></object></annotation>