<annotation><filename>S_RR (60).jpg</filename><size><width>224</width><height>224</height><depth>3</depth></size><object><name>disease</name><bndbox><xmin>49</xmin><ymin>77</ymin><xmax>94</xmax><ymax>96</ymax></bndbox></object><object><name>disease</name><bndbox><xmin>148</xmin><ymin>8</ymin><xmax>203</xmax><ymax>59</ymax></bndbox></object><object><name>disease</name><bndbox><xmin>193</xmin><ymin>155</ymin><xmax>218</xmax><ymax>171</ymax></bndbox></object><object><name>disease</name><bndbox><xmin>129</xmin><ymin>123</ymin><xmax>174</xmax><ymax>150</ymax></bndbox></object><object><name>disease</name><bndbox><xmin>76</xmin><ymin>138</ymin><xmax>104</xmax><ymax>172</ymax></bndbox></object><object><name>disease</name><bndbox><xmin>149</xmin><ymin>111</ymin><xmax>202</xmax><ymax>138</ymax></bndbox></object><object><name>disease</name><bndbox><xmin>93</xmin><ymin>113</ymin><xmax>132</xmax><ymax>135</ymax></bndbox></object><object><name>disease</name><bndbox><xmin>126</xmin><ymin>113</ymin><xmax>195</xmax><ymax>154</ymax></bndbox></object><object><name>disease</name><bndbox><xmin>19</xmin><ymin>120</ymin><xmax>99</xmax><ymax>177</ymax></bndbox></object><object><name>disease</name><bndbox><xmin>89</xmin><ymin>80</ymin><xmax>118</xmax><ymax>91</ymax></bndbox></object><object><name>disease</name><bndbox><xmin>72</xmin><ymin>13</ymin><xmax>95</xmax><ymax>58</ymax></bndbox></object><object><name>disease</name><bndbox><xmin>92</xmin><ymin>197</ymin><xmax>118</xmax><ymax>215</ymax></bndbox></object><object><name>disease</name><bndbox><xmin>139</xmin><ymin>173</ymin><xmax>169</xmax><ymax>203</ymax></bndbox></object><object><name>disease</name><bndbox><xmin>111</xmin><ymin>114</ymin><xmax>133</xmax><ymax>146</ymax></bndbox></object><object><name>disease</name><bndbox><xmin>7</xmin><ymin>9</ymin><xmax>38</xmax><ymax>64</ymax></bndbox></object></annotation>