<annotation><filename>S_RR (77).jpg</filename><size><width>224</width><height>224</height><depth>3</depth></size><object><name>disease</name><bndbox><xmin>122</xmin><ymin>117</ymin><xmax>138</xmax><ymax>132</ymax></bndbox></object><object><name>disease</name><bndbox><xmin>37</xmin><ymin>63</ymin><xmax>74</xmax><ymax>96</ymax></bndbox></object><object><name>disease</name><bndbox><xmin>75</xmin><ymin>122</ymin><xmax>109</xmax><ymax>154</ymax></bndbox></object><object><name>disease</name><bndbox><xmin>52</xmin><ymin>119</ymin><xmax>76</xmax><ymax>135</ymax></bndbox></object><object><name>disease</name><bndbox><xmin>96</xmin><ymin>203</ymin><xmax>128</xmax><ymax>223</ymax></bndbox></object><object><name>disease</name><bndbox><xmin>116</xmin><ymin>183</ymin><xmax>144</xmax><ymax>205</ymax></bndbox></object><object><name>disease</name><bndbox><xmin>21</xmin><ymin>82</ymin><xmax>31</xmax><ymax>98</ymax></bndbox></object><object><name>disease</name><bndbox><xmin>131</xmin><ymin>8</ymin><xmax>160</xmax><ymax>48</ymax></bndbox></object><object><name>disease</name><bndbox><xmin>150</xmin><ymin>124</ymin><xmax>172</xmax><ymax>165</ymax></bndbox></object><object><name>disease</name><bndbox><xmin>9</xmin><ymin>131</ymin><xmax>39</xmax><ymax>148</ymax></bndbox></object><object><name>disease</name><bndbox><xmin>106</xmin><ymin>182</ymin><xmax>163</xmax><ymax>205</ymax></bndbox></object></annotation>