<annotation><filename>S_RR (68).jpg</filename><size><width>224</width><height>224</height><depth>3</depth></size><object><name>disease</name><bndbox><xmin>25</xmin><ymin>45</ymin><xmax>97</xmax><ymax>103</ymax></bndbox></object><object><name>disease</name><bndbox><xmin>122</xmin><ymin>88</ymin><xmax>161</xmax><ymax>117</ymax></bndbox></object><object><name>disease</name><bndbox><xmin>59</xmin><ymin>78</ymin><xmax>96</xmax><ymax>98</ymax></bndbox></object><object><name>disease</name><bndbox><xmin>116</xmin><ymin>156</ymin><xmax>211</xmax><ymax>216</ymax></bndbox></object><object><name>disease</name><bndbox><xmin>150</xmin><ymin>42</ymin><xmax>167</xmax><ymax>64</ymax></bndbox></object><object><name>disease</name><bndbox><xmin>171</xmin><ymin>95</ymin><xmax>206</xmax><ymax>122</ymax></bndbox></object><object><name>disease</name><bndbox><xmin>69</xmin><ymin>158</ymin><xmax>112</xmax><ymax>190</ymax></bndbox></object><object><name>disease</name><bndbox><xmin>192</xmin><ymin>16</ymin><xmax>214</xmax><ymax>30</ymax></bndbox></object></annotation>