<annotation><filename>S_RR (76).jpg</filename><size><width>224</width><height>224</height><depth>3</depth></size><object><name>disease</name><bndbox><xmin>102</xmin><ymin>66</ymin><xmax>127</xmax><ymax>99</ymax></bndbox></object><object><name>disease</name><bndbox><xmin>185</xmin><ymin>16</ymin><xmax>205</xmax><ymax>58</ymax></bndbox></object><object><name>disease</name><bndbox><xmin>144</xmin><ymin>132</ymin><xmax>166</xmax><ymax>154</ymax></bndbox></object><object><name>disease</name><bndbox><xmin>0</xmin><ymin>70</ymin><xmax>11</xmax><ymax>95</ymax></bndbox></object><object><name>disease</name><bndbox><xmin>86</xmin><ymin>159</ymin><xmax>105</xmax><ymax>182</ymax></bndbox></object><object><name>disease</name><bndbox><xmin>104</xmin><ymin>11</ymin><xmax>131</xmax><ymax>50</ymax></bndbox></object><object><name>disease</name><bndbox><xmin>129</xmin><ymin>102</ymin><xmax>160</xmax><ymax>130</ymax></bndbox></object><object><name>disease</name><bndbox><xmin>143</xmin><ymin>16</ymin><xmax>157</xmax><ymax>47</ymax></bndbox></object><object><name>disease</name><bndbox><xmin>198</xmin><ymin>94</ymin><xmax>220</xmax><ymax>156</ymax></bndbox></object></annotation>