<annotation><filename>S_RR (36).jpg</filename><size><width>224</width><height>224</height><depth>3</depth></size><object><name>disease</name><bndbox><xmin>73</xmin><ymin>46</ymin><xmax>100</xmax><ymax>71</ymax></bndbox></object><object><name>disease</name><bndbox><xmin>31</xmin><ymin>155</ymin><xmax>50</xmax><ymax>180</ymax></bndbox></object><object><name>disease</name><bndbox><xmin>47</xmin><ymin>148</ymin><xmax>80</xmax><ymax>185</ymax></bndbox></object><object><name>disease</name><bndbox><xmin>19</xmin><ymin>149</ymin><xmax>87</xmax><ymax>186</ymax></bndbox></object></annotation>