<annotation><filename>S_RR (80).jpg</filename><size><width>224</width><height>224</height><depth>3</depth></size><object><name>disease</name><bndbox><xmin>78</xmin><ymin>76</ymin><xmax>93</xmax><ymax>100</ymax></bndbox></object><object><name>disease</name><bndbox><xmin>0</xmin><ymin>156</ymin><xmax>27</xmax><ymax>189</ymax></bndbox></object><object><name>disease</name><bndbox><xmin>69</xmin><ymin>204</ymin><xmax>103</xmax><ymax>224</ymax></bndbox></object><object><name>disease</name><bndbox><xmin>120</xmin><ymin>140</ymin><xmax>157</xmax><ymax>158</ymax></bndbox></object></annotation>