<annotation><filename>S_RR (61).jpg</filename><size><width>224</width><height>224</height><depth>3</depth></size><object><name>disease</name><bndbox><xmin>0</xmin><ymin>93</ymin><xmax>12</xmax><ymax>121</ymax></bndbox></object><object><name>disease</name><bndbox><xmin>88</xmin><ymin>80</ymin><xmax>129</xmax><ymax>107</ymax></bndbox></object><object><name>disease</name><bndbox><xmin>3</xmin><ymin>158</ymin><xmax>41</xmax><ymax>198</ymax></bndbox></object><object><name>disease</name><bndbox><xmin>142</xmin><ymin>125</ymin><xmax>176</xmax><ymax>157</ymax></bndbox></object><object><name>disease</name><bndbox><xmin>64</xmin><ymin>139</ymin><xmax>126</xmax><ymax>185</ymax></bndbox></object><object><name>disease</name><bndbox><xmin>5</xmin><ymin>7</ymin><xmax>58</xmax><ymax>79</ymax></bndbox></object><object><name>disease</name><bndbox><xmin>153</xmin><ymin>40</ymin><xmax>184</xmax><ymax>90</ymax></bndbox></object></annotation>