<annotation><filename>S_RR (94).jpg</filename><size><width>224</width><height>224</height><depth>3</depth></size><object><name>disease</name><bndbox><xmin>43</xmin><ymin>78</ymin><xmax>55</xmax><ymax>112</ymax></bndbox></object><object><name>disease</name><bndbox><xmin>149</xmin><ymin>4</ymin><xmax>167</xmax><ymax>47</ymax></bndbox></object><object><name>disease</name><bndbox><xmin>96</xmin><ymin>7</ymin><xmax>109</xmax><ymax>35</ymax></bndbox></object><object><name>disease</name><bndbox><xmin>57</xmin><ymin>46</ymin><xmax>78</xmax><ymax>98</ymax></bndbox></object></annotation>