<annotation><filename>S_RR (62).jpg</filename><size><width>224</width><height>224</height><depth>3</depth></size><object><name>disease</name><bndbox><xmin>166</xmin><ymin>136</ymin><xmax>184</xmax><ymax>166</ymax></bndbox></object><object><name>disease</name><bndbox><xmin>92</xmin><ymin>90</ymin><xmax>119</xmax><ymax>136</ymax></bndbox></object><object><name>disease</name><bndbox><xmin>37</xmin><ymin>59</ymin><xmax>85</xmax><ymax>127</ymax></bndbox></object><object><name>disease</name><bndbox><xmin>45</xmin><ymin>60</ymin><xmax>105</xmax><ymax>162</ymax></bndbox></object><object><name>disease</name><bndbox><xmin>50</xmin><ymin>131</ymin><xmax>63</xmax><ymax>161</ymax></bndbox></object><object><name>disease</name><bndbox><xmin>35</xmin><ymin>40</ymin><xmax>129</xmax><ymax>197</ymax></bndbox></object><object><name>disease</name><bndbox><xmin>91</xmin><ymin>10</ymin><xmax>109</xmax><ymax>36</ymax></bndbox></object></annotation>