<annotation><filename>S_RR (85).jpg</filename><size><width>224</width><height>224</height><depth>3</depth></size><object><name>disease</name><bndbox><xmin>20</xmin><ymin>44</ymin><xmax>63</xmax><ymax>75</ymax></bndbox></object><object><name>disease</name><bndbox><xmin>79</xmin><ymin>34</ymin><xmax>111</xmax><ymax>72</ymax></bndbox></object><object><name>disease</name><bndbox><xmin>0</xmin><ymin>39</ymin><xmax>8</xmax><ymax>63</ymax></bndbox></object><object><name>disease</name><bndbox><xmin>194</xmin><ymin>50</ymin><xmax>224</xmax><ymax>78</ymax></bndbox></object></annotation>