<annotation><filename>S_RR (91).jpg</filename><size><width>224</width><height>224</height><depth>3</depth></size><object><name>disease</name><bndbox><xmin>5</xmin><ymin>184</ymin><xmax>55</xmax><ymax>218</ymax></bndbox></object><object><name>disease</name><bndbox><xmin>106</xmin><ymin>76</ymin><xmax>122</xmax><ymax>102</ymax></bndbox></object><object><name>disease</name><bndbox><xmin>112</xmin><ymin>138</ymin><xmax>144</xmax><ymax>201</ymax></bndbox></object><object><name>disease</name><bndbox><xmin>0</xmin><ymin>139</ymin><xmax>11</xmax><ymax>167</ymax></bndbox></object></annotation>