<annotation><filename>stigminaleafspots_463c9087_85d8273a_large.jpg</filename><size><width>224</width><height>224</height><depth>3</depth></size><object><name>disease</name><bndbox><xmin>135</xmin><ymin>176</ymin><xmax>173</xmax><ymax>201</ymax></bndbox></object><object><name>disease</name><bndbox><xmin>111</xmin><ymin>73</ymin><xmax>140</xmax><ymax>89</ymax></bndbox></object><object><name>disease</name><bndbox><xmin>168</xmin><ymin>163</ymin><xmax>184</xmax><ymax>178</ymax></bndbox></object><object><name>disease</name><bndbox><xmin>167</xmin><ymin>148</ymin><xmax>186</xmax><ymax>182</ymax></bndbox></object><object><name>disease</name><bndbox><xmin>83</xmin><ymin>71</ymin><xmax>101</xmax><ymax>94</ymax></bndbox></object><object><name>disease</name><bndbox><xmin>79</xmin><ymin>44</ymin><xmax>100</xmax><ymax>72</ymax></bndbox></object><object><name>disease</name><bndbox><xmin>63</xmin><ymin>181</ymin><xmax>82</xmax><ymax>194</ymax></bndbox></object><object><name>disease</name><bndbox><xmin>73</xmin><ymin>129</ymin><xmax>83</xmax><ymax>140</ymax></bndbox></object><object><name>disease</name><bndbox><xmin>163</xmin><ymin>126</ymin><xmax>174</xmax><ymax>138</ymax></bndbox></object><object><name>disease</name><bndbox><xmin>131</xmin><ymin>46</ymin><xmax>162</xmax><ymax>71</ymax></bndbox></object><object><name>disease</name><bndbox><xmin>131</xmin><ymin>99</ymin><xmax>169</xmax><ymax>124</ymax></bndbox></object></annotation>