<annotation><filename>tomato-early-blight1x2400.jpg</filename><size><width>224</width><height>224</height><depth>3</depth></size><object><name>disease</name><bndbox><xmin>148</xmin><ymin>152</ymin><xmax>170</xmax><ymax>195</ymax></bndbox></object><object><name>disease</name><bndbox><xmin>49</xmin><ymin>16</ymin><xmax>73</xmax><ymax>46</ymax></bndbox></object><object><name>disease</name><bndbox><xmin>168</xmin><ymin>91</ymin><xmax>186</xmax><ymax>123</ymax></bndbox></object><object><name>disease</name><bndbox><xmin>198</xmin><ymin>74</ymin><xmax>224</xmax><ymax>109</ymax></bndbox></object><object><name>disease</name><bndbox><xmin>30</xmin><ymin>53</ymin><xmax>49</xmax><ymax>87</ymax></bndbox></object><object><name>disease</name><bndbox><xmin>5</xmin><ymin>19</ymin><xmax>25</xmax><ymax>61</ymax></bndbox></object><object><name>disease</name><bndbox><xmin>73</xmin><ymin>156</ymin><xmax>94</xmax><ymax>177</ymax></bndbox></object><object><name>disease</name><bndbox><xmin>53</xmin><ymin>82</ymin><xmax>87</xmax><ymax>119</ymax></bndbox></object><object><name>disease</name><bndbox><xmin>112</xmin><ymin>172</ymin><xmax>129</xmax><ymax>203</ymax></bndbox></object><object><name>disease</name><bndbox><xmin>189</xmin><ymin>44</ymin><xmax>207</xmax><ymax>63</ymax></bndbox></object><object><name>disease</name><bndbox><xmin>0</xmin><ymin>93</ymin><xmax>12</xmax><ymax>106</ymax></bndbox></object><object><name>disease</name><bndbox><xmin>82</xmin><ymin>125</ymin><xmax>102</xmax><ymax>143</ymax></bndbox></object><object><name>disease</name><bndbox><xmin>22</xmin><ymin>148</ymin><xmax>56</xmax><ymax>192</ymax></bndbox></object><object><name>disease</name><bndbox><xmin>120</xmin><ymin>68</ymin><xmax>145</xmax><ymax>123</ymax></bndbox></object><object><name>disease</name><bndbox><xmin>89</xmin><ymin>190</ymin><xmax>113</xmax><ymax>214</ymax></bndbox></object><object><name>disease</name><bndbox><xmin>35</xmin><ymin>103</ymin><xmax>49</xmax><ymax>117</ymax></bndbox></object><object><name>disease</name><bndbox><xmin>55</xmin><ymin>184</ymin><xmax>63</xmax><ymax>196</ymax></bndbox></object><object><name>disease</name><bndbox><xmin>118</xmin><ymin>43</ymin><xmax>152</xmax><ymax>129</ymax></bndbox></object></annotation>