<annotation><filename>tomato-disease-4-bacterial-spot-471x650.jpg</filename><size><width>224</width><height>224</height><depth>3</depth></size><object><name>disease</name><bndbox><xmin>65</xmin><ymin>118</ymin><xmax>80</xmax><ymax>135</ymax></bndbox></object><object><name>disease</name><bndbox><xmin>64</xmin><ymin>141</ymin><xmax>92</xmax><ymax>155</ymax></bndbox></object><object><name>disease</name><bndbox><xmin>97</xmin><ymin>109</ymin><xmax>108</xmax><ymax>126</ymax></bndbox></object><object><name>disease</name><bndbox><xmin>156</xmin><ymin>30</ymin><xmax>174</xmax><ymax>69</ymax></bndbox></object><object><name>disease</name><bndbox><xmin>126</xmin><ymin>125</ymin><xmax>149</xmax><ymax>143</ymax></bndbox></object><object><name>disease</name><bndbox><xmin>127</xmin><ymin>101</ymin><xmax>144</xmax><ymax>115</ymax></bndbox></object><object><name>disease</name><bndbox><xmin>134</xmin><ymin>157</ymin><xmax>144</xmax><ymax>166</ymax></bndbox></object><object><name>disease</name><bndbox><xmin>67</xmin><ymin>85</ymin><xmax>95</xmax><ymax>120</ymax></bndbox></object><object><name>disease</name><bndbox><xmin>74</xmin><ymin>153</ymin><xmax>96</xmax><ymax>175</ymax></bndbox></object><object><name>disease</name><bndbox><xmin>121</xmin><ymin>148</ymin><xmax>142</xmax><ymax>169</ymax></bndbox></object></annotation>