<annotation><filename>tomato-early-blight-alternaria.jpg</filename><size><width>224</width><height>224</height><depth>3</depth></size><object><name>disease</name><bndbox><xmin>116</xmin><ymin>104</ymin><xmax>163</xmax><ymax>156</ymax></bndbox></object><object><name>disease</name><bndbox><xmin>45</xmin><ymin>92</ymin><xmax>100</xmax><ymax>154</ymax></bndbox></object><object><name>disease</name><bndbox><xmin>154</xmin><ymin>46</ymin><xmax>195</xmax><ymax>85</ymax></bndbox></object><object><name>disease</name><bndbox><xmin>149</xmin><ymin>50</ymin><xmax>205</xmax><ymax>142</ymax></bndbox></object></annotation>