<annotation><filename>white-spots-on-cucumber-leaves-1140x694.jpg</filename><size><width>224</width><height>224</height><depth>3</depth></size><object><name>disease</name><bndbox><xmin>155</xmin><ymin>154</ymin><xmax>179</xmax><ymax>186</ymax></bndbox></object><object><name>disease</name><bndbox><xmin>102</xmin><ymin>8</ymin><xmax>130</xmax><ymax>49</ymax></bndbox></object><object><name>disease</name><bndbox><xmin>58</xmin><ymin>12</ymin><xmax>82</xmax><ymax>41</ymax></bndbox></object><object><name>disease</name><bndbox><xmin>161</xmin><ymin>87</ymin><xmax>208</xmax><ymax>207</ymax></bndbox></object></annotation>