<annotation><filename>xantam02.jpg</filename><size><width>224</width><height>224</height><depth>3</depth></size><object><name>disease</name><bndbox><xmin>160</xmin><ymin>6</ymin><xmax>184</xmax><ymax>29</ymax></bndbox></object><object><name>disease</name><bndbox><xmin>173</xmin><ymin>120</ymin><xmax>188</xmax><ymax>144</ymax></bndbox></object><object><name>disease</name><bndbox><xmin>82</xmin><ymin>105</ymin><xmax>112</xmax><ymax>130</ymax></bndbox></object><object><name>disease</name><bndbox><xmin>102</xmin><ymin>78</ymin><xmax>113</xmax><ymax>104</ymax></bndbox></object><object><name>disease</name><bndbox><xmin>97</xmin><ymin>44</ymin><xmax>110</xmax><ymax>68</ymax></bndbox></object><object><name>disease</name><bndbox><xmin>92</xmin><ymin>154</ymin><xmax>110</xmax><ymax>183</ymax></bndbox></object><object><name>disease</name><bndbox><xmin>12</xmin><ymin>86</ymin><xmax>59</xmax><ymax>190</ymax></bndbox></object><object><name>disease</name><bndbox><xmin>71</xmin><ymin>7</ymin><xmax>93</xmax><ymax>58</ymax></bndbox></object><object><name>disease</name><bndbox><xmin>137</xmin><ymin>138</ymin><xmax>178</xmax><ymax>174</ymax></bndbox></object><object><name>disease</name><bndbox><xmin>14</xmin><ymin>15</ymin><xmax>58</xmax><ymax>145</ymax></bndbox></object><object><name>disease</name><bndbox><xmin>22</xmin><ymin>129</ymin><xmax>53</xmax><ymax>170</ymax></bndbox></object><object><name>disease</name><bndbox><xmin>6</xmin><ymin>8</ymin><xmax>82</xmax><ymax>219</ymax></bndbox></object><object><name>disease</name><bndbox><xmin>138</xmin><ymin>156</ymin><xmax>149</xmax><ymax>171</ymax></bndbox></object></annotation>