<annotation><filename>xantam03.jpg</filename><size><width>224</width><height>224</height><depth>3</depth></size><object><name>disease</name><bndbox><xmin>58</xmin><ymin>55</ymin><xmax>82</xmax><ymax>76</ymax></bndbox></object><object><name>disease</name><bndbox><xmin>49</xmin><ymin>3</ymin><xmax>86</xmax><ymax>38</ymax></bndbox></object><object><name>disease</name><bndbox><xmin>56</xmin><ymin>160</ymin><xmax>67</xmax><ymax>177</ymax></bndbox></object><object><name>disease</name><bndbox><xmin>21</xmin><ymin>16</ymin><xmax>53</xmax><ymax>42</ymax></bndbox></object><object><name>disease</name><bndbox><xmin>92</xmin><ymin>82</ymin><xmax>104</xmax><ymax>103</ymax></bndbox></object><object><name>disease</name><bndbox><xmin>202</xmin><ymin>68</ymin><xmax>215</xmax><ymax>80</ymax></bndbox></object><object><name>disease</name><bndbox><xmin>26</xmin><ymin>39</ymin><xmax>40</xmax><ymax>52</ymax></bndbox></object><object><name>disease</name><bndbox><xmin>195</xmin><ymin>18</ymin><xmax>216</xmax><ymax>51</ymax></bndbox></object><object><name>disease</name><bndbox><xmin>72</xmin><ymin>78</ymin><xmax>95</xmax><ymax>112</ymax></bndbox></object><object><name>disease</name><bndbox><xmin>70</xmin><ymin>158</ymin><xmax>88</xmax><ymax>177</ymax></bndbox></object><object><name>disease</name><bndbox><xmin>85</xmin><ymin>130</ymin><xmax>94</xmax><ymax>148</ymax></bndbox></object><object><name>disease</name><bndbox><xmin>103</xmin><ymin>145</ymin><xmax>114</xmax><ymax>157</ymax></bndbox></object></annotation>